#pragma once
#include "glyph.h"
#pragma once
const uint8_t Roboto28Bitmaps[47212] = {
    0xF4, 0xFF, 0xFF, 0x03, 0xF3, 0xFF, 0xFF, 0x03, 0xF3, 0xFF, 0xFF, 0x02, 0xF3, 0xFF, 0xFF, 0x02,
    0xF3, 0xFF, 0xFF, 0x02, 0xF3, 0xFF, 0xFF, 0x02, 0xF3, 0xFF, 0xFF, 0x02, 0xF2, 0xFF, 0xFF, 0x01,
    0xF2, 0xFF, 0xFF, 0x01, 0xF2, 0xFF, 0xFF, 0x01, 0xF2, 0xFF, 0xFF, 0x01, 0xF2, 0xFF, 0xFF, 0x01,
    0xF1, 0xFF, 0xFF, 0x00, 0xF1, 0xFF, 0xFF, 0x00, 0xF1, 0xFF, 0xFF, 0x00, 0xF1, 0xFF, 0xFF, 0x00,
    0xF1, 0xFF, 0xFF, 0x00, 0xF0, 0xFF, 0xFF, 0x00, 0xF0, 0xFF, 0xFF, 0x00, 0xF0, 0xFF, 0xFF, 0x00,
    0xF0, 0xFF, 0xFF, 0x00, 0xF0, 0xFF, 0xEF, 0x00, 0xF0, 0xFF, 0xEF, 0x00, 0xF0, 0xFF, 0xEF, 0x00,
    0xF0, 0xFF, 0xEF, 0x00, 0xF0, 0xFF, 0xEF, 0x00, 0xF0, 0xFF, 0xDF, 0x00, 0xE0, 0xFF, 0xDF, 0x00,
    0xE0, 0xFF, 0xDF, 0x00, 0x20, 0x22, 0x12, 0x00, 0x00, 0x00, 0x00, 0x00, 0x00, 0x00, 0x00, 0x00,
    0x00, 0x00, 0x00, 0x00, 0x00, 0x00, 0x00, 0x00, 0x00, 0x00, 0x00, 0x00, 0x30, 0xEC, 0x5C, 0x00,
    0xF1, 0xFF, 0xFF, 0x04, 0xF6, 0xFF, 0xFF, 0x0A, 0xF6, 0xFF, 0xFF, 0x0A, 0xF1, 0xFF, 0xFF, 0x05,
    0x40, 0xFC, 0x7D, 0x00, 0xF2, 0xFF, 0x0D, 0x00, 0xF7, 0xFF, 0x07, 0xF2, 0xFF, 0x0D, 0x00, 0xF7,
    0xFF, 0x07, 0xF2, 0xFF, 0x0D, 0x00, 0xF7, 0xFF, 0x07, 0xF2, 0xFF, 0x0D, 0x00, 0xF7, 0xFF, 0x07,
    0xF2, 0xFF, 0x0C, 0x00, 0xF7, 0xFF, 0x06, 0xF2, 0xFF, 0x0B, 0x00, 0xF7, 0xFF, 0x05, 0xF2, 0xFF,
    0x09, 0x00, 0xF7, 0xFF, 0x04, 0xF2, 0xFF, 0x08, 0x00, 0xF7, 0xFF, 0x02, 0xF2, 0xFF, 0x07, 0x00,
    0xF7, 0xFF, 0x01, 0xF2, 0xFF, 0x05, 0x00, 0xF7, 0xFF, 0x00, 0xF2, 0xFF, 0x04, 0x00, 0xF7, 0xEF,
    0x00, 0xF2, 0xFF, 0x03, 0x00, 0xF7, 0xDF, 0x00, 0xF2, 0xFF, 0x01, 0x00, 0xF7, 0xCF, 0x00, 0xF2,
    0xFF, 0x00, 0x00, 0xF8, 0xAF, 0x00, 0x00, 0x00, 0x00, 0x00, 0x00, 0x00, 0xF3, 0xFF, 0x0D, 0x00,
    0x00, 0x00, 0xFA, 0xFF, 0x06, 0x00, 0x00, 0x00, 0x00, 0x00, 0x00, 0x00, 0xF6, 0xFF, 0x0A, 0x00,
    0x00, 0x00, 0xFE, 0xFF, 0x03, 0x00, 0x00, 0x00, 0x00, 0x00, 0x00, 0x00, 0xF9, 0xFF, 0x07, 0x00,
    0x00, 0x10, 0xFF, 0xFF, 0x00, 0x00, 0x00, 0x00, 0x00, 0x00, 0x00, 0x00, 0xFD, 0xFF, 0x03, 0x00,
    0x00, 0x40, 0xFF, 0xCF, 0x00, 0x00, 0x00, 0x00, 0x00, 0x00, 0x00, 0x00, 0xFF, 0xFF, 0x00, 0x00,
    0x00, 0x80, 0xFF, 0x9F, 0x00, 0x00, 0x00, 0x00, 0x00, 0x00, 0x00, 0x30, 0xFF, 0xCF, 0x00, 0x00,
    0x00, 0xB0, 0xFF, 0x5F, 0x00, 0x00, 0x00, 0x00, 0x00, 0x00, 0x00, 0x70, 0xFF, 0x9F, 0x00, 0x00,
    0x00, 0xE0, 0xFF, 0x2F, 0x00, 0x00, 0x00, 0x00, 0x00, 0x00, 0x00, 0xA0, 0xFF, 0x6F, 0x00, 0x00,
    0x00, 0xF2, 0xFF, 0x0E, 0x00, 0x00, 0x00, 0x00, 0x00, 0x00, 0x00, 0xE0, 0xFF, 0x2F, 0x00, 0x00,
    0x00, 0xF5, 0xFF, 0x0B, 0x00, 0x00, 0x00, 0x00, 0x00, 0x00, 0x00, 0xF1, 0xFF, 0x0F, 0x00, 0x00,
    0x00, 0xF9, 0xFF, 0x08, 0x00, 0x00, 0x00, 0x00, 0x00, 0x00, 0x00, 0xF4, 0xFF, 0x0B, 0x00, 0x00,
    0x00, 0xFC, 0xFF, 0x04, 0x00, 0x00, 0x00, 0xF7, 0xFF, 0xFF, 0xFF, 0xFF, 0xFF, 0xFF, 0xFF, 0xFF,
    0xFF, 0xFF, 0xFF, 0xFF, 0xFF, 0xFF, 0x00, 0xF7, 0xFF, 0xFF, 0xFF, 0xFF, 0xFF, 0xFF, 0xFF, 0xFF,
    0xFF, 0xFF, 0xFF, 0xFF, 0xFF, 0xFF, 0x00, 0xF7, 0xFF, 0xFF, 0xFF, 0xFF, 0xFF, 0xFF, 0xFF, 0xFF,
    0xFF, 0xFF, 0xFF, 0xFF, 0xFF, 0xFF, 0x00, 0xF7, 0xFF, 0xFF, 0xFF, 0xFF, 0xFF, 0xFF, 0xFF, 0xFF,
    0xFF, 0xFF, 0xFF, 0xFF, 0xFF, 0xEF, 0x00, 0x00, 0x00, 0x00, 0x40, 0xFF, 0xCF, 0x00, 0x00, 0x00,
    0xC0, 0xFF, 0x5F, 0x00, 0x00, 0x00, 0x00, 0x00, 0x00, 0x00, 0x70, 0xFF, 0x9F, 0x00, 0x00, 0x00,
    0xF0, 0xFF, 0x2F, 0x00, 0x00, 0x00, 0x00, 0x00, 0x00, 0x00, 0xA0, 0xFF, 0x6F, 0x00, 0x00, 0x00,
    0xF2, 0xFF, 0x0E, 0x00, 0x00, 0x00, 0x00, 0x00, 0x00, 0x00, 0xD0, 0xFF, 0x2F, 0x00, 0x00, 0x00,
    0xF5, 0xFF, 0x0B, 0x00, 0x00, 0x00, 0x00, 0x00, 0x00, 0x00, 0xF0, 0xFF, 0x0F, 0x00, 0x00, 0x00,
    0xF8, 0xFF, 0x08, 0x00, 0x00, 0x00, 0x00, 0x00, 0x00, 0x00, 0xF4, 0xFF, 0x0C, 0x00, 0x00, 0x00,
    0xFB, 0xFF, 0x05, 0x00, 0x00, 0x00, 0x00, 0x00, 0x00, 0x00, 0xF7, 0xFF, 0x09, 0x00, 0x00, 0x00,
    0xFE, 0xFF, 0x02, 0x00, 0x00, 0x00, 0x00, 0x00, 0x00, 0x00, 0xFA, 0xFF, 0x06, 0x00, 0x00, 0x10,
    0xFF, 0xFF, 0x00, 0x00, 0x00, 0x00, 0x00, 0x00, 0x00, 0x00, 0xFD, 0xFF, 0x03, 0x00, 0x00, 0x40,
    0xFF, 0xCF, 0x00, 0x00, 0x00, 0x00, 0x00, 0x00, 0x00, 0x00, 0xFF, 0xFF, 0x00, 0x00, 0x00, 0x70,
    0xFF, 0x9F, 0x00, 0x00, 0x00, 0x00, 0xFA, 0xFF, 0xFF, 0xFF, 0xFF, 0xFF, 0xFF, 0xFF, 0xFF, 0xFF,
    0xFF, 0xFF, 0xFF, 0xFF, 0xDF, 0x00, 0xFA, 0xFF, 0xFF, 0xFF, 0xFF, 0xFF, 0xFF, 0xFF, 0xFF, 0xFF,
    0xFF, 0xFF, 0xFF, 0xFF, 0xDF, 0x00, 0xFA, 0xFF, 0xFF, 0xFF, 0xFF, 0xFF, 0xFF, 0xFF, 0xFF, 0xFF,
    0xFF, 0xFF, 0xFF, 0xFF, 0xDF, 0x00, 0xE8, 0xEE, 0xEE, 0xFE, 0xFF, 0xEF, 0xEE, 0xEE, 0xEE, 0xFE,
    0xFF, 0xEF, 0xEE, 0xEE, 0xCE, 0x00, 0x00, 0x00, 0x00, 0xF0, 0xFF, 0x1F, 0x00, 0x00, 0x00, 0xF7,
    0xFF, 0x0A, 0x00, 0x00, 0x00, 0x00, 0x00, 0x00, 0x00, 0xF2, 0xFF, 0x0E, 0x00, 0x00, 0x00, 0xFA,
    0xFF, 0x07, 0x00, 0x00, 0x00, 0x00, 0x00, 0x00, 0x00, 0xF5, 0xFF, 0x0B, 0x00, 0x00, 0x00, 0xFD,
    0xFF, 0x04, 0x00, 0x00, 0x00, 0x00, 0x00, 0x00, 0x00, 0xF8, 0xFF, 0x08, 0x00, 0x00, 0x00, 0xFF,
    0xFF, 0x01, 0x00, 0x00, 0x00, 0x00, 0x00, 0x00, 0x00, 0xFB, 0xFF, 0x05, 0x00, 0x00, 0x30, 0xFF,
    0xEF, 0x00, 0x00, 0x00, 0x00, 0x00, 0x00, 0x00, 0x00, 0xFE, 0xFF, 0x02, 0x00, 0x00, 0x60, 0xFF,
    0xBF, 0x00, 0x00, 0x00, 0x00, 0x00, 0x00, 0x00, 0x10, 0xFF, 0xFF, 0x00, 0x00, 0x00, 0x90, 0xFF,
    0x8F, 0x00, 0x00, 0x00, 0x00, 0x00, 0x00, 0x00, 0x40, 0xFF, 0xCF, 0x00, 0x00, 0x00, 0xC0, 0xFF,
    0x5F, 0x00, 0x00, 0x00, 0x00, 0x00, 0x00, 0x00, 0x70, 0xFF, 0x9F, 0x00, 0x00, 0x00, 0xE0, 0xFF,
    0x2F, 0x00, 0x00, 0x00, 0x00, 0x00, 0x00, 0x00, 0xA0, 0xFF, 0x6F, 0x00, 0x00, 0x00, 0xF2, 0xFF,
    0x0F, 0x00, 0x00, 0x00, 0x00, 0x00, 0x00, 0x00, 0xD0, 0xFF, 0x3F, 0x00, 0x00, 0x00, 0xF5, 0xFF,
    0x0C, 0x00, 0x00, 0x00, 0x00, 0x00, 0x00, 0x00, 0xF0, 0xFF, 0x0F, 0x00, 0x00, 0x00, 0xF8, 0xFF,
    0x09, 0x00, 0x00, 0x00, 0x00, 0x00, 0x00, 0x00, 0x00, 0x00, 0x00, 0x00, 0x33, 0x33, 0x00, 0x00,
    0x00, 0x00, 0x00, 0x00, 0x00, 0x00, 0x00, 0x00, 0x00, 0x20, 0xFF, 0xFF, 0x01, 0x00, 0x00, 0x00,
    0x00, 0x00, 0x00, 0x00, 0x00, 0x00, 0x00, 0x20, 0xFF, 0xFF, 0x01, 0x00, 0x00, 0x00, 0x00, 0x00,
    0x00, 0x00, 0x00, 0x00, 0x00, 0x20, 0xFF, 0xFF, 0x01, 0x00, 0x00, 0x00, 0x00, 0x00, 0x00, 0x00,
    0x00, 0x00, 0x00, 0x20, 0xFF, 0xFF, 0x01, 0x00, 0x00, 0x00, 0x00, 0x00, 0x00, 0x00, 0x00, 0x00,
    0x00, 0x20, 0xFF, 0xFF, 0x01, 0x00, 0x00, 0x00, 0x00, 0x00, 0x00, 0x00, 0x00, 0x00, 0x00, 0x20,
    0xFF, 0xFF, 0x01, 0x00, 0x00, 0x00, 0x00, 0x00, 0x00, 0x00, 0x00, 0x00, 0x82, 0xEB, 0xFF, 0xFF,
    0xAD, 0x06, 0x00, 0x00, 0x00, 0x00, 0x00, 0x00, 0x00, 0xB2, 0xFF, 0xFF, 0xFF, 0xFF, 0xFF, 0xEF,
    0x07, 0x00, 0x00, 0x00, 0x00, 0x00, 0x70, 0xFF, 0xFF, 0xFF, 0xFF, 0xFF, 0xFF, 0xFF, 0xCF, 0x01,
    0x00, 0x00, 0x00, 0x00, 0xF8, 0xFF, 0xFF, 0xFF, 0xFF, 0xFF, 0xFF, 0xFF, 0xFF, 0x1D, 0x00, 0x00,
    0x00, 0x50, 0xFF, 0xFF, 0xFF, 0xCF, 0x79, 0xA8, 0xFF, 0xFF, 0xFF, 0xBF, 0x00, 0x00, 0x00, 0xE0,
    0xFF, 0xFF, 0x9F, 0x01, 0x00, 0x00, 0x80, 0xFF, 0xFF, 0xFF, 0x06, 0x00, 0x00, 0xF6, 0xFF, 0xFF,
    0x07, 0x00, 0x00, 0x00, 0x00, 0xF5, 0xFF, 0xFF, 0x0D, 0x00, 0x00, 0xFC, 0xFF, 0xCF, 0x00, 0x00,
    0x00, 0x00, 0x00, 0x90, 0xFF, 0xFF, 0x4F, 0x00, 0x00, 0xFF, 0xFF, 0x5F, 0x00, 0x00, 0x00, 0x00,
    0x00, 0x00, 0xFF, 0xFF, 0x8F, 0x00, 0x20, 0xFF, 0xFF, 0x1F, 0x00, 0x00, 0x00, 0x00, 0x00, 0x00,
    0xF9, 0xFF, 0xCF, 0x00, 0x40, 0xFF, 0xFF, 0x0F, 0x00, 0x00, 0x00, 0x00, 0x00, 0x00, 0xF6, 0xFF,
    0xEF, 0x00, 0x40, 0xFF, 0xFF, 0x0F, 0x00, 0x00, 0x00, 0x00, 0x00, 0x00, 0xF3, 0xFF, 0xFF, 0x00,
    0x30, 0xFF, 0xFF, 0x1F, 0x00, 0x00, 0x00, 0x00, 0x00, 0x00, 0xF2, 0xFF, 0xFF, 0x01, 0x10, 0xFF,
    0xFF, 0x6F, 0x00, 0x00, 0x00, 0x00, 0x00, 0x00, 0x20, 0x22, 0x22, 0x00, 0x00, 0xFC, 0xFF, 0xDF,
    0x00, 0x00, 0x00, 0x00, 0x00, 0x00, 0x00, 0x00, 0x00, 0x00, 0x00, 0xF7, 0xFF, 0xFF, 0x0B, 0x00,
    0x00, 0x00, 0x00, 0x00, 0x00, 0x00, 0x00, 0x00, 0x00, 0xF1, 0xFF, 0xFF, 0xDF, 0x03, 0x00, 0x00,
    0x00, 0x00, 0x00, 0x00, 0x00, 0x00, 0x00, 0x60, 0xFF, 0xFF, 0xFF, 0xBF, 0x04, 0x00, 0x00, 0x00,
    0x00, 0x00, 0x00, 0x00, 0x00, 0x00, 0xF9, 0xFF, 0xFF, 0xFF, 0xDF, 0x27, 0x00, 0x00, 0x00, 0x00,
    0x00, 0x00, 0x00, 0x00, 0x80, 0xFF, 0xFF, 0xFF, 0xFF, 0xFF, 0x6C, 0x00, 0x00, 0x00, 0x00, 0x00,
    0x00, 0x00, 0x00, 0xE4, 0xFF, 0xFF, 0xFF, 0xFF, 0xFF, 0x8F, 0x01, 0x00, 0x00, 0x00, 0x00, 0x00,
    0x00, 0x00, 0xE7, 0xFF, 0xFF, 0xFF, 0xFF, 0xFF, 0x6E, 0x00, 0x00, 0x00, 0x00, 0x00, 0x00, 0x00,
    0x00, 0xC6, 0xFF, 0xFF, 0xFF, 0xFF, 0xFF, 0x0A, 0x00, 0x00, 0x00, 0x00, 0x00, 0x00, 0x00, 0x00,
    0x71, 0xFD, 0xFF, 0xFF, 0xFF, 0xBF, 0x00, 0x00, 0x00, 0x00, 0x00, 0x00, 0x00, 0x00, 0x00, 0x30,
    0xFA, 0xFF, 0xFF, 0xFF, 0x09, 0x00, 0x00, 0x00, 0x00, 0x00, 0x00, 0x00, 0x00, 0x00, 0x30, 0xFD,
    0xFF, 0xFF, 0x3F, 0x00, 0x00, 0x00, 0x00, 0x00, 0x00, 0x00, 0x00, 0x00, 0x00, 0xA0, 0xFF, 0xFF,
    0xAF, 0x00, 0x00, 0x00, 0x00, 0x00, 0x00, 0x00, 0x00, 0x00, 0x00, 0x00, 0xFC, 0xFF, 0xFF, 0x00,
    0x00, 0x00, 0x00, 0x00, 0x00, 0x00, 0x00, 0x00, 0x00, 0x00, 0xF4, 0xFF, 0xFF, 0x04, 0xA8, 0xAA,
    0x3A, 0x00, 0x00, 0x00, 0x00, 0x00, 0x00, 0x00, 0xE0, 0xFF, 0xFF, 0x06, 0xFD, 0xFF, 0x6F, 0x00,
    0x00, 0x00, 0x00, 0x00, 0x00, 0x00, 0xC0, 0xFF, 0xFF, 0x07, 0xFB, 0xFF, 0x8F, 0x00, 0x00, 0x00,
    0x00, 0x00, 0x00, 0x00, 0xC0, 0xFF, 0xFF, 0x06, 0xF9, 0xFF, 0xCF, 0x00, 0x00, 0x00, 0x00, 0x00,
    0x00, 0x00, 0xE0, 0xFF, 0xFF, 0x05, 0xF5, 0xFF, 0xFF, 0x02, 0x00, 0x00, 0x00, 0x00, 0x00, 0x00,
    0xF3, 0xFF, 0xFF, 0x03, 0xF1, 0xFF, 0xFF, 0x0B, 0x00, 0x00, 0x00, 0x00, 0x00, 0x00, 0xFC, 0xFF,
    0xEF, 0x00, 0xA0, 0xFF, 0xFF, 0x8F, 0x00, 0x00, 0x00, 0x00, 0x00, 0x90, 0xFF, 0xFF, 0x9F, 0x00,
    0x20, 0xFF, 0xFF, 0xFF, 0x2B, 0x00, 0x00, 0x00, 0x40, 0xFC, 0xFF, 0xFF, 0x2F, 0x00, 0x00, 0xF7,
    0xFF, 0xFF, 0xFF, 0x9D, 0x78, 0xA8, 0xFE, 0xFF, 0xFF, 0xFF, 0x07, 0x00, 0x00, 0x90, 0xFF, 0xFF,
    0xFF, 0xFF, 0xFF, 0xFF, 0xFF, 0xFF, 0xFF, 0x9F, 0x00, 0x00, 0x00, 0x00, 0xF7, 0xFF, 0xFF, 0xFF,
    0xFF, 0xFF, 0xFF, 0xFF, 0xFF, 0x07, 0x00, 0x00, 0x00, 0x00, 0x20, 0xFB, 0xFF, 0xFF, 0xFF, 0xFF,
    0xFF, 0xFF, 0x2B, 0x00, 0x00, 0x00, 0x00, 0x00, 0x00, 0x10, 0xB7, 0xFD, 0xFF, 0xFF, 0xAD, 0x16,
    0x00, 0x00, 0x00, 0x00, 0x00, 0x00, 0x00, 0x00, 0x00, 0xA0, 0xFF, 0x8F, 0x00, 0x00, 0x00, 0x00,
    0x00, 0x00, 0x00, 0x00, 0x00, 0x00, 0x00, 0xA0, 0xFF, 0x8F, 0x00, 0x00, 0x00, 0x00, 0x00, 0x00,
    0x00, 0x00, 0x00, 0x00, 0x00, 0xA0, 0xFF, 0x8F, 0x00, 0x00, 0x00, 0x00, 0x00, 0x00, 0x00, 0x00,
    0x00, 0x00, 0x00, 0xA0, 0xFF, 0x8F, 0x00, 0x00, 0x00, 0x00, 0x00, 0x00, 0x00, 0x00, 0x00, 0x00,
    0x00, 0xA0, 0xFF, 0x8F, 0x00, 0x00, 0x00, 0x00, 0x00, 0x00, 0x00, 0x00, 0x00, 0x00, 0x00, 0x40,
    0x66, 0x36, 0x00, 0x00, 0x00, 0x00, 0x00, 0x00, 0x00, 0x00, 0x20, 0xC8, 0xFE, 0xCE, 0x17, 0x00,
    0x00, 0x00, 0x00, 0x00, 0x00, 0x00, 0x00, 0x00, 0x00, 0x00, 0x00, 0x00, 0x00, 0xF8, 0xFF, 0xFF,
    0xFF, 0xFF, 0x06, 0x00, 0x00, 0x00, 0x00, 0x00, 0x00, 0x00, 0x00, 0x00, 0x00, 0x00, 0x00, 0xB0,
    0xFF, 0xFF, 0xFF, 0xFF, 0xFF, 0x8F, 0x00, 0x00, 0x00, 0x00, 0x00, 0x00, 0x00, 0x00, 0x00, 0x00,
    0x00, 0x00, 0xF8, 0xFF, 0xDF, 0x78, 0xE8, 0xFF, 0xFF, 0x05, 0x00, 0x00, 0x00, 0x00, 0x00, 0x00,
    0x00, 0x00, 0x00, 0x00, 0x20, 0xFF, 0xFF, 0x07, 0x00, 0x00, 0xFA, 0xFF, 0x0E, 0x00, 0x00, 0x00,
    0x00, 0x00, 0x00, 0x00, 0x00, 0x00, 0x00, 0x80, 0xFF, 0xAF, 0x00, 0x00, 0x00, 0xD0, 0xFF, 0x5F,
    0x00, 0x00, 0x00, 0x00, 0x70, 0x09, 0x00, 0x00, 0x00, 0x00, 0xD0, 0xFF, 0x3F, 0x00, 0x00, 0x00,
    0x60, 0xFF, 0xAF, 0x00, 0x00, 0x00, 0x00, 0xF2, 0xEF, 0x04, 0x00, 0x00, 0x00, 0xF0, 0xFF, 0x0F,
    0x00, 0x00, 0x00, 0x20, 0xFF, 0xCF, 0x00, 0x00, 0x00, 0x00, 0xFB, 0xFF, 0x06, 0x00, 0x00, 0x00,
    0xF0, 0xFF, 0x0E, 0x00, 0x00, 0x00, 0x10, 0xFF, 0xDF, 0x00, 0x00, 0x00, 0x50, 0xFF, 0xCF, 0x00,
    0x00, 0x00, 0x00, 0xF0, 0xFF, 0x0E, 0x00, 0x00, 0x00, 0x10, 0xFF, 0xDF, 0x00, 0x00, 0x00, 0xE1,
    0xFF, 0x2F, 0x00, 0x00, 0x00, 0x00, 0xF0, 0xFF, 0x0E, 0x00, 0x00, 0x00, 0x10, 0xFF, 0xDF, 0x00,
    0x00, 0x00, 0xF9, 0xFF, 0x08, 0x00, 0x00, 0x00, 0x00, 0xF0, 0xFF, 0x0F, 0x00, 0x00, 0x00, 0x20,
    0xFF, 0xCF, 0x00, 0x00, 0x30, 0xFF, 0xDF, 0x00, 0x00, 0x00, 0x00, 0x00, 0xC0, 0xFF, 0x2F, 0x00,
    0x00, 0x00, 0x50, 0xFF, 0xAF, 0x00, 0x00, 0xD0, 0xFF, 0x4F, 0x00, 0x00, 0x00, 0x00, 0x00, 0x80,
    0xFF, 0xAF, 0x00, 0x00, 0x00, 0xC0, 0xFF, 0x6F, 0x00, 0x00, 0xF8, 0xFF, 0x0A, 0x00, 0x00, 0x00,
    0x00, 0x00, 0x20, 0xFF, 0xFF, 0x07, 0x00, 0x00, 0xF9, 0xFF, 0x0E, 0x00, 0x20, 0xFF, 0xEF, 0x01,
    0x00, 0x00, 0x00, 0x00, 0x00, 0x00, 0xF8, 0xFF, 0xDF, 0x68, 0xD8, 0xFF, 0xFF, 0x06, 0x00, 0xB0,
    0xFF, 0x6F, 0x00, 0x00, 0x00, 0x00, 0x00, 0x00, 0x00, 0xB0, 0xFF, 0xFF, 0xFF, 0xFF, 0xFF, 0x9F,
    0x00, 0x00, 0xF6, 0xFF, 0x0C, 0x00, 0x00, 0x00, 0x00, 0x00, 0x00, 0x00, 0x00, 0xF8, 0xFF, 0xFF,
    0xFF, 0xFF, 0x07, 0x00, 0x10, 0xFE, 0xFF, 0x02, 0x00, 0x00, 0x00, 0x00, 0x00, 0x00, 0x00, 0x00,
    0x20, 0xC8, 0xFE, 0xCE, 0x17, 0x00, 0x00, 0xA0, 0xFF, 0x8F, 0x00, 0x00, 0x00, 0x00, 0x00, 0x00,
    0x00, 0x00, 0x00, 0x00, 0x00, 0x00, 0x00, 0x00, 0x00, 0x00, 0xF4, 0xFF, 0x0D, 0x00, 0x00, 0x00,
    0x00, 0x00, 0x00, 0x00, 0x00, 0x00, 0x00, 0x00, 0x00, 0x00, 0x00, 0x00, 0x00, 0xFD, 0xFF, 0x04,
    0x00, 0x00, 0x00, 0x00, 0x00, 0x00, 0x00, 0x00, 0x00, 0x00, 0x00, 0x00, 0x00, 0x00, 0x00, 0x80,
    0xFF, 0x9F, 0x00, 0x00, 0x00, 0x00, 0x00, 0x00, 0x00, 0x00, 0x00, 0x00, 0x00, 0x00, 0x00, 0x00,
    0x00, 0x00, 0xF2, 0xFF, 0x1E, 0x00, 0x00, 0x00, 0x00, 0x00, 0x00, 0x00, 0x00, 0x00, 0x00, 0x00,
    0x00, 0x00, 0x00, 0x00, 0x00, 0xFC, 0xFF, 0x05, 0x00, 0x00, 0x00, 0x00, 0x00, 0x00, 0x00, 0x00,
    0x00, 0x00, 0x00, 0x00, 0x00, 0x00, 0x00, 0x60, 0xFF, 0xBF, 0x00, 0x00, 0x10, 0xC8, 0xFE, 0xCE,
    0x18, 0x00, 0x00, 0x00, 0x00, 0x00, 0x00, 0x00, 0x00, 0x00, 0xE1, 0xFF, 0x2F, 0x00, 0x00, 0xF8,
    0xFF, 0xFF, 0xFF, 0xFF, 0x07, 0x00, 0x00, 0x00, 0x00, 0x00, 0x00, 0x00, 0x00, 0xFA, 0xFF, 0x07,
    0x00, 0xA0, 0xFF, 0xFF, 0xFF, 0xFF, 0xFF, 0xAF, 0x00, 0x00, 0x00, 0x00, 0x00, 0x00, 0x00, 0x40,
    0xFF, 0xDF, 0x00, 0x00, 0xF7, 0xFF, 0xDF, 0x78, 0xD8, 0xFF, 0xFF, 0x07, 0x00, 0x00, 0x00, 0x00,
    0x00, 0x00, 0xD0, 0xFF, 0x3F, 0x00, 0x10, 0xFF, 0xFF, 0x08, 0x00, 0x00, 0xF8, 0xFF, 0x1F, 0x00,
    0x00, 0x00, 0x00, 0x00, 0x00, 0xF8, 0xFF, 0x09, 0x00, 0x70, 0xFF, 0xBF, 0x00, 0x00, 0x00, 0xB0,
    0xFF, 0x7F, 0x00, 0x00, 0x00, 0x00, 0x00, 0x20, 0xFF, 0xEF, 0x01, 0x00, 0xC0, 0xFF, 0x4F, 0x00,
    0x00, 0x00, 0x40, 0xFF, 0xBF, 0x00, 0x00, 0x00, 0x00, 0x00, 0xC0, 0xFF, 0x5F, 0x00, 0x00, 0xE0,
    0xFF, 0x0F, 0x00, 0x00, 0x00, 0x00, 0xFF, 0xDF, 0x00, 0x00, 0x00, 0x00, 0x00, 0xF6, 0xFF, 0x0B,
    0x00, 0x00, 0xF0, 0xFF, 0x0F, 0x00, 0x00, 0x00, 0x00, 0xFF, 0xFF, 0x00, 0x00, 0x00, 0x00, 0x10,
    0xFE, 0xFF, 0x02, 0x00, 0x00, 0xF0, 0xFF, 0x0F, 0x00, 0x00, 0x00, 0x00, 0xFF, 0xFF, 0x00, 0x00,
    0x00, 0x00, 0xA0, 0xFF, 0x7F, 0x00, 0x00, 0x00, 0xF0, 0xFF, 0x0F, 0x00, 0x00, 0x00, 0x00, 0xFF,
    0xFF, 0x00, 0x00, 0x00, 0x00, 0xF4, 0xFF, 0x0D, 0x00, 0x00, 0x00, 0xD0, 0xFF, 0x0F, 0x00, 0x00,
    0x00, 0x00, 0xFF, 0xEF, 0x00, 0x00, 0x00, 0x00, 0xFD, 0xFF, 0x03, 0x00, 0x00, 0x00, 0xB0, 0xFF,
    0x4F, 0x00, 0x00, 0x00, 0x40, 0xFF, 0xBF, 0x00, 0x00, 0x00, 0x10, 0xFA, 0x9F, 0x00, 0x00, 0x00,
    0x00, 0x70, 0xFF, 0xBF, 0x00, 0x00, 0x00, 0xB0, 0xFF, 0x7F, 0x00, 0x00, 0x00, 0x00, 0x40, 0x1C,
    0x00, 0x00, 0x00, 0x00, 0x10, 0xFF, 0xFF, 0x08, 0x00, 0x00, 0xF8, 0xFF, 0x1F, 0x00, 0x00, 0x00,
    0x00, 0x00, 0x00, 0x00, 0x00, 0x00, 0x00, 0x00, 0xF7, 0xFF, 0xDF, 0x68, 0xD8, 0xFF, 0xFF, 0x08,
    0x00, 0x00, 0x00, 0x00, 0x00, 0x00, 0x00, 0x00, 0x00, 0x00, 0x00, 0xA0, 0xFF, 0xFF, 0xFF, 0xFF,
    0xFF, 0xAF, 0x00, 0x00, 0x00, 0x00, 0x00, 0x00, 0x00, 0x00, 0x00, 0x00, 0x00, 0x00, 0x00, 0xF7,
    0xFF, 0xFF, 0xFF, 0xFF, 0x08, 0x00, 0x00, 0x00, 0x00, 0x00, 0x00, 0x00, 0x00, 0x00, 0x00, 0x00,
    0x00, 0x00, 0x10, 0xC7, 0xFE, 0xCE, 0x28, 0x00, 0x00, 0x00, 0x00, 0x00, 0x00, 0x00, 0xA5, 0xED,
    0xEF, 0x9D, 0x04, 0x00, 0x00, 0x00, 0x00, 0x00, 0x00, 0x00, 0x00, 0x00, 0x00, 0x00, 0xE6, 0xFF,
    0xFF, 0xFF, 0xFF, 0xDF, 0x04, 0x00, 0x00, 0x00, 0x00, 0x00, 0x00, 0x00, 0x00, 0x00, 0xA0, 0xFF,
    0xFF, 0xFF, 0xFF, 0xFF, 0xFF, 0x7F, 0x00, 0x00, 0x00, 0x00, 0x00, 0x00, 0x00, 0x00, 0x00, 0xFA,
    0xFF, 0xFF, 0xFF, 0xFF, 0xFF, 0xFF, 0xFF, 0x07, 0x00, 0x00, 0x00, 0x00, 0x00, 0x00, 0x00, 0x50,
    0xFF, 0xFF, 0xFF, 0x6B, 0x65, 0xFA, 0xFF, 0xFF, 0x2F, 0x00, 0x00, 0x00, 0x00, 0x00, 0x00, 0x00,
    0xD0, 0xFF, 0xFF, 0x5F, 0x00, 0x00, 0x30, 0xFE, 0xFF, 0xAF, 0x00, 0x00, 0x00, 0x00, 0x00, 0x00,
    0x00, 0xF3, 0xFF, 0xFF, 0x06, 0x00, 0x00, 0x00, 0xF3, 0xFF, 0xFF, 0x00, 0x00, 0x00, 0x00, 0x00,
    0x00, 0x00, 0xF7, 0xFF, 0xEF, 0x00, 0x00, 0x00, 0x00, 0xB0, 0xFF, 0xFF, 0x03, 0x00, 0x00, 0x00,
    0x00, 0x00, 0x00, 0xFA, 0xFF, 0xAF, 0x00, 0x00, 0x00, 0x00, 0x80, 0xFF, 0xFF, 0x04, 0x00, 0x00,
    0x00, 0x00, 0x00, 0x00, 0xFB, 0xFF, 0x8F, 0x00, 0x00, 0x00, 0x00, 0x90, 0xFF, 0xFF, 0x04, 0x00,
    0x00, 0x00, 0x00, 0x00, 0x00, 0xFB, 0xFF, 0x8F, 0x00, 0x00, 0x00, 0x00, 0xB0, 0xFF, 0xFF, 0x02,
    0x00, 0x00, 0x00, 0x00, 0x00, 0x00, 0xF9, 0xFF, 0xBF, 0x00, 0x00, 0x00, 0x00, 0xF1, 0xFF, 0xEF,
    0x00, 0x00, 0x00, 0x00, 0x00, 0x00, 0x00, 0xF7, 0xFF, 0xFF, 0x01, 0x00, 0x00, 0x00, 0xFA, 0xFF,
    0x9F, 0x00, 0x00, 0x00, 0x00, 0x00, 0x00, 0x00, 0xF1, 0xFF, 0xFF, 0x08, 0x00, 0x00, 0x90, 0xFF,
    0xFF, 0x1F, 0x00, 0x00, 0x00, 0x00, 0x00, 0x00, 0x00, 0xB0, 0xFF, 0xFF, 0x2F, 0x00, 0x10, 0xFB,
    0xFF, 0xFF, 0x06, 0x00, 0x00, 0x00, 0x00, 0x00, 0x00, 0x00, 0x30, 0xFF, 0xFF, 0xCF, 0x00, 0xE4,
    0xFF, 0xFF, 0x8F, 0x00, 0x00, 0x00, 0x00, 0x00, 0x00, 0x00, 0x00, 0x00, 0xF9, 0xFF, 0xFF, 0x98,
    0xFF, 0xFF, 0xFF, 0x08, 0x00, 0x00, 0x00, 0x00, 0x00, 0x00, 0x00, 0x00, 0x00, 0xD0, 0xFF, 0xFF,
    0xFF, 0xFF, 0xFF, 0x5F, 0x00, 0x00, 0x00, 0x00, 0x00, 0x00, 0x00, 0x00, 0x00, 0x00, 0x20, 0xFF,
    0xFF, 0xFF, 0xFF, 0xDF, 0x03, 0x00, 0x00, 0x00, 0x00, 0x00, 0x00, 0x00, 0x00, 0x00, 0x00, 0x00,
    0xF6, 0xFF, 0xFF, 0xFF, 0x0A, 0x00, 0x00, 0x00, 0x00, 0x00, 0x00, 0x00, 0x00, 0x00, 0x00, 0x00,
    0x30, 0xFE, 0xFF, 0xFF, 0xDF, 0x00, 0x00, 0x00, 0x00, 0x00, 0x00, 0x00, 0x00, 0x00, 0x00, 0x00,
    0x00, 0xF7, 0xFF, 0xFF, 0xFF, 0xFF, 0x0A, 0x00, 0x00, 0x00, 0x00, 0x00, 0x00, 0x00, 0x00, 0x00,
    0x00, 0x90, 0xFF, 0xFF, 0xFF, 0xFF, 0xFF, 0x7F, 0x00, 0x00, 0x00, 0x00, 0x00, 0x00, 0x00, 0x00,
    0x00, 0x00, 0xFA, 0xFF, 0xFF, 0x7F, 0xFE, 0xFF, 0xFF, 0x04, 0x00, 0x00, 0x00, 0xE3, 0xEE, 0x6E,
    0x00, 0x00, 0x90, 0xFF, 0xFF, 0xEF, 0x03, 0xF3, 0xFF, 0xFF, 0x2F, 0x00, 0x00, 0x00, 0xF5, 0xFF,
    0x6F, 0x00, 0x00, 0xF5, 0xFF, 0xFF, 0x1D, 0x00, 0x50, 0xFF, 0xFF, 0xDF, 0x01, 0x00, 0x00, 0xF6,
    0xFF, 0x5F, 0x00, 0x00, 0xFE, 0xFF, 0xEF, 0x02, 0x00, 0x00, 0xF8, 0xFF, 0xFF, 0x0B, 0x00, 0x00,
    0xF9, 0xFF, 0x3F, 0x00, 0x60, 0xFF, 0xFF, 0x4F, 0x00, 0x00, 0x00, 0xB0, 0xFF, 0xFF, 0x9F, 0x00,
    0x00, 0xFC, 0xFF, 0x1F, 0x00, 0xC0, 0xFF, 0xFF, 0x0B, 0x00, 0x00, 0x00, 0x00, 0xFD, 0xFF, 0xFF,
    0x06, 0x00, 0xFF, 0xFF, 0x0D, 0x00, 0xF0, 0xFF, 0xFF, 0x05, 0x00, 0x00, 0x00, 0x00, 0xE2, 0xFF,
    0xFF, 0x3F, 0x50, 0xFF, 0xFF, 0x0A, 0x00, 0xF1, 0xFF, 0xFF, 0x02, 0x00, 0x00, 0x00, 0x00, 0x40,
    0xFF, 0xFF, 0xEF, 0xC2, 0xFF, 0xFF, 0x05, 0x00, 0xF1, 0xFF, 0xFF, 0x01, 0x00, 0x00, 0x00, 0x00,
    0x00, 0xF7, 0xFF, 0xFF, 0xFE, 0xFF, 0xEF, 0x00, 0x00, 0xF0, 0xFF, 0xFF, 0x03, 0x00, 0x00, 0x00,
    0x00, 0x00, 0x90, 0xFF, 0xFF, 0xFF, 0xFF, 0x9F, 0x00, 0x00, 0xE0, 0xFF, 0xFF, 0x06, 0x00, 0x00,
    0x00, 0x00, 0x00, 0x00, 0xFC, 0xFF, 0xFF, 0xFF, 0x1F, 0x00, 0x00, 0xA0, 0xFF, 0xFF, 0x0C, 0x00,
    0x00, 0x00, 0x00, 0x00, 0x00, 0xE1, 0xFF, 0xFF, 0xFF, 0x07, 0x00, 0x00, 0x50, 0xFF, 0xFF, 0x4F,
    0x00, 0x00, 0x00, 0x00, 0x00, 0x00, 0x70, 0xFF, 0xFF, 0xFF, 0x03, 0x00, 0x00, 0x00, 0xFE, 0xFF,
    0xFF, 0x03, 0x00, 0x00, 0x00, 0x00, 0x00, 0xF7, 0xFF, 0xFF, 0xFF, 0x2E, 0x00, 0x00, 0x00, 0xF5,
    0xFF, 0xFF, 0x6F, 0x00, 0x00, 0x00, 0x00, 0xC4, 0xFF, 0xFF, 0xFF, 0xFF, 0xDF, 0x01, 0x00, 0x00,
    0x90, 0xFF, 0xFF, 0xFF, 0xAE, 0x56, 0x65, 0xE9, 0xFF, 0xFF, 0xFF, 0xFF, 0xFF, 0xFF, 0x0C, 0x00,
    0x00, 0x00, 0xFA, 0xFF, 0xFF, 0xFF, 0xFF, 0xFF, 0xFF, 0xFF, 0xFF, 0xFF, 0xC6, 0xFF, 0xFF, 0xAF,
    0x00, 0x00, 0x00, 0x70, 0xFF, 0xFF, 0xFF, 0xFF, 0xFF, 0xFF, 0xFF, 0xFF, 0x2C, 0x00, 0xFC, 0xFF,
    0xFF, 0x09, 0x00, 0x00, 0x00, 0xA2, 0xFF, 0xFF, 0xFF, 0xFF, 0xFF, 0xFF, 0x4C, 0x00, 0x00, 0xD1,
    0xFF, 0xFF, 0x7F, 0x00, 0x00, 0x00, 0x00, 0x51, 0xC9, 0xFE, 0xEF, 0xAC, 0x26, 0x00, 0x00, 0x00,
    0x00, 0x00, 0x00, 0x00, 0xF0, 0xFF, 0x2F, 0xF0, 0xFF, 0x2F, 0xF0, 0xFF, 0x2F, 0xF0, 0xFF, 0x2F,
    0xF0, 0xFF, 0x1F, 0xF0, 0xFF, 0x0F, 0xF1, 0xFF, 0x0F, 0xF1, 0xFF, 0x0E, 0xF1, 0xFF, 0x0E, 0xF1,
    0xFF, 0x0D, 0xF1, 0xFF, 0x0C, 0xF1, 0xFF, 0x0B, 0xF1, 0xFF, 0x0A, 0xF1, 0xFF, 0x09, 0x00, 0x00,
    0x00, 0x00, 0x00, 0x00, 0x40, 0x0A, 0x00, 0x00, 0x00, 0x00, 0x00, 0x00, 0xF8, 0x1F, 0x00, 0x00,
    0x00, 0x00, 0x00, 0xA0, 0xFF, 0x6F, 0x00, 0x00, 0x00, 0x00, 0x00, 0xFA, 0xFF, 0x8F, 0x00, 0x00,
    0x00, 0x00, 0x90, 0xFF, 0xFF, 0x09, 0x00, 0x00, 0x00, 0x00, 0xF6, 0xFF, 0x9F, 0x00, 0x00, 0x00,
    0x00, 0x30, 0xFF, 0xFF, 0x0B, 0x00, 0x00, 0x00, 0x00, 0xD0, 0xFF, 0xEF, 0x01, 0x00, 0x00, 0x00,
    0x00, 0xF8, 0xFF, 0x5F, 0x00, 0x00, 0x00, 0x00, 0x20, 0xFF, 0xFF, 0x0B, 0x00, 0x00, 0x00, 0x00,
    0xA0, 0xFF, 0xFF, 0x02, 0x00, 0x00, 0x00, 0x00, 0xF2, 0xFF, 0xBF, 0x00, 0x00, 0x00, 0x00, 0x00,
    0xFA, 0xFF, 0x3F, 0x00, 0x00, 0x00, 0x00, 0x10, 0xFF, 0xFF, 0x0D, 0x00, 0x00, 0x00, 0x00, 0x70,
    0xFF, 0xFF, 0x07, 0x00, 0x00, 0x00, 0x00, 0xD0, 0xFF, 0xFF, 0x02, 0x00, 0x00, 0x00, 0x00, 0xF2,
    0xFF, 0xCF, 0x00, 0x00, 0x00, 0x00, 0x00, 0xF8, 0xFF, 0x8F, 0x00, 0x00, 0x00, 0x00, 0x00, 0xFC,
    0xFF, 0x4F, 0x00, 0x00, 0x00, 0x00, 0x00, 0xFF, 0xFF, 0x0F, 0x00, 0x00, 0x00, 0x00, 0x40, 0xFF,
    0xFF, 0x0D, 0x00, 0x00, 0x00, 0x00, 0x70, 0xFF, 0xFF, 0x0A, 0x00, 0x00, 0x00, 0x00, 0x90, 0xFF,
    0xFF, 0x08, 0x00, 0x00, 0x00, 0x00, 0xC0, 0xFF, 0xFF, 0x05, 0x00, 0x00, 0x00, 0x00, 0xE0, 0xFF,
    0xFF, 0x04, 0x00, 0x00, 0x00, 0x00, 0xF0, 0xFF, 0xFF, 0x03, 0x00, 0x00, 0x00, 0x00, 0xF1, 0xFF,
    0xFF, 0x01, 0x00, 0x00, 0x00, 0x00, 0xF2, 0xFF, 0xFF, 0x00, 0x00, 0x00, 0x00, 0x00, 0xF3, 0xFF,
    0xFF, 0x00, 0x00, 0x00, 0x00, 0x00, 0xF3, 0xFF, 0xFF, 0x00, 0x00, 0x00, 0x00, 0x00, 0xF3, 0xFF,
    0xFF, 0x00, 0x00, 0x00, 0x00, 0x00, 0xF3, 0xFF, 0xFF, 0x00, 0x00, 0x00, 0x00, 0x00, 0xF2, 0xFF,
    0xFF, 0x01, 0x00, 0x00, 0x00, 0x00, 0xF1, 0xFF, 0xFF, 0x02, 0x00, 0x00, 0x00, 0x00, 0xF0, 0xFF,
    0xFF, 0x03, 0x00, 0x00, 0x00, 0x00, 0xE0, 0xFF, 0xFF, 0x04, 0x00, 0x00, 0x00, 0x00, 0xC0, 0xFF,
    0xFF, 0x06, 0x00, 0x00, 0x00, 0x00, 0x90, 0xFF, 0xFF, 0x08, 0x00, 0x00, 0x00, 0x00, 0x70, 0xFF,
    0xFF, 0x0B, 0x00, 0x00, 0x00, 0x00, 0x40, 0xFF, 0xFF, 0x0D, 0x00, 0x00, 0x00, 0x00, 0x00, 0xFF,
    0xFF, 0x0F, 0x00, 0x00, 0x00, 0x00, 0x00, 0xFC, 0xFF, 0x4F, 0x00, 0x00, 0x00, 0x00, 0x00, 0xF8,
    0xFF, 0x8F, 0x00, 0x00, 0x00, 0x00, 0x00, 0xF2, 0xFF, 0xDF, 0x00, 0x00, 0x00, 0x00, 0x00, 0xD0,
    0xFF, 0xFF, 0x01, 0x00, 0x00, 0x00, 0x00, 0x70, 0xFF, 0xFF, 0x07, 0x00, 0x00, 0x00, 0x00, 0x10,
    0xFF, 0xFF, 0x0D, 0x00, 0x00, 0x00, 0x00, 0x00, 0xFA, 0xFF, 0x4F, 0x00, 0x00, 0x00, 0x00, 0x00,
    0xF2, 0xFF, 0xBF, 0x00, 0x00, 0x00, 0x00, 0x00, 0xA0, 0xFF, 0xFF, 0x02, 0x00, 0x00, 0x00, 0x00,
    0x20, 0xFF, 0xFF, 0x0B, 0x00, 0x00, 0x00, 0x00, 0x00, 0xF7, 0xFF, 0x4F, 0x00, 0x00, 0x00, 0x00,
    0x00, 0xD0, 0xFF, 0xDF, 0x00, 0x00, 0x00, 0x00, 0x00, 0x20, 0xFF, 0xFF, 0x09, 0x00, 0x00, 0x00,
    0x00, 0x00, 0xF6, 0xFF, 0x7F, 0x00, 0x00, 0x00, 0x00, 0x00, 0x90, 0xFF, 0xFF, 0x05, 0x00, 0x00,
    0x00, 0x00, 0x00, 0xFA, 0xFF, 0x6F, 0x00, 0x00, 0x00, 0x00, 0x00, 0xA0, 0xFF, 0x7F, 0x00, 0x00,
    0x00, 0x00, 0x00, 0x00, 0xF8, 0x2F, 0x00, 0x00, 0x00, 0x00, 0x00, 0x00, 0x40, 0x0A, 0xB0, 0x02,
    0x00, 0x00, 0x00, 0x00, 0x00, 0x00, 0xF5, 0x6F, 0x00, 0x00, 0x00, 0x00, 0x00, 0x00, 0xFA, 0xFF,
    0x08, 0x00, 0x00, 0x00, 0x00, 0x00, 0xF9, 0xFF, 0x7F, 0x00, 0x00, 0x00, 0x00, 0x00, 0x80, 0xFF,
    0xFF, 0x06, 0x00, 0x00, 0x00, 0x00, 0x00, 0xFA, 0xFF, 0x3F, 0x00, 0x00, 0x00, 0x00, 0x00, 0xD0,
    0xFF, 0xEF, 0x01, 0x00, 0x00, 0x00, 0x00, 0x30, 0xFF, 0xFF, 0x0A, 0x00, 0x00, 0x00, 0x00, 0x00,
    0xF8, 0xFF, 0x4F, 0x00, 0x00, 0x00, 0x00, 0x00, 0xE0, 0xFF, 0xEF, 0x00, 0x00, 0x00, 0x00, 0x00,
    0x70, 0xFF, 0xFF, 0x07, 0x00, 0x00, 0x00, 0x00, 0x00, 0xFE, 0xFF, 0x0E, 0x00, 0x00, 0x00, 0x00,
    0x00, 0xF8, 0xFF, 0x7F, 0x00, 0x00, 0x00, 0x00, 0x00, 0xF1, 0xFF, 0xDF, 0x00, 0x00, 0x00, 0x00,
    0x00, 0xB0, 0xFF, 0xFF, 0x04, 0x00, 0x00, 0x00, 0x00, 0x60, 0xFF, 0xFF, 0x0A, 0x00, 0x00, 0x00,
    0x00, 0x10, 0xFF, 0xFF, 0x0F, 0x00, 0x00, 0x00, 0x00, 0x00, 0xFC, 0xFF, 0x5F, 0x00, 0x00, 0x00,
    0x00, 0x00, 0xF8, 0xFF, 0x9F, 0x00, 0x00, 0x00, 0x00, 0x00, 0xF4, 0xFF, 0xDF, 0x00, 0x00, 0x00,
    0x00, 0x00, 0xF1, 0xFF, 0xFF, 0x01, 0x00, 0x00, 0x00, 0x00, 0xE0, 0xFF, 0xFF, 0x04, 0x00, 0x00,
    0x00, 0x00, 0xB0, 0xFF, 0xFF, 0x06, 0x00, 0x00, 0x00, 0x00, 0x90, 0xFF, 0xFF, 0x09, 0x00, 0x00,
    0x00, 0x00, 0x70, 0xFF, 0xFF, 0x0B, 0x00, 0x00, 0x00, 0x00, 0x60, 0xFF, 0xFF, 0x0D, 0x00, 0x00,
    0x00, 0x00, 0x50, 0xFF, 0xFF, 0x0E, 0x00, 0x00, 0x00, 0x00, 0x40, 0xFF, 0xFF, 0x0F, 0x00, 0x00,
    0x00, 0x00, 0x30, 0xFF, 0xFF, 0x0F, 0x00, 0x00, 0x00, 0x00, 0x30, 0xFF, 0xFF, 0x0F, 0x00, 0x00,
    0x00, 0x00, 0x30, 0xFF, 0xFF, 0x0F, 0x00, 0x00, 0x00, 0x00, 0x30, 0xFF, 0xFF, 0x0F, 0x00, 0x00,
    0x00, 0x00, 0x40, 0xFF, 0xFF, 0x0F, 0x00, 0x00, 0x00, 0x00, 0x50, 0xFF, 0xFF, 0x0E, 0x00, 0x00,
    0x00, 0x00, 0x60, 0xFF, 0xFF, 0x0D, 0x00, 0x00, 0x00, 0x00, 0x70, 0xFF, 0xFF, 0x0B, 0x00, 0x00,
    0x00, 0x00, 0x90, 0xFF, 0xFF, 0x09, 0x00, 0x00, 0x00, 0x00, 0xB0, 0xFF, 0xFF, 0x07, 0x00, 0x00,
    0x00, 0x00, 0xD0, 0xFF, 0xFF, 0x04, 0x00, 0x00, 0x00, 0x00, 0xF0, 0xFF, 0xFF, 0x01, 0x00, 0x00,
    0x00, 0x00, 0xF4, 0xFF, 0xDF, 0x00, 0x00, 0x00, 0x00, 0x00, 0xF7, 0xFF, 0x9F, 0x00, 0x00, 0x00,
    0x00, 0x00, 0xFB, 0xFF, 0x5F, 0x00, 0x00, 0x00, 0x00, 0x00, 0xFF, 0xFF, 0x0F, 0x00, 0x00, 0x00,
    0x00, 0x50, 0xFF, 0xFF, 0x0A, 0x00, 0x00, 0x00, 0x00, 0xA0, 0xFF, 0xFF, 0x05, 0x00, 0x00, 0x00,
    0x00, 0xF0, 0xFF, 0xEF, 0x00, 0x00, 0x00, 0x00, 0x00, 0xF6, 0xFF, 0x7F, 0x00, 0x00, 0x00, 0x00,
    0x00, 0xFD, 0xFF, 0x0E, 0x00, 0x00, 0x00, 0x00, 0x40, 0xFF, 0xFF, 0x07, 0x00, 0x00, 0x00, 0x00,
    0xD0, 0xFF, 0xEF, 0x00, 0x00, 0x00, 0x00, 0x00, 0xF6, 0xFF, 0x4F, 0x00, 0x00, 0x00, 0x00, 0x10,
    0xFE, 0xFF, 0x0A, 0x00, 0x00, 0x00, 0x00, 0xB0, 0xFF, 0xEF, 0x01, 0x00, 0x00, 0x00, 0x00, 0xF8,
    0xFF, 0x3F, 0x00, 0x00, 0x00, 0x00, 0x80, 0xFF, 0xFF, 0x06, 0x00, 0x00, 0x00, 0x00, 0xF9, 0xFF,
    0x7F, 0x00, 0x00, 0x00, 0x00, 0x00, 0xFA, 0xFF, 0x08, 0x00, 0x00, 0x00, 0x00, 0x00, 0xF5, 0x6F,
    0x00, 0x00, 0x00, 0x00, 0x00, 0x00, 0xB0, 0x02, 0x00, 0x00, 0x00, 0x00, 0x00, 0x00, 0x00, 0x00,
    0x00, 0x00, 0x00, 0xF9, 0xFF, 0x0B, 0x00, 0x00, 0x00, 0x00, 0x00, 0x00, 0x00, 0x00, 0x00, 0x00,
    0xF9, 0xFF, 0x0B, 0x00, 0x00, 0x00, 0x00, 0x00, 0x00, 0x00, 0x00, 0x00, 0x00, 0xF8, 0xFF, 0x0A,
    0x00, 0x00, 0x00, 0x00, 0x00, 0x00, 0x00, 0x00, 0x00, 0x00, 0xF8, 0xFF, 0x0A, 0x00, 0x00, 0x00,
    0x00, 0x00, 0x00, 0x00, 0x00, 0x00, 0x00, 0xF7, 0xFF, 0x09, 0x00, 0x00, 0x00, 0x00, 0x00, 0x00,
    0x00, 0x00, 0x00, 0x00, 0xF7, 0xFF, 0x09, 0x00, 0x00, 0x00, 0x00, 0x00, 0x00, 0x03, 0x00, 0x00,
    0x00, 0xF6, 0xFF, 0x08, 0x00, 0x00, 0x00, 0x02, 0x00, 0x20, 0xDF, 0x17, 0x00, 0x00, 0xF6, 0xFF,
    0x08, 0x00, 0x10, 0xD7, 0x1F, 0x00, 0x70, 0xFF, 0xFF, 0x5B, 0x00, 0xF6, 0xFF, 0x07, 0x50, 0xFB,
    0xFF, 0x6F, 0x00, 0xC0, 0xFF, 0xFF, 0xFF, 0x9F, 0xF8, 0xFF, 0x9A, 0xFF, 0xFF, 0xFF, 0xBF, 0x00,
    0xF1, 0xFF, 0xFF, 0xFF, 0xFF, 0xFF, 0xFF, 0xFF, 0xFF, 0xFF, 0xFF, 0xFF, 0x00, 0x20, 0xC7, 0xFF,
    0xFF, 0xFF, 0xFF, 0xFF, 0xFF, 0xFF, 0xFF, 0xBF, 0x27, 0x00, 0x00, 0x00, 0x51, 0xEA, 0xFF, 0xFF,
    0xFF, 0xFF, 0xEF, 0x59, 0x00, 0x00, 0x00, 0x00, 0x00, 0x00, 0x00, 0xE3, 0xFF, 0xFF, 0xCF, 0x03,
    0x00, 0x00, 0x00, 0x00, 0x00, 0x00, 0x00, 0x00, 0xF6, 0xFF, 0xFF, 0xFF, 0x03, 0x00, 0x00, 0x00,
    0x00, 0x00, 0x00, 0x00, 0x30, 0xFF, 0xFF, 0xFE, 0xFF, 0x0D, 0x00, 0x00, 0x00, 0x00, 0x00, 0x00,
    0x00, 0xD0, 0xFF, 0xCF, 0xF3, 0xFF, 0xAF, 0x00, 0x00, 0x00, 0x00, 0x00, 0x00, 0x00, 0xFA, 0xFF,
    0x2F, 0x80, 0xFF, 0xFF, 0x06, 0x00, 0x00, 0x00, 0x00, 0x00, 0x60, 0xFF, 0xFF, 0x07, 0x00, 0xFD,
    0xFF, 0x2F, 0x00, 0x00, 0x00, 0x00, 0x00, 0xF3, 0xFF, 0xDF, 0x00, 0x00, 0xF3, 0xFF, 0xDF, 0x00,
    0x00, 0x00, 0x00, 0x00, 0xFD, 0xFF, 0x3F, 0x00, 0x00, 0x90, 0xFF, 0xFF, 0x09, 0x00, 0x00, 0x00,
    0x10, 0xFA, 0xFF, 0x08, 0x00, 0x00, 0x00, 0xFE, 0xFF, 0x09, 0x00, 0x00, 0x00, 0x00, 0x60, 0xDF,
    0x00, 0x00, 0x00, 0x00, 0xF4, 0x5F, 0x00, 0x00, 0x00, 0x00, 0x00, 0x00, 0x32, 0x00, 0x00, 0x00,
    0x00, 0x80, 0x02, 0x00, 0x00, 0x00, 0x00, 0x00, 0x00, 0x00, 0x00, 0x00, 0x00, 0x00, 0x00, 0x00,
    0x00, 0x00, 0x00, 0x00, 0x00, 0x00, 0x00, 0x00, 0x00, 0x00, 0x40, 0xFF, 0xFF, 0x0F, 0x00, 0x00,
    0x00, 0x00, 0x00, 0x00, 0x00, 0x00, 0x00, 0x00, 0x00, 0x40, 0xFF, 0xFF, 0x0F, 0x00, 0x00, 0x00,
    0x00, 0x00, 0x00, 0x00, 0x00, 0x00, 0x00, 0x00, 0x40, 0xFF, 0xFF, 0x0F, 0x00, 0x00, 0x00, 0x00,
    0x00, 0x00, 0x00, 0x00, 0x00, 0x00, 0x00, 0x40, 0xFF, 0xFF, 0x0F, 0x00, 0x00, 0x00, 0x00, 0x00,
    0x00, 0x00, 0x00, 0x00, 0x00, 0x00, 0x40, 0xFF, 0xFF, 0x0F, 0x00, 0x00, 0x00, 0x00, 0x00, 0x00,
    0x00, 0x00, 0x00, 0x00, 0x00, 0x40, 0xFF, 0xFF, 0x0F, 0x00, 0x00, 0x00, 0x00, 0x00, 0x00, 0x00,
    0x00, 0x00, 0x00, 0x00, 0x40, 0xFF, 0xFF, 0x0F, 0x00, 0x00, 0x00, 0x00, 0x00, 0x00, 0x00, 0x00,
    0x00, 0x00, 0x00, 0x40, 0xFF, 0xFF, 0x0F, 0x00, 0x00, 0x00, 0x00, 0x00, 0x00, 0x00, 0x00, 0x00,
    0x00, 0x00, 0x40, 0xFF, 0xFF, 0x0F, 0x00, 0x00, 0x00, 0x00, 0x00, 0x00, 0x00, 0x00, 0x00, 0x00,
    0x00, 0x40, 0xFF, 0xFF, 0x0F, 0x00, 0x00, 0x00, 0x00, 0x00, 0x00, 0x00, 0x00, 0x00, 0x00, 0x00,
    0x40, 0xFF, 0xFF, 0x0F, 0x00, 0x00, 0x00, 0x00, 0x00, 0x00, 0x00, 0x00, 0x00, 0x00, 0x00, 0x40,
    0xFF, 0xFF, 0x0F, 0x00, 0x00, 0x00, 0x00, 0x00, 0x00, 0xFC, 0xFF, 0xFF, 0xFF, 0xFF, 0xFF, 0xFF,
    0xFF, 0xFF, 0xFF, 0xFF, 0xFF, 0xFF, 0xFF, 0x07, 0xFC, 0xFF, 0xFF, 0xFF, 0xFF, 0xFF, 0xFF, 0xFF,
    0xFF, 0xFF, 0xFF, 0xFF, 0xFF, 0xFF, 0x07, 0xFC, 0xFF, 0xFF, 0xFF, 0xFF, 0xFF, 0xFF, 0xFF, 0xFF,
    0xFF, 0xFF, 0xFF, 0xFF, 0xFF, 0x07, 0xFC, 0xFF, 0xFF, 0xFF, 0xFF, 0xFF, 0xFF, 0xFF, 0xFF, 0xFF,
    0xFF, 0xFF, 0xFF, 0xFF, 0x07, 0xFC, 0xFF, 0xFF, 0xFF, 0xFF, 0xFF, 0xFF, 0xFF, 0xFF, 0xFF, 0xFF,
    0xFF, 0xFF, 0xFF, 0x07, 0x00, 0x00, 0x00, 0x00, 0x00, 0x40, 0xFF, 0xFF, 0x0F, 0x00, 0x00, 0x00,
    0x00, 0x00, 0x00, 0x00, 0x00, 0x00, 0x00, 0x00, 0x40, 0xFF, 0xFF, 0x0F, 0x00, 0x00, 0x00, 0x00,
    0x00, 0x00, 0x00, 0x00, 0x00, 0x00, 0x00, 0x40, 0xFF, 0xFF, 0x0F, 0x00, 0x00, 0x00, 0x00, 0x00,
    0x00, 0x00, 0x00, 0x00, 0x00, 0x00, 0x40, 0xFF, 0xFF, 0x0F, 0x00, 0x00, 0x00, 0x00, 0x00, 0x00,
    0x00, 0x00, 0x00, 0x00, 0x00, 0x40, 0xFF, 0xFF, 0x0F, 0x00, 0x00, 0x00, 0x00, 0x00, 0x00, 0x00,
    0x00, 0x00, 0x00, 0x00, 0x40, 0xFF, 0xFF, 0x0F, 0x00, 0x00, 0x00, 0x00, 0x00, 0x00, 0x00, 0x00,
    0x00, 0x00, 0x00, 0x40, 0xFF, 0xFF, 0x0F, 0x00, 0x00, 0x00, 0x00, 0x00, 0x00, 0x00, 0x00, 0x00,
    0x00, 0x00, 0x40, 0xFF, 0xFF, 0x0F, 0x00, 0x00, 0x00, 0x00, 0x00, 0x00, 0x00, 0x00, 0x00, 0x00,
    0x00, 0x40, 0xFF, 0xFF, 0x0F, 0x00, 0x00, 0x00, 0x00, 0x00, 0x00, 0x00, 0x00, 0x00, 0x00, 0x00,
    0x40, 0xFF, 0xFF, 0x0F, 0x00, 0x00, 0x00, 0x00, 0x00, 0x00, 0x00, 0x00, 0x00, 0x00, 0x00, 0x40,
    0xFF, 0xFF, 0x0F, 0x00, 0x00, 0x00, 0x00, 0x00, 0x00, 0x00, 0x00, 0x00, 0x00, 0x00, 0x40, 0xFF,
    0xFF, 0x0F, 0x00, 0x00, 0x00, 0x00, 0x00, 0x00, 0x00, 0x00, 0x00, 0x00, 0x00, 0x40, 0xFF, 0xFF,
    0x0F, 0x00, 0x00, 0x00, 0x00, 0x00, 0x00, 0x00, 0x10, 0x33, 0x33, 0x02, 0x00, 0x60, 0xFF, 0xFF,
    0x0B, 0x00, 0x60, 0xFF, 0xFF, 0x0B, 0x00, 0x60, 0xFF, 0xFF, 0x0B, 0x00, 0x60, 0xFF, 0xFF, 0x0B,
    0x00, 0x60, 0xFF, 0xFF, 0x0A, 0x00, 0x80, 0xFF, 0xFF, 0x09, 0x00, 0xA0, 0xFF, 0xFF, 0x06, 0x00,
    0xE0, 0xFF, 0xFF, 0x01, 0x00, 0xF4, 0xFF, 0xBF, 0x00, 0x00, 0xFB, 0xFF, 0x4F, 0x00, 0x30, 0xFF,
    0xFF, 0x0B, 0x00, 0xD0, 0xFF, 0xFF, 0x02, 0x00, 0x70, 0xFF, 0x5F, 0x00, 0x00, 0x00, 0xC2, 0x05,
    0x00, 0x00, 0xFF, 0xFF, 0xFF, 0xFF, 0xFF, 0xFF, 0xEF, 0xFF, 0xFF, 0xFF, 0xFF, 0xFF, 0xFF, 0xEF,
    0xFF, 0xFF, 0xFF, 0xFF, 0xFF, 0xFF, 0xEF, 0xFF, 0xFF, 0xFF, 0xFF, 0xFF, 0xFF, 0xEF, 0x44, 0x44,
    0x44, 0x44, 0x44, 0x44, 0x34, 0x00, 0x21, 0x00, 0x00, 0xB1, 0xFF, 0x7F, 0x00, 0xF9, 0xFF, 0xFF,
    0x03, 0xFD, 0xFF, 0xFF, 0x08, 0xFD, 0xFF, 0xFF, 0x07, 0xF8, 0xFF, 0xFF, 0x02, 0x80, 0xFE, 0x4C,
    0x00, 0x00, 0x00, 0x00, 0x00, 0x00, 0x00, 0x00, 0x00, 0x70, 0xFF, 0xFF, 0x00, 0x00, 0x00, 0x00,
    0x00, 0x00, 0x00, 0x00, 0x00, 0xD0, 0xFF, 0xAF, 0x00, 0x00, 0x00, 0x00, 0x00, 0x00, 0x00, 0x00,
    0x00, 0xF3, 0xFF, 0x3F, 0x00, 0x00, 0x00, 0x00, 0x00, 0x00, 0x00, 0x00, 0x00, 0xF9, 0xFF, 0x0D,
    0x00, 0x00, 0x00, 0x00, 0x00, 0x00, 0x00, 0x00, 0x00, 0xFF, 0xFF, 0x07, 0x00, 0x00, 0x00, 0x00,
    0x00, 0x00, 0x00, 0x00, 0x50, 0xFF, 0xFF, 0x01, 0x00, 0x00, 0x00, 0x00, 0x00, 0x00, 0x00, 0x00,
    0xC0, 0xFF, 0xBF, 0x00, 0x00, 0x00, 0x00, 0x00, 0x00, 0x00, 0x00, 0x00, 0xF2, 0xFF, 0x5F, 0x00,
    0x00, 0x00, 0x00, 0x00, 0x00, 0x00, 0x00, 0x00, 0xF8, 0xFF, 0x0E, 0x00, 0x00, 0x00, 0x00, 0x00,
    0x00, 0x00, 0x00, 0x00, 0xFE, 0xFF, 0x09, 0x00, 0x00, 0x00, 0x00, 0x00, 0x00, 0x00, 0x00, 0x40,
    0xFF, 0xFF, 0x03, 0x00, 0x00, 0x00, 0x00, 0x00, 0x00, 0x00, 0x00, 0xA0, 0xFF, 0xCF, 0x00, 0x00,
    0x00, 0x00, 0x00, 0x00, 0x00, 0x00, 0x00, 0xF1, 0xFF, 0x6F, 0x00, 0x00, 0x00, 0x00, 0x00, 0x00,
    0x00, 0x00, 0x00, 0xF6, 0xFF, 0x1F, 0x00, 0x00, 0x00, 0x00, 0x00, 0x00, 0x00, 0x00, 0x00, 0xFD,
    0xFF, 0x0A, 0x00, 0x00, 0x00, 0x00, 0x00, 0x00, 0x00, 0x00, 0x30, 0xFF, 0xFF, 0x04, 0x00, 0x00,
    0x00, 0x00, 0x00, 0x00, 0x00, 0x00, 0x90, 0xFF, 0xEF, 0x00, 0x00, 0x00, 0x00, 0x00, 0x00, 0x00,
    0x00, 0x00, 0xE0, 0xFF, 0x8F, 0x00, 0x00, 0x00, 0x00, 0x00, 0x00, 0x00, 0x00, 0x00, 0xF5, 0xFF,
    0x2F, 0x00, 0x00, 0x00, 0x00, 0x00, 0x00, 0x00, 0x00, 0x00, 0xFB, 0xFF, 0x0C, 0x00, 0x00, 0x00,
    0x00, 0x00, 0x00, 0x00, 0x00, 0x10, 0xFF, 0xFF, 0x05, 0x00, 0x00, 0x00, 0x00, 0x00, 0x00, 0x00,
    0x00, 0x70, 0xFF, 0xFF, 0x00, 0x00, 0x00, 0x00, 0x00, 0x00, 0x00, 0x00, 0x00, 0xD0, 0xFF, 0x9F,
    0x00, 0x00, 0x00, 0x00, 0x00, 0x00, 0x00, 0x00, 0x00, 0xF4, 0xFF, 0x3F, 0x00, 0x00, 0x00, 0x00,
    0x00, 0x00, 0x00, 0x00, 0x00, 0xFA, 0xFF, 0x0D, 0x00, 0x00, 0x00, 0x00, 0x00, 0x00, 0x00, 0x00,
    0x00, 0xFF, 0xFF, 0x07, 0x00, 0x00, 0x00, 0x00, 0x00, 0x00, 0x00, 0x00, 0x60, 0xFF, 0xFF, 0x01,
    0x00, 0x00, 0x00, 0x00, 0x00, 0x00, 0x00, 0x00, 0xC0, 0xFF, 0xBF, 0x00, 0x00, 0x00, 0x00, 0x00,
    0x00, 0x00, 0x00, 0x00, 0xF2, 0xFF, 0x5F, 0x00, 0x00, 0x00, 0x00, 0x00, 0x00, 0x00, 0x00, 0x00,
    0xF8, 0xFF, 0x0E, 0x00, 0x00, 0x00, 0x00, 0x00, 0x00, 0x00, 0x00, 0x00, 0xFE, 0xFF, 0x08, 0x00,
    0x00, 0x00, 0x00, 0x00, 0x00, 0x00, 0x00, 0x50, 0xFF, 0xFF, 0x02, 0x00, 0x00, 0x00, 0x00, 0x00,
    0x00, 0x00, 0x00, 0xB0, 0xFF, 0xCF, 0x00, 0x00, 0x00, 0x00, 0x00, 0x00, 0x00, 0x00, 0x00, 0xF1,
    0xFF, 0x6F, 0x00, 0x00, 0x00, 0x00, 0x00, 0x00, 0x00, 0x00, 0x00, 0xF7, 0xFF, 0x0F, 0x00, 0x00,
    0x00, 0x00, 0x00, 0x00, 0x00, 0x00, 0x00, 0xFD, 0xFF, 0x0A, 0x00, 0x00, 0x00, 0x00, 0x00, 0x00,
    0x00, 0x00, 0x30, 0xFF, 0xFF, 0x04, 0x00, 0x00, 0x00, 0x00, 0x00, 0x00, 0x00, 0x00, 0x90, 0xFF,
    0xDF, 0x00, 0x00, 0x00, 0x00, 0x00, 0x00, 0x00, 0x00, 0x00, 0xF0, 0xFF, 0x7F, 0x00, 0x00, 0x00,
    0x00, 0x00, 0x00, 0x00, 0x00, 0x00, 0xF6, 0xFF, 0x1F, 0x00, 0x00, 0x00, 0x00, 0x00, 0x00, 0x00,
    0x00, 0x00, 0xFC, 0xFF, 0x0B, 0x00, 0x00, 0x00, 0x00, 0x00, 0x00, 0x00, 0x00, 0x20, 0xFF, 0xFF,
    0x05, 0x00, 0x00, 0x00, 0x00, 0x00, 0x00, 0x00, 0x00, 0x80, 0xFF, 0xEF, 0x00, 0x00, 0x00, 0x00,
    0x00, 0x00, 0x00, 0x00, 0x00, 0xE0, 0xFF, 0x9F, 0x00, 0x00, 0x00, 0x00, 0x00, 0x00, 0x00, 0x00,
    0x00, 0xF4, 0xFF, 0x3F, 0x00, 0x00, 0x00, 0x00, 0x00, 0x00, 0x00, 0x00, 0x00, 0x00, 0x00, 0x00,
    0x00, 0x94, 0xEC, 0xFF, 0xDF, 0x7A, 0x01, 0x00, 0x00, 0x00, 0x00, 0x00, 0x00, 0x00, 0xE5, 0xFF,
    0xFF, 0xFF, 0xFF, 0xFF, 0xAF, 0x02, 0x00, 0x00, 0x00, 0x00, 0x00, 0xB0, 0xFF, 0xFF, 0xFF, 0xFF,
    0xFF, 0xFF, 0xFF, 0x5F, 0x00, 0x00, 0x00, 0x00, 0x00, 0xFC, 0xFF, 0xFF, 0xFF, 0xFF, 0xFF, 0xFF,
    0xFF, 0xFF, 0x05, 0x00, 0x00, 0x00, 0x90, 0xFF, 0xFF, 0xFF, 0x8D, 0x56, 0xA7, 0xFF, 0xFF, 0xFF,
    0x2F, 0x00, 0x00, 0x00, 0xF3, 0xFF, 0xFF, 0x4E, 0x00, 0x00, 0x00, 0xA0, 0xFF, 0xFF, 0xCF, 0x00,
    0x00, 0x00, 0xFB, 0xFF, 0xFF, 0x02, 0x00, 0x00, 0x00, 0x00, 0xF8, 0xFF, 0xFF, 0x04, 0x00, 0x20,
    0xFF, 0xFF, 0x5F, 0x00, 0x00, 0x00, 0x00, 0x00, 0xC0, 0xFF, 0xFF, 0x0B, 0x00, 0x80, 0xFF, 0xFF,
    0x0D, 0x00, 0x00, 0x00, 0x00, 0x00, 0x50, 0xFF, 0xFF, 0x1F, 0x00, 0xC0, 0xFF, 0xFF, 0x07, 0x00,
    0x00, 0x00, 0x00, 0x00, 0x00, 0xFE, 0xFF, 0x5F, 0x00, 0xF0, 0xFF, 0xFF, 0x03, 0x00, 0x00, 0x00,
    0x00, 0x00, 0x00, 0xFA, 0xFF, 0x9F, 0x00, 0xF3, 0xFF, 0xFF, 0x00, 0x00, 0x00, 0x00, 0x00, 0x00,
    0x00, 0xF6, 0xFF, 0xCF, 0x00, 0xF6, 0xFF, 0xDF, 0x00, 0x00, 0x00, 0x00, 0x00, 0x00, 0x00, 0xF4,
    0xFF, 0xEF, 0x00, 0xF8, 0xFF, 0xBF, 0x00, 0x00, 0x00, 0x00, 0x00, 0x00, 0x00, 0xF2, 0xFF, 0xFF,
    0x00, 0xF9, 0xFF, 0x9F, 0x00, 0x00, 0x00, 0x00, 0x00, 0x00, 0x00, 0xF0, 0xFF, 0xFF, 0x02, 0xFA,
    0xFF, 0x8F, 0x00, 0x00, 0x00, 0x00, 0x00, 0x00, 0x00, 0xF0, 0xFF, 0xFF, 0x03, 0xFB, 0xFF, 0x8F,
    0x00, 0x00, 0x00, 0x00, 0x00, 0x00, 0x00, 0xF0, 0xFF, 0xFF, 0x03, 0xFB, 0xFF, 0x8F, 0x00, 0x00,
    0x00, 0x00, 0x00, 0x00, 0x00, 0xF0, 0xFF, 0xFF, 0x04, 0xFB, 0xFF, 0x8F, 0x00, 0x00, 0x00, 0x00,
    0x00, 0x00, 0x00, 0xF0, 0xFF, 0xFF, 0x04, 0xFC, 0xFF, 0x8F, 0x00, 0x00, 0x00, 0x00, 0x00, 0x00,
    0x00, 0xF0, 0xFF, 0xFF, 0x04, 0xFC, 0xFF, 0x8F, 0x00, 0x00, 0x00, 0x00, 0x00, 0x00, 0x00, 0xF0,
    0xFF, 0xFF, 0x04, 0xFC, 0xFF, 0x8F, 0x00, 0x00, 0x00, 0x00, 0x00, 0x00, 0x00, 0xF0, 0xFF, 0xFF,
    0x04, 0xFC, 0xFF, 0x8F, 0x00, 0x00, 0x00, 0x00, 0x00, 0x00, 0x00, 0xF0, 0xFF, 0xFF, 0x04, 0xFC,
    0xFF, 0x8F, 0x00, 0x00, 0x00, 0x00, 0x00, 0x00, 0x00, 0xF0, 0xFF, 0xFF, 0x04, 0xFC, 0xFF, 0x8F,
    0x00, 0x00, 0x00, 0x00, 0x00, 0x00, 0x00, 0xF0, 0xFF, 0xFF, 0x04, 0xFB, 0xFF, 0x8F, 0x00, 0x00,
    0x00, 0x00, 0x00, 0x00, 0x00, 0xF0, 0xFF, 0xFF, 0x04, 0xFB, 0xFF, 0x8F, 0x00, 0x00, 0x00, 0x00,
    0x00, 0x00, 0x00, 0xF0, 0xFF, 0xFF, 0x03, 0xFA, 0xFF, 0x9F, 0x00, 0x00, 0x00, 0x00, 0x00, 0x00,
    0x00, 0xF0, 0xFF, 0xFF, 0x02, 0xF9, 0xFF, 0x9F, 0x00, 0x00, 0x00, 0x00, 0x00, 0x00, 0x00, 0xF1,
    0xFF, 0xFF, 0x01, 0xF7, 0xFF, 0xBF, 0x00, 0x00, 0x00, 0x00, 0x00, 0x00, 0x00, 0xF2, 0xFF, 0xFF,
    0x00, 0xF5, 0xFF, 0xDF, 0x00, 0x00, 0x00, 0x00, 0x00, 0x00, 0x00, 0xF5, 0xFF, 0xEF, 0x00, 0xF2,
    0xFF, 0xFF, 0x00, 0x00, 0x00, 0x00, 0x00, 0x00, 0x00, 0xF7, 0xFF, 0xBF, 0x00, 0xF0, 0xFF, 0xFF,
    0x04, 0x00, 0x00, 0x00, 0x00, 0x00, 0x00, 0xFB, 0xFF, 0x8F, 0x00, 0xB0, 0xFF, 0xFF, 0x09, 0x00,
    0x00, 0x00, 0x00, 0x00, 0x00, 0xFF, 0xFF, 0x4F, 0x00, 0x60, 0xFF, 0xFF, 0x0E, 0x00, 0x00, 0x00,
    0x00, 0x00, 0x60, 0xFF, 0xFF, 0x0F, 0x00, 0x10, 0xFF, 0xFF, 0x7F, 0x00, 0x00, 0x00, 0x00, 0x00,
    0xD0, 0xFF, 0xFF, 0x0A, 0x00, 0x00, 0xFA, 0xFF, 0xFF, 0x03, 0x00, 0x00, 0x00, 0x00, 0xF9, 0xFF,
    0xFF, 0x03, 0x00, 0x00, 0xF2, 0xFF, 0xFF, 0x5F, 0x00, 0x00, 0x00, 0xA0, 0xFF, 0xFF, 0xBF, 0x00,
    0x00, 0x00, 0x70, 0xFF, 0xFF, 0xFF, 0x8D, 0x45, 0x96, 0xFF, 0xFF, 0xFF, 0x2F, 0x00, 0x00, 0x00,
    0x00, 0xFA, 0xFF, 0xFF, 0xFF, 0xFF, 0xFF, 0xFF, 0xFF, 0xFF, 0x04, 0x00, 0x00, 0x00, 0x00, 0x90,
    0xFF, 0xFF, 0xFF, 0xFF, 0xFF, 0xFF, 0xFF, 0x4F, 0x00, 0x00, 0x00, 0x00, 0x00, 0x00, 0xD4, 0xFF,
    0xFF, 0xFF, 0xFF, 0xFF, 0xAF, 0x01, 0x00, 0x00, 0x00, 0x00, 0x00, 0x00, 0x00, 0x83, 0xEC, 0xFF,
    0xDF, 0x7B, 0x01, 0x00, 0x00, 0x00, 0x00, 0x00, 0x00, 0x00, 0x00, 0x00, 0x00, 0x10, 0xD7, 0x0A,
    0x00, 0x00, 0x00, 0x00, 0x00, 0x40, 0xFA, 0xFF, 0x0A, 0x00, 0x00, 0x00, 0x00, 0x71, 0xFD, 0xFF,
    0xFF, 0x0A, 0x00, 0x00, 0x00, 0xA4, 0xFF, 0xFF, 0xFF, 0xFF, 0x0A, 0x00, 0x10, 0xD7, 0xFF, 0xFF,
    0xFF, 0xFF, 0xFF, 0x0A, 0x40, 0xFA, 0xFF, 0xFF, 0xFF, 0xFF, 0xFF, 0xFF, 0x0A, 0xF3, 0xFF, 0xFF,
    0xFF, 0xFF, 0xEF, 0xFF, 0xFF, 0x0A, 0xF3, 0xFF, 0xFF, 0xFF, 0x7D, 0xA1, 0xFF, 0xFF, 0x0A, 0xF3,
    0xFF, 0xFF, 0x39, 0x00, 0xA0, 0xFF, 0xFF, 0x0A, 0xF3, 0xBF, 0x05, 0x00, 0x00, 0xA0, 0xFF, 0xFF,
    0x0A, 0x82, 0x02, 0x00, 0x00, 0x00, 0xA0, 0xFF, 0xFF, 0x0A, 0x00, 0x00, 0x00, 0x00, 0x00, 0xA0,
    0xFF, 0xFF, 0x0A, 0x00, 0x00, 0x00, 0x00, 0x00, 0xA0, 0xFF, 0xFF, 0x0A, 0x00, 0x00, 0x00, 0x00,
    0x00, 0xA0, 0xFF, 0xFF, 0x0A, 0x00, 0x00, 0x00, 0x00, 0x00, 0xA0, 0xFF, 0xFF, 0x0A, 0x00, 0x00,
    0x00, 0x00, 0x00, 0xA0, 0xFF, 0xFF, 0x0A, 0x00, 0x00, 0x00, 0x00, 0x00, 0xA0, 0xFF, 0xFF, 0x0A,
    0x00, 0x00, 0x00, 0x00, 0x00, 0xA0, 0xFF, 0xFF, 0x0A, 0x00, 0x00, 0x00, 0x00, 0x00, 0xA0, 0xFF,
    0xFF, 0x0A, 0x00, 0x00, 0x00, 0x00, 0x00, 0xA0, 0xFF, 0xFF, 0x0A, 0x00, 0x00, 0x00, 0x00, 0x00,
    0xA0, 0xFF, 0xFF, 0x0A, 0x00, 0x00, 0x00, 0x00, 0x00, 0xA0, 0xFF, 0xFF, 0x0A, 0x00, 0x00, 0x00,
    0x00, 0x00, 0xA0, 0xFF, 0xFF, 0x0A, 0x00, 0x00, 0x00, 0x00, 0x00, 0xA0, 0xFF, 0xFF, 0x0A, 0x00,
    0x00, 0x00, 0x00, 0x00, 0xA0, 0xFF, 0xFF, 0x0A, 0x00, 0x00, 0x00, 0x00, 0x00, 0xA0, 0xFF, 0xFF,
    0x0A, 0x00, 0x00, 0x00, 0x00, 0x00, 0xA0, 0xFF, 0xFF, 0x0A, 0x00, 0x00, 0x00, 0x00, 0x00, 0xA0,
    0xFF, 0xFF, 0x0A, 0x00, 0x00, 0x00, 0x00, 0x00, 0xA0, 0xFF, 0xFF, 0x0A, 0x00, 0x00, 0x00, 0x00,
    0x00, 0xA0, 0xFF, 0xFF, 0x0A, 0x00, 0x00, 0x00, 0x00, 0x00, 0xA0, 0xFF, 0xFF, 0x0A, 0x00, 0x00,
    0x00, 0x00, 0x00, 0xA0, 0xFF, 0xFF, 0x0A, 0x00, 0x00, 0x00, 0x00, 0x00, 0xA0, 0xFF, 0xFF, 0x0A,
    0x00, 0x00, 0x00, 0x00, 0x00, 0xA0, 0xFF, 0xFF, 0x0A, 0x00, 0x00, 0x00, 0x00, 0x00, 0xA0, 0xFF,
    0xFF, 0x0A, 0x00, 0x00, 0x00, 0x00, 0x00, 0xA0, 0xFF, 0xFF, 0x0A, 0x00, 0x00, 0x00, 0x00, 0x00,
    0xA0, 0xFF, 0xFF, 0x0A, 0x00, 0x00, 0x00, 0x00, 0x00, 0xA0, 0xFF, 0xFF, 0x0A, 0x00, 0x00, 0x00,
    0x00, 0x00, 0xA0, 0xFF, 0xFF, 0x0A, 0x00, 0x00, 0x00, 0x00, 0x00, 0xA0, 0xFF, 0xFF, 0x0A, 0x00,
    0x00, 0x00, 0x00, 0x00, 0xA0, 0xFF, 0xFF, 0x0A, 0x00, 0x00, 0x00, 0x00, 0x51, 0xC9, 0xFE, 0xEF,
    0xAD, 0x26, 0x00, 0x00, 0x00, 0x00, 0x00, 0x00, 0x00, 0x00, 0x92, 0xFF, 0xFF, 0xFF, 0xFF, 0xFF,
    0xFF, 0x3A, 0x00, 0x00, 0x00, 0x00, 0x00, 0x00, 0x60, 0xFF, 0xFF, 0xFF, 0xFF, 0xFF, 0xFF, 0xFF,
    0xFF, 0x07, 0x00, 0x00, 0x00, 0x00, 0x00, 0xF9, 0xFF, 0xFF, 0xFF, 0xFF, 0xFF, 0xFF, 0xFF, 0xFF,
    0x9F, 0x00, 0x00, 0x00, 0x00, 0x80, 0xFF, 0xFF, 0xFF, 0xAE, 0x57, 0x75, 0xFA, 0xFF, 0xFF, 0xFF,
    0x07, 0x00, 0x00, 0x00, 0xF5, 0xFF, 0xFF, 0x6F, 0x00, 0x00, 0x00, 0x10, 0xFA, 0xFF, 0xFF, 0x2F,
    0x00, 0x00, 0x00, 0xFD, 0xFF, 0xEF, 0x03, 0x00, 0x00, 0x00, 0x00, 0x90, 0xFF, 0xFF, 0xAF, 0x00,
    0x00, 0x60, 0xFF, 0xFF, 0x4F, 0x00, 0x00, 0x00, 0x00, 0x00, 0x00, 0xFD, 0xFF, 0xFF, 0x00, 0x00,
    0xB0, 0xFF, 0xFF, 0x0B, 0x00, 0x00, 0x00, 0x00, 0x00, 0x00, 0xF5, 0xFF, 0xFF, 0x04, 0x00, 0xF0,
    0xFF, 0xFF, 0x05, 0x00, 0x00, 0x00, 0x00, 0x00, 0x00, 0xF0, 0xFF, 0xFF, 0x06, 0x00, 0xF2, 0xFF,
    0xFF, 0x01, 0x00, 0x00, 0x00, 0x00, 0x00, 0x00, 0xD0, 0xFF, 0xFF, 0x07, 0x00, 0xF4, 0xFF, 0xFF,
    0x00, 0x00, 0x00, 0x00, 0x00, 0x00, 0x00, 0xB0, 0xFF, 0xFF, 0x08, 0x00, 0xB3, 0xBB, 0xAB, 0x00,
    0x00, 0x00, 0x00, 0x00, 0x00, 0x00, 0xC0, 0xFF, 0xFF, 0x06, 0x00, 0x00, 0x00, 0x00, 0x00, 0x00,
    0x00, 0x00, 0x00, 0x00, 0x00, 0xE0, 0xFF, 0xFF, 0x03, 0x00, 0x00, 0x00, 0x00, 0x00, 0x00, 0x00,
    0x00, 0x00, 0x00, 0x00, 0xF2, 0xFF, 0xFF, 0x00, 0x00, 0x00, 0x00, 0x00, 0x00, 0x00, 0x00, 0x00,
    0x00, 0x00, 0x00, 0xF8, 0xFF, 0xAF, 0x00, 0x00, 0x00, 0x00, 0x00, 0x00, 0x00, 0x00, 0x00, 0x00,
    0x00, 0x10, 0xFE, 0xFF, 0x3F, 0x00, 0x00, 0x00, 0x00, 0x00, 0x00, 0x00, 0x00, 0x00, 0x00, 0x00,
    0x90, 0xFF, 0xFF, 0x0B, 0x00, 0x00, 0x00, 0x00, 0x00, 0x00, 0x00, 0x00, 0x00, 0x00, 0x00, 0xF4,
    0xFF, 0xFF, 0x03, 0x00, 0x00, 0x00, 0x00, 0x00, 0x00, 0x00, 0x00, 0x00, 0x00, 0x10, 0xFE, 0xFF,
    0x9F, 0x00, 0x00, 0x00, 0x00, 0x00, 0x00, 0x00, 0x00, 0x00, 0x00, 0x00, 0xC0, 0xFF, 0xFF, 0x0E,
    0x00, 0x00, 0x00, 0x00, 0x00, 0x00, 0x00, 0x00, 0x00, 0x00, 0x00, 0xF9, 0xFF, 0xFF, 0x03, 0x00,
    0x00, 0x00, 0x00, 0x00, 0x00, 0x00, 0x00, 0x00, 0x00, 0x70, 0xFF, 0xFF, 0x7F, 0x00, 0x00, 0x00,
    0x00, 0x00, 0x00, 0x00, 0x00, 0x00, 0x00, 0x00, 0xF6, 0xFF, 0xFF, 0x0A, 0x00, 0x00, 0x00, 0x00,
    0x00, 0x00, 0x00, 0x00, 0x00, 0x00, 0x40, 0xFF, 0xFF, 0xCF, 0x00, 0x00, 0x00, 0x00, 0x00, 0x00,
    0x00, 0x00, 0x00, 0x00, 0x00, 0xF3, 0xFF, 0xFF, 0x1D, 0x00, 0x00, 0x00, 0x00, 0x00, 0x00, 0x00,
    0x00, 0x00, 0x00, 0x20, 0xFE, 0xFF, 0xEF, 0x02, 0x00, 0x00, 0x00, 0x00, 0x00, 0x00, 0x00, 0x00,
    0x00, 0x00, 0xD1, 0xFF, 0xFF, 0x2E, 0x00, 0x00, 0x00, 0x00, 0x00, 0x00, 0x00, 0x00, 0x00, 0x00,
    0x00, 0xFC, 0xFF, 0xFF, 0x03, 0x00, 0x00, 0x00, 0x00, 0x00, 0x00, 0x00, 0x00, 0x00, 0x00, 0xB0,
    0xFF, 0xFF, 0x4F, 0x00, 0x00, 0x00, 0x00, 0x00, 0x00, 0x00, 0x00, 0x00, 0x00, 0x00, 0xFA, 0xFF,
    0xFF, 0x05, 0x00, 0x00, 0x00, 0x00, 0x00, 0x00, 0x00, 0x00, 0x00, 0x00, 0x80, 0xFF, 0xFF, 0x7F,
    0x00, 0x00, 0x00, 0x00, 0x00, 0x00, 0x00, 0x00, 0x00, 0x00, 0x00, 0xF7, 0xFF, 0xFF, 0x08, 0x00,
    0x00, 0x00, 0x00, 0x00, 0x00, 0x00, 0x00, 0x00, 0x00, 0x50, 0xFF, 0xFF, 0x9F, 0x00, 0x00, 0x00,
    0x00, 0x00, 0x00, 0x00, 0x00, 0x00, 0x00, 0x00, 0xF4, 0xFF, 0xFF, 0x0A, 0x00, 0x00, 0x00, 0x00,
    0x00, 0x00, 0x00, 0x00, 0x00, 0x00, 0x20, 0xFF, 0xFF, 0xBF, 0x00, 0x00, 0x00, 0x00, 0x00, 0x00,
    0x00, 0x00, 0x00, 0x00, 0x00, 0xE1, 0xFF, 0xFF, 0x0C, 0x00, 0x00, 0x00, 0x00, 0x00, 0x00, 0x00,
    0x00, 0x00, 0x00, 0x10, 0xFD, 0xFF, 0xFF, 0x45, 0x44, 0x44, 0x44, 0x44, 0x44, 0x44, 0x44, 0x44,
    0x44, 0x01, 0x80, 0xFF, 0xFF, 0xFF, 0xFF, 0xFF, 0xFF, 0xFF, 0xFF, 0xFF, 0xFF, 0xFF, 0xFF, 0xFF,
    0x07, 0x90, 0xFF, 0xFF, 0xFF, 0xFF, 0xFF, 0xFF, 0xFF, 0xFF, 0xFF, 0xFF, 0xFF, 0xFF, 0xFF, 0x07,
    0x90, 0xFF, 0xFF, 0xFF, 0xFF, 0xFF, 0xFF, 0xFF, 0xFF, 0xFF, 0xFF, 0xFF, 0xFF, 0xFF, 0x07, 0x90,
    0xFF, 0xFF, 0xFF, 0xFF, 0xFF, 0xFF, 0xFF, 0xFF, 0xFF, 0xFF, 0xFF, 0xFF, 0xFF, 0x07, 0x00, 0x00,
    0x00, 0x00, 0x61, 0xDA, 0xFE, 0xDF, 0x8C, 0x05, 0x00, 0x00, 0x00, 0x00, 0x00, 0x00, 0x00, 0xA2,
    0xFF, 0xFF, 0xFF, 0xFF, 0xFF, 0xEF, 0x07, 0x00, 0x00, 0x00, 0x00, 0x00, 0x60, 0xFF, 0xFF, 0xFF,
    0xFF, 0xFF, 0xFF, 0xFF, 0xDF, 0x02, 0x00, 0x00, 0x00, 0x00, 0xF9, 0xFF, 0xFF, 0xFF, 0xFF, 0xFF,
    0xFF, 0xFF, 0xFF, 0x3F, 0x00, 0x00, 0x00, 0x80, 0xFF, 0xFF, 0xFF, 0x9D, 0x56, 0x75, 0xFB, 0xFF,
    0xFF, 0xEF, 0x01, 0x00, 0x00, 0xF4, 0xFF, 0xFF, 0x5F, 0x00, 0x00, 0x00, 0x10, 0xFA, 0xFF, 0xFF,
    0x0A, 0x00, 0x00, 0xFD, 0xFF, 0xEF, 0x02, 0x00, 0x00, 0x00, 0x00, 0xA0, 0xFF, 0xFF, 0x2F, 0x00,
    0x40, 0xFF, 0xFF, 0x4F, 0x00, 0x00, 0x00, 0x00, 0x00, 0x00, 0xFE, 0xFF, 0x8F, 0x00, 0x90, 0xFF,
    0xFF, 0x0C, 0x00, 0x00, 0x00, 0x00, 0x00, 0x00, 0xF8, 0xFF, 0xCF, 0x00, 0xC0, 0xFF, 0xFF, 0x07,
    0x00, 0x00, 0x00, 0x00, 0x00, 0x00, 0xF4, 0xFF, 0xFF, 0x00, 0xE0, 0xFF, 0xFF, 0x05, 0x00, 0x00,
    0x00, 0x00, 0x00, 0x00, 0xF2, 0xFF, 0xFF, 0x01, 0x50, 0x66, 0x66, 0x01, 0x00, 0x00, 0x00, 0x00,
    0x00, 0x00, 0xF1, 0xFF, 0xFF, 0x02, 0x00, 0x00, 0x00, 0x00, 0x00, 0x00, 0x00, 0x00, 0x00, 0x00,
    0xF2, 0xFF, 0xFF, 0x01, 0x00, 0x00, 0x00, 0x00, 0x00, 0x00, 0x00, 0x00, 0x00, 0x00, 0xF4, 0xFF,
    0xFF, 0x00, 0x00, 0x00, 0x00, 0x00, 0x00, 0x00, 0x00, 0x00, 0x00, 0x00, 0xF8, 0xFF, 0xBF, 0x00,
    0x00, 0x00, 0x00, 0x00, 0x00, 0x00, 0x00, 0x00, 0x00, 0x10, 0xFF, 0xFF, 0x5F, 0x00, 0x00, 0x00,
    0x00, 0x00, 0x00, 0x00, 0x00, 0x00, 0x00, 0xB0, 0xFF, 0xFF, 0x0D, 0x00, 0x00, 0x00, 0x00, 0x00,
    0x00, 0x00, 0x00, 0x00, 0x10, 0xFC, 0xFF, 0xFF, 0x03, 0x00, 0x00, 0x00, 0x00, 0x00, 0x00, 0x00,
    0x00, 0x52, 0xFA, 0xFF, 0xFF, 0x5F, 0x00, 0x00, 0x00, 0x00, 0x00, 0x00, 0xF0, 0xFF, 0xFF, 0xFF,
    0xFF, 0xFF, 0xEF, 0x04, 0x00, 0x00, 0x00, 0x00, 0x00, 0x00, 0xF0, 0xFF, 0xFF, 0xFF, 0xFF, 0xFF,
    0x19, 0x00, 0x00, 0x00, 0x00, 0x00, 0x00, 0x00, 0xF0, 0xFF, 0xFF, 0xFF, 0xFF, 0xFF, 0x3A, 0x00,
    0x00, 0x00, 0x00, 0x00, 0x00, 0x00, 0xF0, 0xFF, 0xFF, 0xFF, 0xFF, 0xFF, 0xFF, 0x0A, 0x00, 0x00,
    0x00, 0x00, 0x00, 0x00, 0x40, 0x44, 0x54, 0x86, 0xFC, 0xFF, 0xFF, 0xDF, 0x01, 0x00, 0x00, 0x00,
    0x00, 0x00, 0x00, 0x00, 0x00, 0x00, 0x20, 0xFB, 0xFF, 0xFF, 0x0C, 0x00, 0x00, 0x00, 0x00, 0x00,
    0x00, 0x00, 0x00, 0x00, 0x00, 0x70, 0xFF, 0xFF, 0x7F, 0x00, 0x00, 0x00, 0x00, 0x00, 0x00, 0x00,
    0x00, 0x00, 0x00, 0x00, 0xFA, 0xFF, 0xEF, 0x00, 0x00, 0x00, 0x00, 0x00, 0x00, 0x00, 0x00, 0x00,
    0x00, 0x00, 0xF1, 0xFF, 0xFF, 0x05, 0x00, 0x00, 0x00, 0x00, 0x00, 0x00, 0x00, 0x00, 0x00, 0x00,
    0xC0, 0xFF, 0xFF, 0x08, 0x00, 0x00, 0x00, 0x00, 0x00, 0x00, 0x00, 0x00, 0x00, 0x00, 0x80, 0xFF,
    0xFF, 0x0B, 0x00, 0x00, 0x00, 0x00, 0x00, 0x00, 0x00, 0x00, 0x00, 0x00, 0x70, 0xFF, 0xFF, 0x0C,
    0x72, 0x77, 0x67, 0x00, 0x00, 0x00, 0x00, 0x00, 0x00, 0x00, 0x70, 0xFF, 0xFF, 0x0B, 0xF4, 0xFF,
    0xFF, 0x00, 0x00, 0x00, 0x00, 0x00, 0x00, 0x00, 0x90, 0xFF, 0xFF, 0x0A, 0xF2, 0xFF, 0xFF, 0x02,
    0x00, 0x00, 0x00, 0x00, 0x00, 0x00, 0xC0, 0xFF, 0xFF, 0x08, 0xF0, 0xFF, 0xFF, 0x07, 0x00, 0x00,
    0x00, 0x00, 0x00, 0x00, 0xF1, 0xFF, 0xFF, 0x04, 0xA0, 0xFF, 0xFF, 0x1E, 0x00, 0x00, 0x00, 0x00,
    0x00, 0x00, 0xF8, 0xFF, 0xFF, 0x00, 0x40, 0xFF, 0xFF, 0xCF, 0x00, 0x00, 0x00, 0x00, 0x00, 0x50,
    0xFF, 0xFF, 0x8F, 0x00, 0x00, 0xFA, 0xFF, 0xFF, 0x3D, 0x00, 0x00, 0x00, 0x00, 0xF7, 0xFF, 0xFF,
    0x0E, 0x00, 0x00, 0xD1, 0xFF, 0xFF, 0xFF, 0x8C, 0x45, 0x65, 0xEA, 0xFF, 0xFF, 0xFF, 0x04, 0x00,
    0x00, 0x20, 0xFE, 0xFF, 0xFF, 0xFF, 0xFF, 0xFF, 0xFF, 0xFF, 0xFF, 0x5F, 0x00, 0x00, 0x00, 0x00,
    0xB1, 0xFF, 0xFF, 0xFF, 0xFF, 0xFF, 0xFF, 0xFF, 0xEF, 0x03, 0x00, 0x00, 0x00, 0x00, 0x00, 0xC5,
    0xFF, 0xFF, 0xFF, 0xFF, 0xFF, 0xEF, 0x07, 0x00, 0x00, 0x00, 0x00, 0x00, 0x00, 0x00, 0x73, 0xDB,
    0xFE, 0xDF, 0x8C, 0x04, 0x00, 0x00, 0x00, 0x00, 0x00, 0x00, 0x00, 0x00, 0x00, 0x00, 0x00, 0x00,
    0x00, 0xF5, 0xFF, 0xFF, 0x08, 0x00, 0x00, 0x00, 0x00, 0x00, 0x00, 0x00, 0x00, 0x00, 0x00, 0x00,
    0x10, 0xFE, 0xFF, 0xFF, 0x08, 0x00, 0x00, 0x00, 0x00, 0x00, 0x00, 0x00, 0x00, 0x00, 0x00, 0x00,
    0xA0, 0xFF, 0xFF, 0xFF, 0x08, 0x00, 0x00, 0x00, 0x00, 0x00, 0x00, 0x00, 0x00, 0x00, 0x00, 0x00,
    0xF5, 0xFF, 0xFF, 0xFF, 0x08, 0x00, 0x00, 0x00, 0x00, 0x00, 0x00, 0x00, 0x00, 0x00, 0x00, 0x10,
    0xFE, 0xFF, 0xFF, 0xFF, 0x08, 0x00, 0x00, 0x00, 0x00, 0x00, 0x00, 0x00, 0x00, 0x00, 0x00, 0xA0,
    0xFF, 0xFF, 0xFF, 0xFF, 0x08, 0x00, 0x00, 0x00, 0x00, 0x00, 0x00, 0x00, 0x00, 0x00, 0x00, 0xF4,
    0xFF, 0xFF, 0xFF, 0xFF, 0x08, 0x00, 0x00, 0x00, 0x00, 0x00, 0x00, 0x00, 0x00, 0x00, 0x00, 0xFE,
    0xFF, 0xDF, 0xFF, 0xFF, 0x08, 0x00, 0x00, 0x00, 0x00, 0x00, 0x00, 0x00, 0x00, 0x00, 0x90, 0xFF,
    0xFF, 0xB7, 0xFF, 0xFF, 0x08, 0x00, 0x00, 0x00, 0x00, 0x00, 0x00, 0x00, 0x00, 0x00, 0xF4, 0xFF,
    0xDF, 0xB0, 0xFF, 0xFF, 0x08, 0x00, 0x00, 0x00, 0x00, 0x00, 0x00, 0x00, 0x00, 0x00, 0xFD, 0xFF,
    0x3F, 0xB0, 0xFF, 0xFF, 0x08, 0x00, 0x00, 0x00, 0x00, 0x00, 0x00, 0x00, 0x00, 0x90, 0xFF, 0xFF,
    0x08, 0xB0, 0xFF, 0xFF, 0x08, 0x00, 0x00, 0x00, 0x00, 0x00, 0x00, 0x00, 0x00, 0xF3, 0xFF, 0xDF,
    0x00, 0xB0, 0xFF, 0xFF, 0x08, 0x00, 0x00, 0x00, 0x00, 0x00, 0x00, 0x00, 0x00, 0xFD, 0xFF, 0x3F,
    0x00, 0xB0, 0xFF, 0xFF, 0x08, 0x00, 0x00, 0x00, 0x00, 0x00, 0x00, 0x00, 0x80, 0xFF, 0xFF, 0x09,
    0x00, 0xB0, 0xFF, 0xFF, 0x08, 0x00, 0x00, 0x00, 0x00, 0x00, 0x00, 0x00, 0xF3, 0xFF, 0xEF, 0x00,
    0x00, 0xB0, 0xFF, 0xFF, 0x08, 0x00, 0x00, 0x00, 0x00, 0x00, 0x00, 0x00, 0xFD, 0xFF, 0x4F, 0x00,
    0x00, 0xB0, 0xFF, 0xFF, 0x08, 0x00, 0x00, 0x00, 0x00, 0x00, 0x00, 0x80, 0xFF, 0xFF, 0x0A, 0x00,
    0x00, 0xB0, 0xFF, 0xFF, 0x08, 0x00, 0x00, 0x00, 0x00, 0x00, 0x00, 0xF2, 0xFF, 0xEF, 0x01, 0x00,
    0x00, 0xB0, 0xFF, 0xFF, 0x08, 0x00, 0x00, 0x00, 0x00, 0x00, 0x00, 0xFC, 0xFF, 0x5F, 0x00, 0x00,
    0x00, 0xB0, 0xFF, 0xFF, 0x08, 0x00, 0x00, 0x00, 0x00, 0x00, 0x70, 0xFF, 0xFF, 0x0A, 0x00, 0x00,
    0x00, 0xB0, 0xFF, 0xFF, 0x08, 0x00, 0x00, 0x00, 0x00, 0x00, 0xF2, 0xFF, 0xEF, 0x01, 0x00, 0x00,
    0x00, 0xB0, 0xFF, 0xFF, 0x08, 0x00, 0x00, 0x00, 0x00, 0x00, 0xFC, 0xFF, 0x6F, 0x00, 0x00, 0x00,
    0x00, 0xB0, 0xFF, 0xFF, 0x08, 0x00, 0x00, 0x00, 0x00, 0x60, 0xFF, 0xFF, 0x0B, 0x00, 0x00, 0x00,
    0x00, 0xB0, 0xFF, 0xFF, 0x08, 0x00, 0x00, 0x00, 0x00, 0xF2, 0xFF, 0xFF, 0x02, 0x00, 0x00, 0x00,
    0x00, 0xB0, 0xFF, 0xFF, 0x08, 0x00, 0x00, 0x00, 0x00, 0xFB, 0xFF, 0x6F, 0x00, 0x00, 0x00, 0x00,
    0x00, 0xB0, 0xFF, 0xFF, 0x08, 0x00, 0x00, 0x00, 0x60, 0xFF, 0xFF, 0x0C, 0x00, 0x00, 0x00, 0x00,
    0x00, 0xB0, 0xFF, 0xFF, 0x08, 0x00, 0x00, 0x00, 0xF1, 0xFF, 0xFF, 0xFF, 0xFF, 0xFF, 0xFF, 0xFF,
    0xFF, 0xFF, 0xFF, 0xFF, 0xFF, 0xFF, 0xFF, 0x04, 0xF7, 0xFF, 0xFF, 0xFF, 0xFF, 0xFF, 0xFF, 0xFF,
    0xFF, 0xFF, 0xFF, 0xFF, 0xFF, 0xFF, 0xFF, 0x04, 0xF8, 0xFF, 0xFF, 0xFF, 0xFF, 0xFF, 0xFF, 0xFF,
    0xFF, 0xFF, 0xFF, 0xFF, 0xFF, 0xFF, 0xFF, 0x04, 0xF8, 0xFF, 0xFF, 0xFF, 0xFF, 0xFF, 0xFF, 0xFF,
    0xFF, 0xFF, 0xFF, 0xFF, 0xFF, 0xFF, 0xFF, 0x04, 0x42, 0x44, 0x44, 0x44, 0x44, 0x44, 0x44, 0x44,
    0x44, 0xC4, 0xFF, 0xFF, 0x4A, 0x44, 0x44, 0x01, 0x00, 0x00, 0x00, 0x00, 0x00, 0x00, 0x00, 0x00,
    0x00, 0xB0, 0xFF, 0xFF, 0x08, 0x00, 0x00, 0x00, 0x00, 0x00, 0x00, 0x00, 0x00, 0x00, 0x00, 0x00,
    0x00, 0xB0, 0xFF, 0xFF, 0x08, 0x00, 0x00, 0x00, 0x00, 0x00, 0x00, 0x00, 0x00, 0x00, 0x00, 0x00,
    0x00, 0xB0, 0xFF, 0xFF, 0x08, 0x00, 0x00, 0x00, 0x00, 0x00, 0x00, 0x00, 0x00, 0x00, 0x00, 0x00,
    0x00, 0xB0, 0xFF, 0xFF, 0x08, 0x00, 0x00, 0x00, 0x00, 0x00, 0x00, 0x00, 0x00, 0x00, 0x00, 0x00,
    0x00, 0xB0, 0xFF, 0xFF, 0x08, 0x00, 0x00, 0x00, 0x00, 0x00, 0x00, 0x00, 0x00, 0x00, 0x00, 0x00,
    0x00, 0xB0, 0xFF, 0xFF, 0x08, 0x00, 0x00, 0x00, 0x00, 0x00, 0x00, 0x00, 0x00, 0x00, 0x00, 0x00,
    0x00, 0xB0, 0xFF, 0xFF, 0x08, 0x00, 0x00, 0x00, 0x00, 0x00, 0x00, 0x00, 0x00, 0x00, 0x00, 0x00,
    0x00, 0xB0, 0xFF, 0xFF, 0x08, 0x00, 0x00, 0x00, 0x00, 0x00, 0x00, 0x00, 0x00, 0x00, 0x00, 0x00,
    0x00, 0xB0, 0xFF, 0xFF, 0x08, 0x00, 0x00, 0x00, 0x00, 0x10, 0xFF, 0xFF, 0xFF, 0xFF, 0xFF, 0xFF,
    0xFF, 0xFF, 0xFF, 0xFF, 0x1F, 0x00, 0x00, 0x30, 0xFF, 0xFF, 0xFF, 0xFF, 0xFF, 0xFF, 0xFF, 0xFF,
    0xFF, 0xFF, 0x1F, 0x00, 0x00, 0x50, 0xFF, 0xFF, 0xFF, 0xFF, 0xFF, 0xFF, 0xFF, 0xFF, 0xFF, 0xFF,
    0x1F, 0x00, 0x00, 0x60, 0xFF, 0xFF, 0xFF, 0xFF, 0xFF, 0xFF, 0xFF, 0xFF, 0xFF, 0xFF, 0x1F, 0x00,
    0x00, 0x80, 0xFF, 0xFF, 0xDE, 0xDD, 0xDD, 0xDD, 0xDD, 0xDD, 0xDD, 0xDD, 0x0D, 0x00, 0x00, 0xA0,
    0xFF, 0xFF, 0x04, 0x00, 0x00, 0x00, 0x00, 0x00, 0x00, 0x00, 0x00, 0x00, 0x00, 0xB0, 0xFF, 0xFF,
    0x02, 0x00, 0x00, 0x00, 0x00, 0x00, 0x00, 0x00, 0x00, 0x00, 0x00, 0xD0, 0xFF, 0xFF, 0x01, 0x00,
    0x00, 0x00, 0x00, 0x00, 0x00, 0x00, 0x00, 0x00, 0x00, 0xF0, 0xFF, 0xFF, 0x00, 0x00, 0x00, 0x00,
    0x00, 0x00, 0x00, 0x00, 0x00, 0x00, 0x00, 0xF0, 0xFF, 0xDF, 0x00, 0x00, 0x00, 0x00, 0x00, 0x00,
    0x00, 0x00, 0x00, 0x00, 0x00, 0xF2, 0xFF, 0xBF, 0x00, 0x00, 0x00, 0x00, 0x00, 0x00, 0x00, 0x00,
    0x00, 0x00, 0x00, 0xF4, 0xFF, 0x9F, 0x00, 0x00, 0x00, 0x00, 0x00, 0x00, 0x00, 0x00, 0x00, 0x00,
    0x00, 0xF5, 0xFF, 0x7F, 0x00, 0x00, 0x00, 0x00, 0x00, 0x00, 0x00, 0x00, 0x00, 0x00, 0x00, 0xF7,
    0xFF, 0x6F, 0x00, 0x00, 0x00, 0x00, 0x00, 0x00, 0x00, 0x00, 0x00, 0x00, 0x00, 0xF9, 0xFF, 0x4F,
    0x40, 0xC9, 0xFE, 0xDF, 0x8C, 0x03, 0x00, 0x00, 0x00, 0x00, 0x00, 0xFA, 0xFF, 0x8F, 0xFE, 0xFF,
    0xFF, 0xFF, 0xFF, 0xCF, 0x03, 0x00, 0x00, 0x00, 0x00, 0xFC, 0xFF, 0xFF, 0xFF, 0xFF, 0xFF, 0xFF,
    0xFF, 0xFF, 0x8F, 0x00, 0x00, 0x00, 0x00, 0xFE, 0xFF, 0xFF, 0xFF, 0xFF, 0xFF, 0xFF, 0xFF, 0xFF,
    0xFF, 0x09, 0x00, 0x00, 0x00, 0xFF, 0xFF, 0xFF, 0xFF, 0xCE, 0xCB, 0xFE, 0xFF, 0xFF, 0xFF, 0x7F,
    0x00, 0x00, 0x10, 0xFF, 0xFF, 0xFF, 0x29, 0x00, 0x00, 0x20, 0xF8, 0xFF, 0xFF, 0xFF, 0x02, 0x00,
    0x00, 0xB7, 0xFE, 0x2D, 0x00, 0x00, 0x00, 0x00, 0x20, 0xFE, 0xFF, 0xFF, 0x0A, 0x00, 0x00, 0x00,
    0x30, 0x01, 0x00, 0x00, 0x00, 0x00, 0x00, 0xF2, 0xFF, 0xFF, 0x2F, 0x00, 0x00, 0x00, 0x00, 0x00,
    0x00, 0x00, 0x00, 0x00, 0x00, 0x50, 0xFF, 0xFF, 0x7F, 0x00, 0x00, 0x00, 0x00, 0x00, 0x00, 0x00,
    0x00, 0x00, 0x00, 0x00, 0xFD, 0xFF, 0xBF, 0x00, 0x00, 0x00, 0x00, 0x00, 0x00, 0x00, 0x00, 0x00,
    0x00, 0x00, 0xF7, 0xFF, 0xFF, 0x00, 0x00, 0x00, 0x00, 0x00, 0x00, 0x00, 0x00, 0x00, 0x00, 0x00,
    0xF3, 0xFF, 0xFF, 0x01, 0x00, 0x00, 0x00, 0x00, 0x00, 0x00, 0x00, 0x00, 0x00, 0x00, 0xF1, 0xFF,
    0xFF, 0x02, 0x00, 0x00, 0x00, 0x00, 0x00, 0x00, 0x00, 0x00, 0x00, 0x00, 0xF0, 0xFF, 0xFF, 0x03,
    0x00, 0x00, 0x00, 0x00, 0x00, 0x00, 0x00, 0x00, 0x00, 0x00, 0xF0, 0xFF, 0xFF, 0x03, 0x00, 0x00,
    0x00, 0x00, 0x00, 0x00, 0x00, 0x00, 0x00, 0x00, 0xF0, 0xFF, 0xFF, 0x02, 0x63, 0x66, 0x26, 0x00,
    0x00, 0x00, 0x00, 0x00, 0x00, 0x00, 0xF2, 0xFF, 0xFF, 0x01, 0xF7, 0xFF, 0x7F, 0x00, 0x00, 0x00,
    0x00, 0x00, 0x00, 0x00, 0xF5, 0xFF, 0xFF, 0x00, 0xF5, 0xFF, 0xBF, 0x00, 0x00, 0x00, 0x00, 0x00,
    0x00, 0x00, 0xFA, 0xFF, 0xBF, 0x00, 0xF1, 0xFF, 0xFF, 0x02, 0x00, 0x00, 0x00, 0x00, 0x00, 0x10,
    0xFF, 0xFF, 0x7F, 0x00, 0xB0, 0xFF, 0xFF, 0x0A, 0x00, 0x00, 0x00, 0x00, 0x00, 0xA0, 0xFF, 0xFF,
    0x2F, 0x00, 0x50, 0xFF, 0xFF, 0x7F, 0x00, 0x00, 0x00, 0x00, 0x00, 0xF6, 0xFF, 0xFF, 0x0A, 0x00,
    0x00, 0xFB, 0xFF, 0xFF, 0x19, 0x00, 0x00, 0x00, 0x80, 0xFF, 0xFF, 0xFF, 0x02, 0x00, 0x00, 0xE2,
    0xFF, 0xFF, 0xFF, 0x6A, 0x45, 0x96, 0xFE, 0xFF, 0xFF, 0x6F, 0x00, 0x00, 0x00, 0x30, 0xFF, 0xFF,
    0xFF, 0xFF, 0xFF, 0xFF, 0xFF, 0xFF, 0xFF, 0x08, 0x00, 0x00, 0x00, 0x00, 0xC2, 0xFF, 0xFF, 0xFF,
    0xFF, 0xFF, 0xFF, 0xFF, 0x6F, 0x00, 0x00, 0x00, 0x00, 0x00, 0x00, 0xE7, 0xFF, 0xFF, 0xFF, 0xFF,
    0xFF, 0xAF, 0x02, 0x00, 0x00, 0x00, 0x00, 0x00, 0x00, 0x00, 0x84, 0xEC, 0xFF, 0xDE, 0x6A, 0x01,
    0x00, 0x00, 0x00, 0x00, 0x00, 0x00, 0x00, 0x00, 0x00, 0x00, 0x10, 0x84, 0xDB, 0xFE, 0x0F, 0x00,
    0x00, 0x00, 0x00, 0x00, 0x00, 0x00, 0x00, 0x40, 0xFB, 0xFF, 0xFF, 0xFF, 0x0F, 0x00, 0x00, 0x00,
    0x00, 0x00, 0x00, 0x00, 0x40, 0xFC, 0xFF, 0xFF, 0xFF, 0xFF, 0x0F, 0x00, 0x00, 0x00, 0x00, 0x00,
    0x00, 0x00, 0xF9, 0xFF, 0xFF, 0xFF, 0xFF, 0xFF, 0x0F, 0x00, 0x00, 0x00, 0x00, 0x00, 0x00, 0xB0,
    0xFF, 0xFF, 0xFF, 0xFF, 0xAE, 0x89, 0x07, 0x00, 0x00, 0x00, 0x00, 0x00, 0x00, 0xFC, 0xFF, 0xFF,
    0xDF, 0x26, 0x00, 0x00, 0x00, 0x00, 0x00, 0x00, 0x00, 0x00, 0xA0, 0xFF, 0xFF, 0xEF, 0x06, 0x00,
    0x00, 0x00, 0x00, 0x00, 0x00, 0x00, 0x00, 0x00, 0xF5, 0xFF, 0xFF, 0x2C, 0x00, 0x00, 0x00, 0x00,
    0x00, 0x00, 0x00, 0x00, 0x00, 0x00, 0xFE, 0xFF, 0xCF, 0x00, 0x00, 0x00, 0x00, 0x00, 0x00, 0x00,
    0x00, 0x00, 0x00, 0x70, 0xFF, 0xFF, 0x1E, 0x00, 0x00, 0x00, 0x00, 0x00, 0x00, 0x00, 0x00, 0x00,
    0x00, 0xE0, 0xFF, 0xFF, 0x05, 0x00, 0x00, 0x00, 0x00, 0x00, 0x00, 0x00, 0x00, 0x00, 0x00, 0xF5,
    0xFF, 0xCF, 0x00, 0x00, 0x00, 0x00, 0x00, 0x00, 0x00, 0x00, 0x00, 0x00, 0x00, 0xFB, 0xFF, 0x4F,
    0x00, 0x00, 0x00, 0x00, 0x00, 0x00, 0x00, 0x00, 0x00, 0x00, 0x00, 0xFF, 0xFF, 0x0F, 0x00, 0x00,
    0x00, 0x00, 0x00, 0x00, 0x00, 0x00, 0x00, 0x00, 0x40, 0xFF, 0xFF, 0x0A, 0x00, 0x83, 0xDC, 0xFF,
    0xBD, 0x27, 0x00, 0x00, 0x00, 0x00, 0x80, 0xFF, 0xFF, 0x07, 0xC4, 0xFF, 0xFF, 0xFF, 0xFF, 0xFF,
    0x1A, 0x00, 0x00, 0x00, 0xB0, 0xFF, 0xFF, 0x84, 0xFF, 0xFF, 0xFF, 0xFF, 0xFF, 0xFF, 0xEF, 0x03,
    0x00, 0x00, 0xD0, 0xFF, 0xFF, 0xFB, 0xFF, 0xFF, 0xFF, 0xFF, 0xFF, 0xFF, 0xFF, 0x3F, 0x00, 0x00,
    0xF0, 0xFF, 0xFF, 0xFF, 0xFF, 0xCF, 0x68, 0x86, 0xFC, 0xFF, 0xFF, 0xEF, 0x01, 0x00, 0xF1, 0xFF,
    0xFF, 0xFF, 0xCF, 0x03, 0x00, 0x00, 0x40, 0xFD, 0xFF, 0xFF, 0x0B, 0x00, 0xF2, 0xFF, 0xFF, 0xFF,
    0x09, 0x00, 0x00, 0x00, 0x00, 0xD1, 0xFF, 0xFF, 0x3F, 0x00, 0xF3, 0xFF, 0xFF, 0x9F, 0x00, 0x00,
    0x00, 0x00, 0x00, 0x20, 0xFF, 0xFF, 0xAF, 0x00, 0xF3, 0xFF, 0xFF, 0x0C, 0x00, 0x00, 0x00, 0x00,
    0x00, 0x00, 0xF9, 0xFF, 0xFF, 0x00, 0xF4, 0xFF, 0xFF, 0x04, 0x00, 0x00, 0x00, 0x00, 0x00, 0x00,
    0xF2, 0xFF, 0xFF, 0x04, 0xF4, 0xFF, 0xFF, 0x00, 0x00, 0x00, 0x00, 0x00, 0x00, 0x00, 0xD0, 0xFF,
    0xFF, 0x08, 0xF4, 0xFF, 0xFF, 0x00, 0x00, 0x00, 0x00, 0x00, 0x00, 0x00, 0x90, 0xFF, 0xFF, 0x0A,
    0xF3, 0xFF, 0xFF, 0x00, 0x00, 0x00, 0x00, 0x00, 0x00, 0x00, 0x70, 0xFF, 0xFF, 0x0B, 0xF2, 0xFF,
    0xFF, 0x01, 0x00, 0x00, 0x00, 0x00, 0x00, 0x00, 0x60, 0xFF, 0xFF, 0x0C, 0xF1, 0xFF, 0xFF, 0x02,
    0x00, 0x00, 0x00, 0x00, 0x00, 0x00, 0x60, 0xFF, 0xFF, 0x0B, 0xF0, 0xFF, 0xFF, 0x05, 0x00, 0x00,
    0x00, 0x00, 0x00, 0x00, 0x70, 0xFF, 0xFF, 0x0A, 0xB0, 0xFF, 0xFF, 0x08, 0x00, 0x00, 0x00, 0x00,
    0x00, 0x00, 0x90, 0xFF, 0xFF, 0x09, 0x80, 0xFF, 0xFF, 0x0D, 0x00, 0x00, 0x00, 0x00, 0x00, 0x00,
    0xC0, 0xFF, 0xFF, 0x06, 0x30, 0xFF, 0xFF, 0x3F, 0x00, 0x00, 0x00, 0x00, 0x00, 0x00, 0xF1, 0xFF,
    0xFF, 0x03, 0x00, 0xFC, 0xFF, 0xBF, 0x00, 0x00, 0x00, 0x00, 0x00, 0x00, 0xF8, 0xFF, 0xEF, 0x00,
    0x00, 0xF6, 0xFF, 0xFF, 0x05, 0x00, 0x00, 0x00, 0x00, 0x20, 0xFF, 0xFF, 0x8F, 0x00, 0x00, 0xD0,
    0xFF, 0xFF, 0x3F, 0x00, 0x00, 0x00, 0x00, 0xD1, 0xFF, 0xFF, 0x1F, 0x00, 0x00, 0x30, 0xFF, 0xFF,
    0xFF, 0x06, 0x00, 0x00, 0x30, 0xFD, 0xFF, 0xFF, 0x08, 0x00, 0x00, 0x00, 0xF8, 0xFF, 0xFF, 0xDF,
    0x68, 0x75, 0xFC, 0xFF, 0xFF, 0xCF, 0x00, 0x00, 0x00, 0x00, 0x90, 0xFF, 0xFF, 0xFF, 0xFF, 0xFF,
    0xFF, 0xFF, 0xFF, 0x1D, 0x00, 0x00, 0x00, 0x00, 0x00, 0xF7, 0xFF, 0xFF, 0xFF, 0xFF, 0xFF, 0xFF,
    0xBF, 0x00, 0x00, 0x00, 0x00, 0x00, 0x00, 0x30, 0xFC, 0xFF, 0xFF, 0xFF, 0xFF, 0xDF, 0x05, 0x00,
    0x00, 0x00, 0x00, 0x00, 0x00, 0x00, 0x30, 0xC8, 0xFE, 0xDF, 0x8C, 0x04, 0x00, 0x00, 0x00, 0x00,
    0xFD, 0xFF, 0xFF, 0xFF, 0xFF, 0xFF, 0xFF, 0xFF, 0xFF, 0xFF, 0xFF, 0xFF, 0xFF, 0xFF, 0x00, 0xFD,
    0xFF, 0xFF, 0xFF, 0xFF, 0xFF, 0xFF, 0xFF, 0xFF, 0xFF, 0xFF, 0xFF, 0xFF, 0xFF, 0x00, 0xFD, 0xFF,
    0xFF, 0xFF, 0xFF, 0xFF, 0xFF, 0xFF, 0xFF, 0xFF, 0xFF, 0xFF, 0xFF, 0xFF, 0x00, 0xFD, 0xFF, 0xFF,
    0xFF, 0xFF, 0xFF, 0xFF, 0xFF, 0xFF, 0xFF, 0xFF, 0xFF, 0xFF, 0xCF, 0x00, 0x54, 0x55, 0x55, 0x55,
    0x55, 0x55, 0x55, 0x55, 0x55, 0x55, 0x55, 0xFC, 0xFF, 0x5F, 0x00, 0x00, 0x00, 0x00, 0x00, 0x00,
    0x00, 0x00, 0x00, 0x00, 0x00, 0x10, 0xFF, 0xFF, 0x0E, 0x00, 0x00, 0x00, 0x00, 0x00, 0x00, 0x00,
    0x00, 0x00, 0x00, 0x00, 0x80, 0xFF, 0xFF, 0x07, 0x00, 0x00, 0x00, 0x00, 0x00, 0x00, 0x00, 0x00,
    0x00, 0x00, 0x00, 0xE0, 0xFF, 0xFF, 0x00, 0x00, 0x00, 0x00, 0x00, 0x00, 0x00, 0x00, 0x00, 0x00,
    0x00, 0x00, 0xF7, 0xFF, 0x8F, 0x00, 0x00, 0x00, 0x00, 0x00, 0x00, 0x00, 0x00, 0x00, 0x00, 0x00,
    0x00, 0xFE, 0xFF, 0x1F, 0x00, 0x00, 0x00, 0x00, 0x00, 0x00, 0x00, 0x00, 0x00, 0x00, 0x00, 0x50,
    0xFF, 0xFF, 0x0A, 0x00, 0x00, 0x00, 0x00, 0x00, 0x00, 0x00, 0x00, 0x00, 0x00, 0x00, 0xD0, 0xFF,
    0xFF, 0x03, 0x00, 0x00, 0x00, 0x00, 0x00, 0x00, 0x00, 0x00, 0x00, 0x00, 0x00, 0xF4, 0xFF, 0xCF,
    0x00, 0x00, 0x00, 0x00, 0x00, 0x00, 0x00, 0x00, 0x00, 0x00, 0x00, 0x00, 0xFC, 0xFF, 0x4F, 0x00,
    0x00, 0x00, 0x00, 0x00, 0x00, 0x00, 0x00, 0x00, 0x00, 0x00, 0x30, 0xFF, 0xFF, 0x0D, 0x00, 0x00,
    0x00, 0x00, 0x00, 0x00, 0x00, 0x00, 0x00, 0x00, 0x00, 0xB0, 0xFF, 0xFF, 0x06, 0x00, 0x00, 0x00,
    0x00, 0x00, 0x00, 0x00, 0x00, 0x00, 0x00, 0x00, 0xF2, 0xFF, 0xEF, 0x00, 0x00, 0x00, 0x00, 0x00,
    0x00, 0x00, 0x00, 0x00, 0x00, 0x00, 0x00, 0xF9, 0xFF, 0x8F, 0x00, 0x00, 0x00, 0x00, 0x00, 0x00,
    0x00, 0x00, 0x00, 0x00, 0x00, 0x10, 0xFF, 0xFF, 0x1F, 0x00, 0x00, 0x00, 0x00, 0x00, 0x00, 0x00,
    0x00, 0x00, 0x00, 0x00, 0x80, 0xFF, 0xFF, 0x09, 0x00, 0x00, 0x00, 0x00, 0x00, 0x00, 0x00, 0x00,
    0x00, 0x00, 0x00, 0xF0, 0xFF, 0xFF, 0x02, 0x00, 0x00, 0x00, 0x00, 0x00, 0x00, 0x00, 0x00, 0x00,
    0x00, 0x00, 0xF7, 0xFF, 0xBF, 0x00, 0x00, 0x00, 0x00, 0x00, 0x00, 0x00, 0x00, 0x00, 0x00, 0x00,
    0x00, 0xFE, 0xFF, 0x4F, 0x00, 0x00, 0x00, 0x00, 0x00, 0x00, 0x00, 0x00, 0x00, 0x00, 0x00, 0x60,
    0xFF, 0xFF, 0x0D, 0x00, 0x00, 0x00, 0x00, 0x00, 0x00, 0x00, 0x00, 0x00, 0x00, 0x00, 0xD0, 0xFF,
    0xFF, 0x05, 0x00, 0x00, 0x00, 0x00, 0x00, 0x00, 0x00, 0x00, 0x00, 0x00, 0x00, 0xF5, 0xFF, 0xEF,
    0x00, 0x00, 0x00, 0x00, 0x00, 0x00, 0x00, 0x00, 0x00, 0x00, 0x00, 0x00, 0xFC, 0xFF, 0x7F, 0x00,
    0x00, 0x00, 0x00, 0x00, 0x00, 0x00, 0x00, 0x00, 0x00, 0x00, 0x40, 0xFF, 0xFF, 0x1F, 0x00, 0x00,
    0x00, 0x00, 0x00, 0x00, 0x00, 0x00, 0x00, 0x00, 0x00, 0xB0, 0xFF, 0xFF, 0x09, 0x00, 0x00, 0x00,
    0x00, 0x00, 0x00, 0x00, 0x00, 0x00, 0x00, 0x00, 0xF2, 0xFF, 0xFF, 0x02, 0x00, 0x00, 0x00, 0x00,
    0x00, 0x00, 0x00, 0x00, 0x00, 0x00, 0x00, 0xFA, 0xFF, 0xAF, 0x00, 0x00, 0x00, 0x00, 0x00, 0x00,
    0x00, 0x00, 0x00, 0x00, 0x00, 0x20, 0xFF, 0xFF, 0x3F, 0x00, 0x00, 0x00, 0x00, 0x00, 0x00, 0x00,
    0x00, 0x00, 0x00, 0x00, 0x90, 0xFF, 0xFF, 0x0C, 0x00, 0x00, 0x00, 0x00, 0x00, 0x00, 0x00, 0x00,
    0x00, 0x00, 0x00, 0xF1, 0xFF, 0xFF, 0x05, 0x00, 0x00, 0x00, 0x00, 0x00, 0x00, 0x00, 0x00, 0x00,
    0x00, 0x00, 0xF8, 0xFF, 0xDF, 0x00, 0x00, 0x00, 0x00, 0x00, 0x00, 0x00, 0x00, 0x00, 0x00, 0x00,
    0x00, 0xFE, 0xFF, 0x6F, 0x00, 0x00, 0x00, 0x00, 0x00, 0x00, 0x00, 0x00, 0x00, 0x00, 0x00, 0x60,
    0xFF, 0xFF, 0x0F, 0x00, 0x00, 0x00, 0x00, 0x00, 0x00, 0x00, 0x00, 0x00, 0x00, 0x00, 0xE0, 0xFF,
    0xFF, 0x08, 0x00, 0x00, 0x00, 0x00, 0x00, 0x00, 0x00, 0x00, 0x00, 0x00, 0x00, 0xF5, 0xFF, 0xFF,
    0x01, 0x00, 0x00, 0x00, 0x00, 0x00, 0x00, 0x00, 0x00, 0x00, 0x00, 0x00, 0xFD, 0xFF, 0xAF, 0x00,
    0x00, 0x00, 0x00, 0x00, 0x00, 0x00, 0x00, 0x00, 0x00, 0x00, 0x40, 0xFF, 0xFF, 0x3F, 0x00, 0x00,
    0x00, 0x00, 0x00, 0x00, 0x00, 0x00, 0x00, 0x00, 0x00, 0x00, 0x00, 0x83, 0xDB, 0xFF, 0xDE, 0x6A,
    0x01, 0x00, 0x00, 0x00, 0x00, 0x00, 0x00, 0x00, 0xC5, 0xFF, 0xFF, 0xFF, 0xFF, 0xFF, 0x9F, 0x01,
    0x00, 0x00, 0x00, 0x00, 0x00, 0xA0, 0xFF, 0xFF, 0xFF, 0xFF, 0xFF, 0xFF, 0xFF, 0x4E, 0x00, 0x00,
    0x00, 0x00, 0x00, 0xFC, 0xFF, 0xFF, 0xFF, 0xFF, 0xFF, 0xFF, 0xFF, 0xFF, 0x06, 0x00, 0x00, 0x00,
    0xA0, 0xFF, 0xFF, 0xFF, 0x8D, 0x56, 0xA6, 0xFF, 0xFF, 0xFF, 0x4F, 0x00, 0x00, 0x00, 0xF5, 0xFF,
    0xFF, 0x5F, 0x00, 0x00, 0x00, 0xB1, 0xFF, 0xFF, 0xDF, 0x00, 0x00, 0x00, 0xFD, 0xFF, 0xFF, 0x02,
    0x00, 0x00, 0x00, 0x00, 0xFA, 0xFF, 0xFF, 0x06, 0x00, 0x30, 0xFF, 0xFF, 0x6F, 0x00, 0x00, 0x00,
    0x00, 0x00, 0xE0, 0xFF, 0xFF, 0x0C, 0x00, 0x70, 0xFF, 0xFF, 0x0E, 0x00, 0x00, 0x00, 0x00, 0x00,
    0x60, 0xFF, 0xFF, 0x1F, 0x00, 0xA0, 0xFF, 0xFF, 0x0A, 0x00, 0x00, 0x00, 0x00, 0x00, 0x10, 0xFF,
    0xFF, 0x4F, 0x00, 0xC0, 0xFF, 0xFF, 0x07, 0x00, 0x00, 0x00, 0x00, 0x00, 0x00, 0xFE, 0xFF, 0x5F,
    0x00, 0xD0, 0xFF, 0xFF, 0x06, 0x00, 0x00, 0x00, 0x00, 0x00, 0x00, 0xFD, 0xFF, 0x6F, 0x00, 0xC0,
    0xFF, 0xFF, 0x06, 0x00, 0x00, 0x00, 0x00, 0x00, 0x00, 0xFE, 0xFF, 0x6F, 0x00, 0xB0, 0xFF, 0xFF,
    0x08, 0x00, 0x00, 0x00, 0x00, 0x00, 0x00, 0xFF, 0xFF, 0x4F, 0x00, 0x70, 0xFF, 0xFF, 0x0D, 0x00,
    0x00, 0x00, 0x00, 0x00, 0x40, 0xFF, 0xFF, 0x0F, 0x00, 0x20, 0xFF, 0xFF, 0x3F, 0x00, 0x00, 0x00,
    0x00, 0x00, 0xB0, 0xFF, 0xFF, 0x0B, 0x00, 0x00, 0xFB, 0xFF, 0xDF, 0x00, 0x00, 0x00, 0x00, 0x00,
    0xF5, 0xFF, 0xFF, 0x03, 0x00, 0x00, 0xF2, 0xFF, 0xFF, 0x1C, 0x00, 0x00, 0x00, 0x50, 0xFF, 0xFF,
    0xAF, 0x00, 0x00, 0x00, 0x50, 0xFF, 0xFF, 0xFF, 0x38, 0x01, 0x51, 0xFB, 0xFF, 0xFF, 0x0C, 0x00,
    0x00, 0x00, 0x00, 0xF5, 0xFF, 0xFF, 0xFF, 0xFF, 0xFF, 0xFF, 0xFF, 0xCF, 0x01, 0x00, 0x00, 0x00,
    0x00, 0x30, 0xFC, 0xFF, 0xFF, 0xFF, 0xFF, 0xFF, 0xFF, 0x08, 0x00, 0x00, 0x00, 0x00, 0x00, 0x10,
    0xF9, 0xFF, 0xFF, 0xFF, 0xFF, 0xFF, 0xDF, 0x04, 0x00, 0x00, 0x00, 0x00, 0x00, 0xF6, 0xFF, 0xFF,
    0xFF, 0xFF, 0xFF, 0xFF, 0xFF, 0xAF, 0x01, 0x00, 0x00, 0x00, 0x80, 0xFF, 0xFF, 0xFF, 0x7B, 0x55,
    0x96, 0xFE, 0xFF, 0xFF, 0x1D, 0x00, 0x00, 0x00, 0xF6, 0xFF, 0xFF, 0x2B, 0x00, 0x00, 0x00, 0x60,
    0xFF, 0xFF, 0xDF, 0x01, 0x00, 0x20, 0xFF, 0xFF, 0x9F, 0x00, 0x00, 0x00, 0x00, 0x00, 0xE2, 0xFF,
    0xFF, 0x0A, 0x00, 0xB0, 0xFF, 0xFF, 0x0B, 0x00, 0x00, 0x00, 0x00, 0x00, 0x40, 0xFF, 0xFF, 0x3F,
    0x00, 0xF2, 0xFF, 0xFF, 0x02, 0x00, 0x00, 0x00, 0x00, 0x00, 0x00, 0xFA, 0xFF, 0xBF, 0x00, 0xF7,
    0xFF, 0xCF, 0x00, 0x00, 0x00, 0x00, 0x00, 0x00, 0x00, 0xF4, 0xFF, 0xFF, 0x00, 0xFA, 0xFF, 0x8F,
    0x00, 0x00, 0x00, 0x00, 0x00, 0x00, 0x00, 0xF0, 0xFF, 0xFF, 0x03, 0xFC, 0xFF, 0x7F, 0x00, 0x00,
    0x00, 0x00, 0x00, 0x00, 0x00, 0xE0, 0xFF, 0xFF, 0x05, 0xFC, 0xFF, 0x6F, 0x00, 0x00, 0x00, 0x00,
    0x00, 0x00, 0x00, 0xD0, 0xFF, 0xFF, 0x05, 0xFB, 0xFF, 0x8F, 0x00, 0x00, 0x00, 0x00, 0x00, 0x00,
    0x00, 0xF0, 0xFF, 0xFF, 0x04, 0xFA, 0xFF, 0xBF, 0x00, 0x00, 0x00, 0x00, 0x00, 0x00, 0x00, 0xF2,
    0xFF, 0xFF, 0x03, 0xF6, 0xFF, 0xFF, 0x01, 0x00, 0x00, 0x00, 0x00, 0x00, 0x00, 0xF7, 0xFF, 0xFF,
    0x00, 0xF1, 0xFF, 0xFF, 0x08, 0x00, 0x00, 0x00, 0x00, 0x00, 0x10, 0xFE, 0xFF, 0xAF, 0x00, 0xB0,
    0xFF, 0xFF, 0x5F, 0x00, 0x00, 0x00, 0x00, 0x00, 0xC0, 0xFF, 0xFF, 0x4F, 0x00, 0x20, 0xFF, 0xFF,
    0xFF, 0x08, 0x00, 0x00, 0x00, 0x30, 0xFD, 0xFF, 0xFF, 0x0B, 0x00, 0x00, 0xF6, 0xFF, 0xFF, 0xFF,
    0x6A, 0x45, 0x85, 0xFC, 0xFF, 0xFF, 0xEF, 0x01, 0x00, 0x00, 0x80, 0xFF, 0xFF, 0xFF, 0xFF, 0xFF,
    0xFF, 0xFF, 0xFF, 0xFF, 0x2E, 0x00, 0x00, 0x00, 0x00, 0xF5, 0xFF, 0xFF, 0xFF, 0xFF, 0xFF, 0xFF,
    0xFF, 0xBF, 0x01, 0x00, 0x00, 0x00, 0x00, 0x10, 0xF9, 0xFF, 0xFF, 0xFF, 0xFF, 0xFF, 0xCF, 0x05,
    0x00, 0x00, 0x00, 0x00, 0x00, 0x00, 0x00, 0x95, 0xEC, 0xFF, 0xDE, 0x7B, 0x03, 0x00, 0x00, 0x00,
    0x00, 0x00, 0x00, 0x00, 0x00, 0x61, 0xDA, 0xFE, 0xDF, 0x7B, 0x01, 0x00, 0x00, 0x00, 0x00, 0x00,
    0x00, 0x00, 0x81, 0xFF, 0xFF, 0xFF, 0xFF, 0xFF, 0x9F, 0x01, 0x00, 0x00, 0x00, 0x00, 0x00, 0x40,
    0xFE, 0xFF, 0xFF, 0xFF, 0xFF, 0xFF, 0xFF, 0x4E, 0x00, 0x00, 0x00, 0x00, 0x00, 0xF4, 0xFF, 0xFF,
    0xFF, 0xFF, 0xFF, 0xFF, 0xFF, 0xFF, 0x04, 0x00, 0x00, 0x00, 0x20, 0xFF, 0xFF, 0xFF, 0xBF, 0x67,
    0xA7, 0xFF, 0xFF, 0xFF, 0x3F, 0x00, 0x00, 0x00, 0xD0, 0xFF, 0xFF, 0xAF, 0x01, 0x00, 0x00, 0xB1,
    0xFF, 0xFF, 0xCF, 0x00, 0x00, 0x00, 0xF6, 0xFF, 0xFF, 0x09, 0x00, 0x00, 0x00, 0x00, 0xFA, 0xFF,
    0xFF, 0x06, 0x00, 0x00, 0xFD, 0xFF, 0xCF, 0x00, 0x00, 0x00, 0x00, 0x00, 0xC0, 0xFF, 0xFF, 0x0E,
    0x00, 0x40, 0xFF, 0xFF, 0x2F, 0x00, 0x00, 0x00, 0x00, 0x00, 0x30, 0xFF, 0xFF, 0x5F, 0x00, 0x80,
    0xFF, 0xFF, 0x0B, 0x00, 0x00, 0x00, 0x00, 0x00, 0x00, 0xFA, 0xFF, 0xBF, 0x00, 0xC0, 0xFF, 0xFF,
    0x06, 0x00, 0x00, 0x00, 0x00, 0x00, 0x00, 0xF4, 0xFF, 0xFF, 0x00, 0xF0, 0xFF, 0xFF, 0x03, 0x00,
    0x00, 0x00, 0x00, 0x00, 0x00, 0xF0, 0xFF, 0xFF, 0x03, 0xF1, 0xFF, 0xFF, 0x01, 0x00, 0x00, 0x00,
    0x00, 0x00, 0x00, 0xC0, 0xFF, 0xFF, 0x06, 0xF2, 0xFF, 0xFF, 0x00, 0x00, 0x00, 0x00, 0x00, 0x00,
    0x00, 0xA0, 0xFF, 0xFF, 0x08, 0xF2, 0xFF, 0xFF, 0x00, 0x00, 0x00, 0x00, 0x00, 0x00, 0x00, 0x80,
    0xFF, 0xFF, 0x09, 0xF1, 0xFF, 0xFF, 0x01, 0x00, 0x00, 0x00, 0x00, 0x00, 0x00, 0x70, 0xFF, 0xFF,
    0x0A, 0xF0, 0xFF, 0xFF, 0x03, 0x00, 0x00, 0x00, 0x00, 0x00, 0x00, 0x70, 0xFF, 0xFF, 0x0B, 0xE0,
    0xFF, 0xFF, 0x06, 0x00, 0x00, 0x00, 0x00, 0x00, 0x00, 0x70, 0xFF, 0xFF, 0x0C, 0xA0, 0xFF, 0xFF,
    0x0B, 0x00, 0x00, 0x00, 0x00, 0x00, 0x00, 0xB0, 0xFF, 0xFF, 0x0C, 0x60, 0xFF, 0xFF, 0x2F, 0x00,
    0x00, 0x00, 0x00, 0x00, 0x00, 0xF4, 0xFF, 0xFF, 0x0C, 0x10, 0xFF, 0xFF, 0xBF, 0x00, 0x00, 0x00,
    0x00, 0x00, 0x20, 0xFE, 0xFF, 0xFF, 0x0B, 0x00, 0xFA, 0xFF, 0xFF, 0x08, 0x00, 0x00, 0x00, 0x00,
    0xD2, 0xFF, 0xFF, 0xFF, 0x0B, 0x00, 0xF2, 0xFF, 0xFF, 0x9F, 0x00, 0x00, 0x00, 0x70, 0xFF, 0xFF,
    0xFF, 0xFF, 0x0A, 0x00, 0x70, 0xFF, 0xFF, 0xFF, 0x9E, 0x56, 0x96, 0xFE, 0xFF, 0xFF, 0xFF, 0xFF,
    0x08, 0x00, 0x00, 0xFA, 0xFF, 0xFF, 0xFF, 0xFF, 0xFF, 0xFF, 0xFF, 0x9A, 0xFF, 0xFF, 0x07, 0x00,
    0x00, 0x90, 0xFF, 0xFF, 0xFF, 0xFF, 0xFF, 0xFF, 0x8F, 0xB0, 0xFF, 0xFF, 0x04, 0x00, 0x00, 0x00,
    0xD5, 0xFF, 0xFF, 0xFF, 0xFF, 0xDF, 0x03, 0xC0, 0xFF, 0xFF, 0x02, 0x00, 0x00, 0x00, 0x00, 0x94,
    0xED, 0xFF, 0x9D, 0x04, 0x00, 0xF0, 0xFF, 0xFF, 0x00, 0x00, 0x00, 0x00, 0x00, 0x00, 0x00, 0x00,
    0x00, 0x00, 0x00, 0xF3, 0xFF, 0xBF, 0x00, 0x00, 0x00, 0x00, 0x00, 0x00, 0x00, 0x00, 0x00, 0x00,
    0x00, 0xF8, 0xFF, 0x7F, 0x00, 0x00, 0x00, 0x00, 0x00, 0x00, 0x00, 0x00, 0x00, 0x00, 0x00, 0xFE,
    0xFF, 0x2F, 0x00, 0x00, 0x00, 0x00, 0x00, 0x00, 0x00, 0x00, 0x00, 0x00, 0x60, 0xFF, 0xFF, 0x0C,
    0x00, 0x00, 0x00, 0x00, 0x00, 0x00, 0x00, 0x00, 0x00, 0x00, 0xE1, 0xFF, 0xFF, 0x05, 0x00, 0x00,
    0x00, 0x00, 0x00, 0x00, 0x00, 0x00, 0x00, 0x00, 0xFB, 0xFF, 0xDF, 0x00, 0x00, 0x00, 0x00, 0x00,
    0x00, 0x00, 0x00, 0x00, 0x00, 0xB1, 0xFF, 0xFF, 0x4F, 0x00, 0x00, 0x00, 0x00, 0x00, 0x00, 0x00,
    0x00, 0x00, 0x40, 0xFD, 0xFF, 0xFF, 0x09, 0x00, 0x00, 0x00, 0x00, 0x00, 0x00, 0x00, 0x00, 0x51,
    0xFC, 0xFF, 0xFF, 0xCF, 0x00, 0x00, 0x00, 0x00, 0x00, 0x00, 0x62, 0x97, 0xDA, 0xFF, 0xFF, 0xFF,
    0xFF, 0x0C, 0x00, 0x00, 0x00, 0x00, 0x00, 0x00, 0xF5, 0xFF, 0xFF, 0xFF, 0xFF, 0xFF, 0x9F, 0x00,
    0x00, 0x00, 0x00, 0x00, 0x00, 0x00, 0xF5, 0xFF, 0xFF, 0xFF, 0xFF, 0xDF, 0x04, 0x00, 0x00, 0x00,
    0x00, 0x00, 0x00, 0x00, 0xF5, 0xFF, 0xFF, 0xFF, 0xBF, 0x04, 0x00, 0x00, 0x00, 0x00, 0x00, 0x00,
    0x00, 0x00, 0xF5, 0xEF, 0xAD, 0x48, 0x00, 0x00, 0x00, 0x00, 0x00, 0x00, 0x00, 0x10, 0xEA, 0xBE,
    0x02, 0xB0, 0xFF, 0xFF, 0x0D, 0xF1, 0xFF, 0xFF, 0x3F, 0xF1, 0xFF, 0xFF, 0x4F, 0xD0, 0xFF, 0xFF,
    0x1F, 0x30, 0xFE, 0xEF, 0x04, 0x00, 0x20, 0x02, 0x00, 0x00, 0x00, 0x00, 0x00, 0x00, 0x00, 0x00,
    0x00, 0x00, 0x00, 0x00, 0x00, 0x00, 0x00, 0x00, 0x00, 0x00, 0x00, 0x00, 0x00, 0x00, 0x00, 0x00,
    0x00, 0x00, 0x00, 0x00, 0x00, 0x00, 0x00, 0x00, 0x00, 0x00, 0x00, 0x00, 0x00, 0x00, 0x00, 0x00,
    0x00, 0x00, 0x00, 0x00, 0x00, 0x00, 0x00, 0x00, 0x00, 0x00, 0x00, 0x00, 0x00, 0x00, 0x00, 0x00,
    0x00, 0x00, 0x00, 0x00, 0x00, 0x00, 0x00, 0x00, 0x00, 0x00, 0x00, 0x00, 0x00, 0x00, 0x20, 0x02,
    0x00, 0x30, 0xFE, 0xEF, 0x04, 0xD0, 0xFF, 0xFF, 0x0E, 0xF2, 0xFF, 0xFF, 0x3F, 0xF1, 0xFF, 0xFF,
    0x3F, 0xC0, 0xFF, 0xFF, 0x0D, 0x10, 0xEA, 0xBE, 0x02, 0x00, 0x70, 0xFD, 0x4C, 0x00, 0x00, 0xF6,
    0xFF, 0xFF, 0x03, 0x00, 0xFC, 0xFF, 0xFF, 0x08, 0x00, 0xFC, 0xFF, 0xFF, 0x09, 0x00, 0xF8, 0xFF,
    0xFF, 0x05, 0x00, 0xB1, 0xFF, 0x8F, 0x00, 0x00, 0x00, 0x31, 0x00, 0x00, 0x00, 0x00, 0x00, 0x00,
    0x00, 0x00, 0x00, 0x00, 0x00, 0x00, 0x00, 0x00, 0x00, 0x00, 0x00, 0x00, 0x00, 0x00, 0x00, 0x00,
    0x00, 0x00, 0x00, 0x00, 0x00, 0x00, 0x00, 0x00, 0x00, 0x00, 0x00, 0x00, 0x00, 0x00, 0x00, 0x00,
    0x00, 0x00, 0x00, 0x00, 0x00, 0x00, 0x00, 0x00, 0x00, 0x00, 0x00, 0x00, 0x00, 0x00, 0x00, 0x00,
    0x00, 0x00, 0x00, 0x00, 0x00, 0x00, 0x00, 0x00, 0x00, 0x00, 0x00, 0x00, 0x00, 0x00, 0x00, 0x00,
    0x00, 0x00, 0x00, 0x00, 0x00, 0x00, 0x00, 0x00, 0x00, 0x00, 0x00, 0x00, 0x00, 0x00, 0x00, 0x00,
    0x00, 0x00, 0x30, 0x33, 0x33, 0x00, 0x00, 0xF1, 0xFF, 0xFF, 0x01, 0x00, 0xF1, 0xFF, 0xFF, 0x01,
    0x00, 0xF1, 0xFF, 0xFF, 0x01, 0x00, 0xF1, 0xFF, 0xFF, 0x00, 0x00, 0xF1, 0xFF, 0xFF, 0x00, 0x00,
    0xF2, 0xFF, 0xEF, 0x00, 0x00, 0xF5, 0xFF, 0xBF, 0x00, 0x00, 0xF9, 0xFF, 0x7F, 0x00, 0x00, 0xFE,
    0xFF, 0x1F, 0x00, 0x50, 0xFF, 0xFF, 0x0A, 0x00, 0xD0, 0xFF, 0xFF, 0x01, 0x00, 0xF8, 0xFF, 0x7F,
    0x00, 0x00, 0xD3, 0xFF, 0x0A, 0x00, 0x00, 0x00, 0xA9, 0x00, 0x00, 0x00, 0x00, 0x00, 0x00, 0x00,
    0x00, 0x00, 0x00, 0x00, 0x00, 0x00, 0x30, 0x3A, 0x00, 0x00, 0x00, 0x00, 0x00, 0x00, 0x00, 0x00,
    0x00, 0x40, 0xFB, 0x3F, 0x00, 0x00, 0x00, 0x00, 0x00, 0x00, 0x00, 0x00, 0x50, 0xFC, 0xFF, 0x3F,
    0x00, 0x00, 0x00, 0x00, 0x00, 0x00, 0x00, 0x60, 0xFD, 0xFF, 0xFF, 0x3F, 0x00, 0x00, 0x00, 0x00,
    0x00, 0x00, 0x60, 0xFE, 0xFF, 0xFF, 0xFF, 0x3F, 0x00, 0x00, 0x00, 0x00, 0x00, 0x71, 0xFE, 0xFF,
    0xFF, 0xFF, 0xFF, 0x2E, 0x00, 0x00, 0x00, 0x00, 0x81, 0xFF, 0xFF, 0xFF, 0xFF, 0xFF, 0x5C, 0x00,
    0x00, 0x00, 0x00, 0x92, 0xFF, 0xFF, 0xFF, 0xFF, 0xFF, 0x39, 0x00, 0x00, 0x00, 0x00, 0xA3, 0xFF,
    0xFF, 0xFF, 0xFF, 0xDF, 0x17, 0x00, 0x00, 0x00, 0x00, 0xB4, 0xFF, 0xFF, 0xFF, 0xFF, 0xBF, 0x04,
    0x00, 0x00, 0x00, 0x00, 0xC5, 0xFF, 0xFF, 0xFF, 0xFF, 0x8E, 0x02, 0x00, 0x00, 0x00, 0x00, 0x00,
    0xFF, 0xFF, 0xFF, 0xFF, 0x6D, 0x00, 0x00, 0x00, 0x00, 0x00, 0x00, 0x00, 0xFF, 0xFF, 0xFF, 0x3A,
    0x00, 0x00, 0x00, 0x00, 0x00, 0x00, 0x00, 0x00, 0xFF, 0xFF, 0xEF, 0x18, 0x00, 0x00, 0x00, 0x00,
    0x00, 0x00, 0x00, 0x00, 0xFF, 0xFF, 0xFF, 0xFF, 0x4A, 0x00, 0x00, 0x00, 0x00, 0x00, 0x00, 0x00,
    0xC4, 0xFF, 0xFF, 0xFF, 0xFF, 0x7D, 0x01, 0x00, 0x00, 0x00, 0x00, 0x00, 0x00, 0xB4, 0xFF, 0xFF,
    0xFF, 0xFF, 0xAF, 0x03, 0x00, 0x00, 0x00, 0x00, 0x00, 0x00, 0xA3, 0xFF, 0xFF, 0xFF, 0xFF, 0xCF,
    0x06, 0x00, 0x00, 0x00, 0x00, 0x00, 0x00, 0x92, 0xFF, 0xFF, 0xFF, 0xFF, 0xFF, 0x29, 0x00, 0x00,
    0x00, 0x00, 0x00, 0x00, 0x81, 0xFF, 0xFF, 0xFF, 0xFF, 0xFF, 0x5B, 0x00, 0x00, 0x00, 0x00, 0x00,
    0x00, 0x71, 0xFE, 0xFF, 0xFF, 0xFF, 0xFF, 0x2E, 0x00, 0x00, 0x00, 0x00, 0x00, 0x00, 0x60, 0xFE,
    0xFF, 0xFF, 0xFF, 0x3F, 0x00, 0x00, 0x00, 0x00, 0x00, 0x00, 0x00, 0x50, 0xFD, 0xFF, 0xFF, 0x3F,
    0x00, 0x00, 0x00, 0x00, 0x00, 0x00, 0x00, 0x00, 0x50, 0xFC, 0xFF, 0x3F, 0x00, 0x00, 0x00, 0x00,
    0x00, 0x00, 0x00, 0x00, 0x00, 0x40, 0xFB, 0x3F, 0x00, 0x00, 0x00, 0x00, 0x00, 0x00, 0x00, 0x00,
    0x00, 0x00, 0x30, 0x3A, 0xFB, 0xFF, 0xFF, 0xFF, 0xFF, 0xFF, 0xFF, 0xFF, 0xFF, 0xFF, 0xFF, 0xEF,
    0xFB, 0xFF, 0xFF, 0xFF, 0xFF, 0xFF, 0xFF, 0xFF, 0xFF, 0xFF, 0xFF, 0xEF, 0xFB, 0xFF, 0xFF, 0xFF,
    0xFF, 0xFF, 0xFF, 0xFF, 0xFF, 0xFF, 0xFF, 0xEF, 0xFB, 0xFF, 0xFF, 0xFF, 0xFF, 0xFF, 0xFF, 0xFF,
    0xFF, 0xFF, 0xFF, 0xEF, 0x96, 0x99, 0x99, 0x99, 0x99, 0x99, 0x99, 0x99, 0x99, 0x99, 0x99, 0x89,
    0x00, 0x00, 0x00, 0x00, 0x00, 0x00, 0x00, 0x00, 0x00, 0x00, 0x00, 0x00, 0x00, 0x00, 0x00, 0x00,
    0x00, 0x00, 0x00, 0x00, 0x00, 0x00, 0x00, 0x00, 0x00, 0x00, 0x00, 0x00, 0x00, 0x00, 0x00, 0x00,
    0x00, 0x00, 0x00, 0x00, 0x00, 0x00, 0x00, 0x00, 0x00, 0x00, 0x00, 0x00, 0x00, 0x00, 0x00, 0x00,
    0x00, 0x00, 0x00, 0x00, 0x00, 0x00, 0x00, 0x00, 0x00, 0x00, 0x00, 0x00, 0x00, 0x00, 0x00, 0x00,
    0x00, 0x00, 0x00, 0x00, 0x00, 0x00, 0x00, 0x00, 0x00, 0x00, 0x00, 0x00, 0x00, 0x00, 0x00, 0x00,
    0x00, 0x00, 0x00, 0x00, 0xFB, 0xFF, 0xFF, 0xFF, 0xFF, 0xFF, 0xFF, 0xFF, 0xFF, 0xFF, 0xFF, 0xEF,
    0xFB, 0xFF, 0xFF, 0xFF, 0xFF, 0xFF, 0xFF, 0xFF, 0xFF, 0xFF, 0xFF, 0xEF, 0xFB, 0xFF, 0xFF, 0xFF,
    0xFF, 0xFF, 0xFF, 0xFF, 0xFF, 0xFF, 0xFF, 0xEF, 0xFB, 0xFF, 0xFF, 0xFF, 0xFF, 0xFF, 0xFF, 0xFF,
    0xFF, 0xFF, 0xFF, 0xEF, 0x85, 0x88, 0x88, 0x88, 0x88, 0x88, 0x88, 0x88, 0x88, 0x88, 0x88, 0x78,
    0xA3, 0x03, 0x00, 0x00, 0x00, 0x00, 0x00, 0x00, 0x00, 0x00, 0x00, 0x00, 0x00, 0xF3, 0xCF, 0x05,
    0x00, 0x00, 0x00, 0x00, 0x00, 0x00, 0x00, 0x00, 0x00, 0x00, 0xF3, 0xFF, 0xDF, 0x06, 0x00, 0x00,
    0x00, 0x00, 0x00, 0x00, 0x00, 0x00, 0x00, 0xF3, 0xFF, 0xFF, 0xEF, 0x18, 0x00, 0x00, 0x00, 0x00,
    0x00, 0x00, 0x00, 0x00, 0xF3, 0xFF, 0xFF, 0xFF, 0xFF, 0x2A, 0x00, 0x00, 0x00, 0x00, 0x00, 0x00,
    0x00, 0xC1, 0xFF, 0xFF, 0xFF, 0xFF, 0xFF, 0x4B, 0x00, 0x00, 0x00, 0x00, 0x00, 0x00, 0x00, 0x82,
    0xFE, 0xFF, 0xFF, 0xFF, 0xFF, 0x6D, 0x00, 0x00, 0x00, 0x00, 0x00, 0x00, 0x00, 0x50, 0xFB, 0xFF,
    0xFF, 0xFF, 0xFF, 0x7E, 0x01, 0x00, 0x00, 0x00, 0x00, 0x00, 0x00, 0x20, 0xE8, 0xFF, 0xFF, 0xFF,
    0xFF, 0x9F, 0x02, 0x00, 0x00, 0x00, 0x00, 0x00, 0x00, 0x00, 0xB5, 0xFF, 0xFF, 0xFF, 0xFF, 0xAF,
    0x03, 0x00, 0x00, 0x00, 0x00, 0x00, 0x00, 0x00, 0x82, 0xFE, 0xFF, 0xFF, 0xFF, 0xCF, 0x05, 0x00,
    0x00, 0x00, 0x00, 0x00, 0x00, 0x00, 0x50, 0xFB, 0xFF, 0xFF, 0xFF, 0x0F, 0x00, 0x00, 0x00, 0x00,
    0x00, 0x00, 0x00, 0x00, 0x20, 0xE8, 0xFF, 0xFF, 0x0F, 0x00, 0x00, 0x00, 0x00, 0x00, 0x00, 0x00,
    0x00, 0x40, 0xFA, 0xFF, 0xFF, 0x0F, 0x00, 0x00, 0x00, 0x00, 0x00, 0x00, 0x00, 0x71, 0xFD, 0xFF,
    0xFF, 0xFF, 0x0F, 0x00, 0x00, 0x00, 0x00, 0x00, 0x00, 0xA3, 0xFF, 0xFF, 0xFF, 0xFF, 0xCF, 0x04,
    0x00, 0x00, 0x00, 0x00, 0x10, 0xD7, 0xFF, 0xFF, 0xFF, 0xFF, 0xAF, 0x03, 0x00, 0x00, 0x00, 0x00,
    0x30, 0xFA, 0xFF, 0xFF, 0xFF, 0xFF, 0x9F, 0x02, 0x00, 0x00, 0x00, 0x00, 0x61, 0xFD, 0xFF, 0xFF,
    0xFF, 0xFF, 0x7E, 0x01, 0x00, 0x00, 0x00, 0x00, 0x93, 0xFF, 0xFF, 0xFF, 0xFF, 0xFF, 0x5D, 0x00,
    0x00, 0x00, 0x00, 0x00, 0xD1, 0xFF, 0xFF, 0xFF, 0xFF, 0xFF, 0x4B, 0x00, 0x00, 0x00, 0x00, 0x00,
    0x00, 0xF3, 0xFF, 0xFF, 0xFF, 0xFF, 0x2A, 0x00, 0x00, 0x00, 0x00, 0x00, 0x00, 0x00, 0xF3, 0xFF,
    0xFF, 0xEF, 0x18, 0x00, 0x00, 0x00, 0x00, 0x00, 0x00, 0x00, 0x00, 0xF3, 0xFF, 0xDF, 0x06, 0x00,
    0x00, 0x00, 0x00, 0x00, 0x00, 0x00, 0x00, 0x00, 0xF3, 0xCF, 0x05, 0x00, 0x00, 0x00, 0x00, 0x00,
    0x00, 0x00, 0x00, 0x00, 0x00, 0xA3, 0x03, 0x00, 0x00, 0x00, 0x00, 0x00, 0x00, 0x00, 0x00, 0x00,
    0x00, 0x00, 0x00, 0x00, 0x00, 0x61, 0xDA, 0xFE, 0xEF, 0x8C, 0x04, 0x00, 0x00, 0x00, 0x00, 0x00,
    0x91, 0xFF, 0xFF, 0xFF, 0xFF, 0xFF, 0xDF, 0x05, 0x00, 0x00, 0x00, 0x40, 0xFE, 0xFF, 0xFF, 0xFF,
    0xFF, 0xFF, 0xFF, 0x9F, 0x00, 0x00, 0x00, 0xF4, 0xFF, 0xFF, 0xFF, 0xFF, 0xFF, 0xFF, 0xFF, 0xFF,
    0x09, 0x00, 0x20, 0xFF, 0xFF, 0xFF, 0xEF, 0x9B, 0xCA, 0xFF, 0xFF, 0xFF, 0x6F, 0x00, 0xB0, 0xFF,
    0xFF, 0xDF, 0x04, 0x00, 0x00, 0xA1, 0xFF, 0xFF, 0xEF, 0x00, 0xF2, 0xFF, 0xFF, 0x0B, 0x00, 0x00,
    0x00, 0x00, 0xF8, 0xFF, 0xFF, 0x06, 0xF7, 0xFF, 0xFF, 0x01, 0x00, 0x00, 0x00, 0x00, 0xD0, 0xFF,
    0xFF, 0x0A, 0xFB, 0xFF, 0x9F, 0x00, 0x00, 0x00, 0x00, 0x00, 0x70, 0xFF, 0xFF, 0x0E, 0xFC, 0xFF,
    0x6F, 0x00, 0x00, 0x00, 0x00, 0x00, 0x40, 0xFF, 0xFF, 0x0F, 0x33, 0x33, 0x13, 0x00, 0x00, 0x00,
    0x00, 0x00, 0x20, 0xFF, 0xFF, 0x1F, 0x00, 0x00, 0x00, 0x00, 0x00, 0x00, 0x00, 0x00, 0x30, 0xFF,
    0xFF, 0x0F, 0x00, 0x00, 0x00, 0x00, 0x00, 0x00, 0x00, 0x00, 0x50, 0xFF, 0xFF, 0x0E, 0x00, 0x00,
    0x00, 0x00, 0x00, 0x00, 0x00, 0x00, 0x90, 0xFF, 0xFF, 0x0B, 0x00, 0x00, 0x00, 0x00, 0x00, 0x00,
    0x00, 0x00, 0xF1, 0xFF, 0xFF, 0x06, 0x00, 0x00, 0x00, 0x00, 0x00, 0x00, 0x00, 0x00, 0xFA, 0xFF,
    0xFF, 0x00, 0x00, 0x00, 0x00, 0x00, 0x00, 0x00, 0x00, 0x60, 0xFF, 0xFF, 0x7F, 0x00, 0x00, 0x00,
    0x00, 0x00, 0x00, 0x00, 0x00, 0xF5, 0xFF, 0xFF, 0x0D, 0x00, 0x00, 0x00, 0x00, 0x00, 0x00, 0x00,
    0x50, 0xFF, 0xFF, 0xFF, 0x03, 0x00, 0x00, 0x00, 0x00, 0x00, 0x00, 0x00, 0xF5, 0xFF, 0xFF, 0x5F,
    0x00, 0x00, 0x00, 0x00, 0x00, 0x00, 0x00, 0x40, 0xFF, 0xFF, 0xFF, 0x07, 0x00, 0x00, 0x00, 0x00,
    0x00, 0x00, 0x00, 0xF2, 0xFF, 0xFF, 0x7F, 0x00, 0x00, 0x00, 0x00, 0x00, 0x00, 0x00, 0x00, 0xFD,
    0xFF, 0xFF, 0x07, 0x00, 0x00, 0x00, 0x00, 0x00, 0x00, 0x00, 0x80, 0xFF, 0xFF, 0x7F, 0x00, 0x00,
    0x00, 0x00, 0x00, 0x00, 0x00, 0x00, 0xF0, 0xFF, 0xFF, 0x0B, 0x00, 0x00, 0x00, 0x00, 0x00, 0x00,
    0x00, 0x00, 0xF5, 0xFF, 0xFF, 0x03, 0x00, 0x00, 0x00, 0x00, 0x00, 0x00, 0x00, 0x00, 0xF8, 0xFF,
    0xDF, 0x00, 0x00, 0x00, 0x00, 0x00, 0x00, 0x00, 0x00, 0x00, 0xFB, 0xFF, 0x9F, 0x00, 0x00, 0x00,
    0x00, 0x00, 0x00, 0x00, 0x00, 0x00, 0xFD, 0xFF, 0x7F, 0x00, 0x00, 0x00, 0x00, 0x00, 0x00, 0x00,
    0x00, 0x00, 0xFD, 0xFF, 0x6F, 0x00, 0x00, 0x00, 0x00, 0x00, 0x00, 0x00, 0x00, 0x00, 0x11, 0x11,
    0x01, 0x00, 0x00, 0x00, 0x00, 0x00, 0x00, 0x00, 0x00, 0x00, 0x00, 0x00, 0x00, 0x00, 0x00, 0x00,
    0x00, 0x00, 0x00, 0x00, 0x00, 0x00, 0x00, 0x00, 0x00, 0x00, 0x00, 0x00, 0x00, 0x00, 0x00, 0x00,
    0x00, 0x00, 0x00, 0x00, 0x00, 0x00, 0x00, 0x00, 0x00, 0x00, 0x00, 0x00, 0x00, 0x00, 0x00, 0x00,
    0x00, 0x00, 0x00, 0x00, 0x00, 0x00, 0x00, 0x00, 0x00, 0x00, 0x00, 0x00, 0x00, 0x00, 0x00, 0x00,
    0x00, 0x00, 0x00, 0x00, 0x00, 0x00, 0x91, 0xDE, 0x09, 0x00, 0x00, 0x00, 0x00, 0x00, 0x00, 0x00,
    0x00, 0x00, 0xFA, 0xFF, 0xAF, 0x00, 0x00, 0x00, 0x00, 0x00, 0x00, 0x00, 0x00, 0x00, 0xFF, 0xFF,
    0xFF, 0x00, 0x00, 0x00, 0x00, 0x00, 0x00, 0x00, 0x00, 0x00, 0xFF, 0xFF, 0xFF, 0x00, 0x00, 0x00,
    0x00, 0x00, 0x00, 0x00, 0x00, 0x00, 0xFB, 0xFF, 0xBF, 0x00, 0x00, 0x00, 0x00, 0x00, 0x00, 0x00,
    0x00, 0x00, 0xA1, 0xEE, 0x1A, 0x00, 0x00, 0x00, 0x00, 0x00, 0x00, 0x00, 0x00, 0x00, 0x00, 0x00,
    0x00, 0x00, 0x00, 0x63, 0xCA, 0xED, 0xFF, 0xDE, 0x7A, 0x04, 0x00, 0x00, 0x00, 0x00, 0x00, 0x00,
    0x00, 0x00, 0x00, 0x00, 0x00, 0x00, 0x00, 0x00, 0x00, 0x30, 0xE9, 0xFF, 0xFF, 0xFF, 0xFF, 0xFF,
    0xFF, 0xFF, 0x5A, 0x00, 0x00, 0x00, 0x00, 0x00, 0x00, 0x00, 0x00, 0x00, 0x00, 0x00, 0x00, 0x00,
    0x30, 0xFB, 0xFF, 0xFF, 0xFF, 0xFF, 0xFF, 0xFF, 0xFF, 0xFF, 0xFF, 0x5D, 0x00, 0x00, 0x00, 0x00,
    0x00, 0x00, 0x00, 0x00, 0x00, 0x00, 0x00, 0x10, 0xFA, 0xFF, 0xFF, 0xFF, 0xFF, 0xCD, 0xCB, 0xED,
    0xFF, 0xFF, 0xFF, 0xFF, 0x2C, 0x00, 0x00, 0x00, 0x00, 0x00, 0x00, 0x00, 0x00, 0x00, 0x00, 0xE3,
    0xFF, 0xFF, 0xFF, 0x5A, 0x02, 0x00, 0x00, 0x00, 0x41, 0xD8, 0xFF, 0xFF, 0xEF, 0x04, 0x00, 0x00,
    0x00, 0x00, 0x00, 0x00, 0x00, 0x00, 0x60, 0xFF, 0xFF, 0xEF, 0x06, 0x00, 0x00, 0x00, 0x00, 0x00,
    0x00, 0x00, 0xA2, 0xFF, 0xFF, 0x6F, 0x00, 0x00, 0x00, 0x00, 0x00, 0x00, 0x00, 0x00, 0xF6, 0xFF,
    0xFF, 0x07, 0x00, 0x00, 0x00, 0x00, 0x00, 0x00, 0x00, 0x00, 0x00, 0xD3, 0xFF, 0xFF, 0x05, 0x00,
    0x00, 0x00, 0x00, 0x00, 0x00, 0x60, 0xFF, 0xFF, 0x3D, 0x00, 0x00, 0x00, 0x00, 0x00, 0x00, 0x00,
    0x00, 0x00, 0x00, 0x00, 0xFA, 0xFF, 0x3F, 0x00, 0x00, 0x00, 0x00, 0x00, 0x00, 0xF3, 0xFF, 0xCF,
    0x01, 0x00, 0x00, 0x00, 0x00, 0x00, 0x00, 0x00, 0x00, 0x00, 0x00, 0x00, 0x90, 0xFF, 0xDF, 0x00,
    0x00, 0x00, 0x00, 0x00, 0x10, 0xFE, 0xFF, 0x1D, 0x00, 0x00, 0x00, 0x00, 0x00, 0x00, 0x00, 0x00,
    0x00, 0x00, 0x00, 0x00, 0x00, 0xFA, 0xFF, 0x08, 0x00, 0x00, 0x00, 0x00, 0xA0, 0xFF, 0xEF, 0x01,
    0x00, 0x00, 0x00, 0x00, 0x00, 0x00, 0x00, 0x00, 0x00, 0x00, 0x00, 0x00, 0x00, 0xE1, 0xFF, 0x1F,
    0x00, 0x00, 0x00, 0x00, 0xF3, 0xFF, 0x4F, 0x00, 0x00, 0x00, 0x00, 0x00, 0x00, 0x00, 0x00, 0x00,
    0x00, 0x00, 0x00, 0x00, 0x00, 0x50, 0xFF, 0x9F, 0x00, 0x00, 0x00, 0x00, 0xFC, 0xFF, 0x09, 0x00,
    0x00, 0x00, 0x00, 0x00, 0x00, 0x00, 0x00, 0x00, 0x00, 0x00, 0x00, 0x00, 0x00, 0x00, 0xFC, 0xFF,
    0x01, 0x00, 0x00, 0x50, 0xFF, 0xFF, 0x01, 0x00, 0x00, 0x00, 0x00, 0x00, 0x30, 0xD9, 0xFF, 0xBE,
    0x27, 0x00, 0x00, 0x00, 0x00, 0x00, 0xF5, 0xFF, 0x06, 0x00, 0x00, 0xC0, 0xFF, 0x8F, 0x00, 0x00,
    0x00, 0x00, 0x00, 0x10, 0xFB, 0xFF, 0xFF, 0xFF, 0xFF, 0x2B, 0x00, 0x00, 0x00, 0x00, 0xE0, 0xFF,
    0x0B, 0x00, 0x00, 0xF3, 0xFF, 0x1F, 0x00, 0x00, 0x00, 0x00, 0x00, 0xF4, 0xFF, 0xFF, 0xFF, 0xFF,
    0xFF, 0xFF, 0x06, 0x00, 0x00, 0x00, 0x90, 0xFF, 0x1F, 0x00, 0x00, 0xF9, 0xFF, 0x0A, 0x00, 0x00,
    0x00, 0x00, 0x40, 0xFF, 0xFF, 0xEF, 0xAB, 0xFC, 0xFF, 0xFF, 0x0F, 0x00, 0x00, 0x00, 0x50, 0xFF,
    0x4F, 0x00, 0x00, 0xFE, 0xFF, 0x03, 0x00, 0x00, 0x00, 0x00, 0xF2, 0xFF, 0xFF, 0x06, 0x00, 0x00,
    0xF8, 0xFF, 0x0F, 0x00, 0x00, 0x00, 0x10, 0xFF, 0x8F, 0x00, 0x30, 0xFF, 0xEF, 0x00, 0x00, 0x00,
    0x00, 0x00, 0xFC, 0xFF, 0x3E, 0x00, 0x00, 0x00, 0xF5, 0xFF, 0x0D, 0x00, 0x00, 0x00, 0x00, 0xFE,
    0xBF, 0x00, 0x80, 0xFF, 0xAF, 0x00, 0x00, 0x00, 0x00, 0x60, 0xFF, 0xFF, 0x04, 0x00, 0x00, 0x00,
    0xF6, 0xFF, 0x0C, 0x00, 0x00, 0x00, 0x00, 0xFB, 0xEF, 0x00, 0xB0, 0xFF, 0x6F, 0x00, 0x00, 0x00,
    0x00, 0xE0, 0xFF, 0xAF, 0x00, 0x00, 0x00, 0x00, 0xF8, 0xFF, 0x0A, 0x00, 0x00, 0x00, 0x00, 0xF9,
    0xFF, 0x00, 0xE0, 0xFF, 0x2F, 0x00, 0x00, 0x00, 0x00, 0xF6, 0xFF, 0x2F, 0x00, 0x00, 0x00, 0x00,
    0xF9, 0xFF, 0x09, 0x00, 0x00, 0x00, 0x00, 0xF8, 0xFF, 0x01, 0xF2, 0xFF, 0x0F, 0x00, 0x00, 0x00,
    0x00, 0xFC, 0xFF, 0x0A, 0x00, 0x00, 0x00, 0x00, 0xFB, 0xFF, 0x07, 0x00, 0x00, 0x00, 0x00, 0xF7,
    0xFF, 0x02, 0xF4, 0xFF, 0x0D, 0x00, 0x00, 0x00, 0x20, 0xFF, 0xFF, 0x05, 0x00, 0x00, 0x00, 0x00,
    0xFC, 0xFF, 0x06, 0x00, 0x00, 0x00, 0x00, 0xF6, 0xFF, 0x03, 0xF6, 0xFF, 0x0B, 0x00, 0x00, 0x00,
    0x70, 0xFF, 0xFF, 0x00, 0x00, 0x00, 0x00, 0x00, 0xFE, 0xFF, 0x04, 0x00, 0x00, 0x00, 0x00, 0xF6,
    0xFF, 0x03, 0xF7, 0xFF, 0x09, 0x00, 0x00, 0x00, 0xB0, 0xFF, 0xCF, 0x00, 0x00, 0x00, 0x00, 0x00,
    0xFF, 0xFF, 0x03, 0x00, 0x00, 0x00, 0x00, 0xF6, 0xFF, 0x03, 0xF9, 0xFF, 0x08, 0x00, 0x00, 0x00,
    0xE0, 0xFF, 0x9F, 0x00, 0x00, 0x00, 0x00, 0x10, 0xFF, 0xFF, 0x01, 0x00, 0x00, 0x00, 0x00, 0xF6,
    0xFF, 0x03, 0xFA, 0xFF, 0x07, 0x00, 0x00, 0x00, 0xF1, 0xFF, 0x6F, 0x00, 0x00, 0x00, 0x00, 0x20,
    0xFF, 0xFF, 0x00, 0x00, 0x00, 0x00, 0x00, 0xF7, 0xFF, 0x02, 0xFA, 0xFF, 0x07, 0x00, 0x00, 0x00,
    0xF3, 0xFF, 0x4F, 0x00, 0x00, 0x00, 0x00, 0x30, 0xFF, 0xEF, 0x00, 0x00, 0x00, 0x00, 0x00, 0xF9,
    0xFF, 0x00, 0xFA, 0xFF, 0x07, 0x00, 0x00, 0x00, 0xF5, 0xFF, 0x2F, 0x00, 0x00, 0x00, 0x00, 0x50,
    0xFF, 0xDF, 0x00, 0x00, 0x00, 0x00, 0x00, 0xFA, 0xFF, 0x00, 0xFA, 0xFF, 0x06, 0x00, 0x00, 0x00,
    0xF6, 0xFF, 0x1F, 0x00, 0x00, 0x00, 0x00, 0x60, 0xFF, 0xBF, 0x00, 0x00, 0x00, 0x00, 0x00, 0xFD,
    0xCF, 0x00, 0xF9, 0xFF, 0x07, 0x00, 0x00, 0x00, 0xF6, 0xFF, 0x1F, 0x00, 0x00, 0x00, 0x00, 0x80,
    0xFF, 0xAF, 0x00, 0x00, 0x00, 0x00, 0x00, 0xFF, 0x9F, 0x00, 0xF8, 0xFF, 0x09, 0x00, 0x00, 0x00,
    0xF6, 0xFF, 0x1F, 0x00, 0x00, 0x00, 0x00, 0xB0, 0xFF, 0x9F, 0x00, 0x00, 0x00, 0x00, 0x50, 0xFF,
    0x5F, 0x00, 0xF6, 0xFF, 0x0A, 0x00, 0x00, 0x00, 0xF5, 0xFF, 0x3F, 0x00, 0x00, 0x00, 0x00, 0xF2,
    0xFF, 0x8F, 0x00, 0x00, 0x00, 0x00, 0xA0, 0xFF, 0x1F, 0x00, 0xF5, 0xFF, 0x0C, 0x00, 0x00, 0x00,
    0xF3, 0xFF, 0x7F, 0x00, 0x00, 0x00, 0x00, 0xFA, 0xFF, 0x9F, 0x00, 0x00, 0x00, 0x00, 0xF2, 0xFF,
    0x0A, 0x00, 0xF2, 0xFF, 0x0F, 0x00, 0x00, 0x00, 0xF0, 0xFF, 0xCF, 0x00, 0x00, 0x00, 0x50, 0xFF,
    0xFF, 0xBF, 0x00, 0x00, 0x00, 0x00, 0xFA, 0xFF, 0x04, 0x00, 0xF0, 0xFF, 0x3F, 0x00, 0x00, 0x00,
    0xC0, 0xFF, 0xFF, 0x06, 0x00, 0x00, 0xF4, 0xFF, 0xFF, 0xFF, 0x01, 0x00, 0x00, 0x60, 0xFF, 0xBF,
    0x00, 0x00, 0xB0, 0xFF, 0x7F, 0x00, 0x00, 0x00, 0x50, 0xFF, 0xFF, 0x9F, 0x13, 0x93, 0xFF, 0xAF,
    0xFF, 0xFF, 0x09, 0x00, 0x00, 0xF7, 0xFF, 0x2F, 0x00, 0x00, 0x70, 0xFF, 0xCF, 0x00, 0x00, 0x00,
    0x00, 0xFD, 0xFF, 0xFF, 0xFF, 0xFF, 0xFF, 0x0D, 0xF9, 0xFF, 0xCF, 0x66, 0xD8, 0xFF, 0xFF, 0x05,
    0x00, 0x00, 0x20, 0xFF, 0xFF, 0x01, 0x00, 0x00, 0x00, 0xF3, 0xFF, 0xFF, 0xFF, 0xFF, 0xDF, 0x01,
    0xE1, 0xFF, 0xFF, 0xFF, 0xFF, 0xFF, 0x5F, 0x00, 0x00, 0x00, 0x00, 0xFC, 0xFF, 0x08, 0x00, 0x00,
    0x00, 0x30, 0xFE, 0xFF, 0xFF, 0xFF, 0x1B, 0x00, 0x20, 0xFD, 0xFF, 0xFF, 0xFF, 0xCF, 0x02, 0x00,
    0x00, 0x00, 0x00, 0xF7, 0xFF, 0x0F, 0x00, 0x00, 0x00, 0x00, 0x71, 0xEC, 0xEF, 0x3A, 0x00, 0x00,
    0x00, 0x60, 0xEC, 0xEF, 0x9C, 0x04, 0x00, 0x00, 0x00, 0x00, 0x00, 0xE0, 0xFF, 0x8F, 0x00, 0x00,
    0x00, 0x00, 0x00, 0x00, 0x00, 0x00, 0x00, 0x00, 0x00, 0x00, 0x00, 0x00, 0x00, 0x00, 0x00, 0x00,
    0x00, 0x00, 0x00, 0x70, 0xFF, 0xFF, 0x03, 0x00, 0x00, 0x00, 0x00, 0x00, 0x00, 0x00, 0x00, 0x00,
    0x00, 0x00, 0x00, 0x00, 0x00, 0x00, 0x00, 0x00, 0x00, 0x00, 0x00, 0x00, 0xFD, 0xFF, 0x1D, 0x00,
    0x00, 0x00, 0x00, 0x00, 0x00, 0x00, 0x00, 0x00, 0x00, 0x00, 0x00, 0x00, 0x00, 0x00, 0x00, 0x00,
    0x00, 0x00, 0x00, 0x00, 0xF3, 0xFF, 0xCF, 0x00, 0x00, 0x00, 0x00, 0x00, 0x00, 0x00, 0x00, 0x00,
    0x00, 0x00, 0x00, 0x00, 0x00, 0x00, 0x00, 0x00, 0x00, 0x00, 0x00, 0x00, 0x80, 0xFF, 0xFF, 0x1C,
    0x00, 0x00, 0x00, 0x00, 0x00, 0x00, 0x00, 0x00, 0x00, 0x00, 0x00, 0x00, 0x00, 0x00, 0x00, 0x00,
    0x00, 0x00, 0x00, 0x00, 0x00, 0xFA, 0xFF, 0xEF, 0x04, 0x00, 0x00, 0x00, 0x00, 0x00, 0x00, 0x00,
    0x00, 0x00, 0x00, 0x00, 0x00, 0x00, 0x00, 0x00, 0x00, 0x00, 0x00, 0x00, 0x00, 0xA0, 0xFF, 0xFF,
    0xAF, 0x02, 0x00, 0x00, 0x00, 0x00, 0x00, 0x00, 0x00, 0x92, 0x00, 0x00, 0x00, 0x00, 0x00, 0x00,
    0x00, 0x00, 0x00, 0x00, 0x00, 0x00, 0xF8, 0xFF, 0xFF, 0xCF, 0x26, 0x00, 0x00, 0x00, 0x00, 0x20,
    0xC7, 0xFF, 0x03, 0x00, 0x00, 0x00, 0x00, 0x00, 0x00, 0x00, 0x00, 0x00, 0x00, 0x00, 0x40, 0xFE,
    0xFF, 0xFF, 0xFF, 0xBE, 0x9A, 0x98, 0xCA, 0xFF, 0xFF, 0xFF, 0x09, 0x00, 0x00, 0x00, 0x00, 0x00,
    0x00, 0x00, 0x00, 0x00, 0x00, 0x00, 0x00, 0x70, 0xFF, 0xFF, 0xFF, 0xFF, 0xFF, 0xFF, 0xFF, 0xFF,
    0xFF, 0xFF, 0x09, 0x00, 0x00, 0x00, 0x00, 0x00, 0x00, 0x00, 0x00, 0x00, 0x00, 0x00, 0x00, 0x00,
    0x61, 0xFC, 0xFF, 0xFF, 0xFF, 0xFF, 0xFF, 0xFF, 0xEF, 0x39, 0x00, 0x00, 0x00, 0x00, 0x00, 0x00,
    0x00, 0x00, 0x00, 0x00, 0x00, 0x00, 0x00, 0x00, 0x00, 0x10, 0x85, 0xDB, 0xFE, 0xEF, 0xCD, 0x69,
    0x03, 0x00, 0x00, 0x00, 0x00, 0x00, 0x00, 0x00, 0x00, 0x00, 0x00, 0x00, 0x00, 0x00, 0x00, 0x00,
    0x00, 0x00, 0xFA, 0xFF, 0x7F, 0x00, 0x00, 0x00, 0x00, 0x00, 0x00, 0x00, 0x00, 0x00, 0x00, 0x00,
    0x00, 0x00, 0x00, 0x00, 0x10, 0xFF, 0xFF, 0xDF, 0x00, 0x00, 0x00, 0x00, 0x00, 0x00, 0x00, 0x00,
    0x00, 0x00, 0x00, 0x00, 0x00, 0x00, 0x00, 0x60, 0xFF, 0xFF, 0xFF, 0x04, 0x00, 0x00, 0x00, 0x00,
    0x00, 0x00, 0x00, 0x00, 0x00, 0x00, 0x00, 0x00, 0x00, 0x00, 0xC0, 0xFF, 0xFF, 0xFF, 0x0A, 0x00,
    0x00, 0x00, 0x00, 0x00, 0x00, 0x00, 0x00, 0x00, 0x00, 0x00, 0x00, 0x00, 0x00, 0xF2, 0xFF, 0xFF,
    0xFF, 0x1F, 0x00, 0x00, 0x00, 0x00, 0x00, 0x00, 0x00, 0x00, 0x00, 0x00, 0x00, 0x00, 0x00, 0x00,
    0xF9, 0xFF, 0xFF, 0xFF, 0x6F, 0x00, 0x00, 0x00, 0x00, 0x00, 0x00, 0x00, 0x00, 0x00, 0x00, 0x00,
    0x00, 0x00, 0x00, 0xFE, 0xFF, 0xFF, 0xFF, 0xCF, 0x00, 0x00, 0x00, 0x00, 0x00, 0x00, 0x00, 0x00,
    0x00, 0x00, 0x00, 0x00, 0x00, 0x50, 0xFF, 0xFF, 0xC9, 0xFF, 0xFF, 0x02, 0x00, 0x00, 0x00, 0x00,
    0x00, 0x00, 0x00, 0x00, 0x00, 0x00, 0x00, 0x00, 0xB0, 0xFF, 0xFF, 0x64, 0xFF, 0xFF, 0x09, 0x00,
    0x00, 0x00, 0x00, 0x00, 0x00, 0x00, 0x00, 0x00, 0x00, 0x00, 0x00, 0xF1, 0xFF, 0xEF, 0x10, 0xFF,
    0xFF, 0x0E, 0x00, 0x00, 0x00, 0x00, 0x00, 0x00, 0x00, 0x00, 0x00, 0x00, 0x00, 0x00, 0xF7, 0xFF,
    0x8F, 0x00, 0xFB, 0xFF, 0x5F, 0x00, 0x00, 0x00, 0x00, 0x00, 0x00, 0x00, 0x00, 0x00, 0x00, 0x00,
    0x00, 0xFD, 0xFF, 0x2F, 0x00, 0xF5, 0xFF, 0xBF, 0x00, 0x00, 0x00, 0x00, 0x00, 0x00, 0x00, 0x00,
    0x00, 0x00, 0x00, 0x40, 0xFF, 0xFF, 0x0C, 0x00, 0xE0, 0xFF, 0xFF, 0x01, 0x00, 0x00, 0x00, 0x00,
    0x00, 0x00, 0x00, 0x00, 0x00, 0x00, 0xA0, 0xFF, 0xFF, 0x07, 0x00, 0x90, 0xFF, 0xFF, 0x07, 0x00,
    0x00, 0x00, 0x00, 0x00, 0x00, 0x00, 0x00, 0x00, 0x00, 0xF0, 0xFF, 0xFF, 0x01, 0x00, 0x30, 0xFF,
    0xFF, 0x0D, 0x00, 0x00, 0x00, 0x00, 0x00, 0x00, 0x00, 0x00, 0x00, 0x00, 0xF6, 0xFF, 0xBF, 0x00,
    0x00, 0x00, 0xFD, 0xFF, 0x4F, 0x00, 0x00, 0x00, 0x00, 0x00, 0x00, 0x00, 0x00, 0x00, 0x00, 0xFC,
    0xFF, 0x5F, 0x00, 0x00, 0x00, 0xF8, 0xFF, 0xAF, 0x00, 0x00, 0x00, 0x00, 0x00, 0x00, 0x00, 0x00,
    0x00, 0x20, 0xFF, 0xFF, 0x0F, 0x00, 0x00, 0x00, 0xF2, 0xFF, 0xFF, 0x01, 0x00, 0x00, 0x00, 0x00,
    0x00, 0x00, 0x00, 0x00, 0x90, 0xFF, 0xFF, 0x0A, 0x00, 0x00, 0x00, 0xC0, 0xFF, 0xFF, 0x06, 0x00,
    0x00, 0x00, 0x00, 0x00, 0x00, 0x00, 0x00, 0xE0, 0xFF, 0xFF, 0x04, 0x00, 0x00, 0x00, 0x60, 0xFF,
    0xFF, 0x0C, 0x00, 0x00, 0x00, 0x00, 0x00, 0x00, 0x00, 0x00, 0xF5, 0xFF, 0xEF, 0x00, 0x00, 0x00,
    0x00, 0x10, 0xFF, 0xFF, 0x2F, 0x00, 0x00, 0x00, 0x00, 0x00, 0x00, 0x00, 0x00, 0xFB, 0xFF, 0x8F,
    0x00, 0x00, 0x00, 0x00, 0x00, 0xFB, 0xFF, 0x9F, 0x00, 0x00, 0x00, 0x00, 0x00, 0x00, 0x00, 0x10,
    0xFF, 0xFF, 0x3F, 0x00, 0x00, 0x00, 0x00, 0x00, 0xF5, 0xFF, 0xEF, 0x00, 0x00, 0x00, 0x00, 0x00,
    0x00, 0x00, 0x70, 0xFF, 0xFF, 0x0D, 0x00, 0x00, 0x00, 0x00, 0x00, 0xF0, 0xFF, 0xFF, 0x05, 0x00,
    0x00, 0x00, 0x00, 0x00, 0x00, 0xD0, 0xFF, 0xFF, 0x07, 0x00, 0x00, 0x00, 0x00, 0x00, 0x90, 0xFF,
    0xFF, 0x0B, 0x00, 0x00, 0x00, 0x00, 0x00, 0x00, 0xF4, 0xFF, 0xFF, 0x01, 0x00, 0x00, 0x00, 0x00,
    0x00, 0x30, 0xFF, 0xFF, 0x1F, 0x00, 0x00, 0x00, 0x00, 0x00, 0x00, 0xFA, 0xFF, 0xFF, 0xFF, 0xFF,
    0xFF, 0xFF, 0xFF, 0xFF, 0xFF, 0xFF, 0xFF, 0x7F, 0x00, 0x00, 0x00, 0x00, 0x00, 0x00, 0xFF, 0xFF,
    0xFF, 0xFF, 0xFF, 0xFF, 0xFF, 0xFF, 0xFF, 0xFF, 0xFF, 0xFF, 0xDF, 0x00, 0x00, 0x00, 0x00, 0x00,
    0x60, 0xFF, 0xFF, 0xFF, 0xFF, 0xFF, 0xFF, 0xFF, 0xFF, 0xFF, 0xFF, 0xFF, 0xFF, 0xFF, 0x04, 0x00,
    0x00, 0x00, 0x00, 0xC0, 0xFF, 0xFF, 0xFF, 0xFF, 0xFF, 0xFF, 0xFF, 0xFF, 0xFF, 0xFF, 0xFF, 0xFF,
    0xFF, 0x0A, 0x00, 0x00, 0x00, 0x00, 0xF2, 0xFF, 0xFF, 0x79, 0x77, 0x77, 0x77, 0x77, 0x77, 0x77,
    0x77, 0xA7, 0xFF, 0xFF, 0x1F, 0x00, 0x00, 0x00, 0x00, 0xF8, 0xFF, 0xEF, 0x00, 0x00, 0x00, 0x00,
    0x00, 0x00, 0x00, 0x00, 0x10, 0xFF, 0xFF, 0x6F, 0x00, 0x00, 0x00, 0x00, 0xFE, 0xFF, 0x8F, 0x00,
    0x00, 0x00, 0x00, 0x00, 0x00, 0x00, 0x00, 0x00, 0xFA, 0xFF, 0xCF, 0x00, 0x00, 0x00, 0x50, 0xFF,
    0xFF, 0x2F, 0x00, 0x00, 0x00, 0x00, 0x00, 0x00, 0x00, 0x00, 0x00, 0xF4, 0xFF, 0xFF, 0x03, 0x00,
    0x00, 0xB0, 0xFF, 0xFF, 0x0C, 0x00, 0x00, 0x00, 0x00, 0x00, 0x00, 0x00, 0x00, 0x00, 0xE0, 0xFF,
    0xFF, 0x09, 0x00, 0x00, 0xF1, 0xFF, 0xFF, 0x06, 0x00, 0x00, 0x00, 0x00, 0x00, 0x00, 0x00, 0x00,
    0x00, 0x80, 0xFF, 0xFF, 0x0E, 0x00, 0x00, 0xF7, 0xFF, 0xFF, 0x01, 0x00, 0x00, 0x00, 0x00, 0x00,
    0x00, 0x00, 0x00, 0x00, 0x20, 0xFF, 0xFF, 0x5F, 0x00, 0x00, 0xFD, 0xFF, 0xBF, 0x00, 0x00, 0x00,
    0x00, 0x00, 0x00, 0x00, 0x00, 0x00, 0x00, 0x00, 0xFC, 0xFF, 0xBF, 0x00, 0x30, 0xFF, 0xFF, 0x5F,
    0x00, 0x00, 0x00, 0x00, 0x00, 0x00, 0x00, 0x00, 0x00, 0x00, 0x00, 0xF7, 0xFF, 0xFF, 0x01, 0xA0,
    0xFF, 0xFF, 0x0E, 0x00, 0x00, 0x00, 0x00, 0x00, 0x00, 0x00, 0x00, 0x00, 0x00, 0x00, 0xF1, 0xFF,
    0xFF, 0x07, 0xF0, 0xFF, 0xFF, 0x09, 0x00, 0x00, 0x00, 0x00, 0x00, 0x00, 0x00, 0x00, 0x00, 0x00,
    0x00, 0xB0, 0xFF, 0xFF, 0x0E, 0xF3, 0xFF, 0xFF, 0xFF, 0xFF, 0xFF, 0xFF, 0xEF, 0xCE, 0x7A, 0x03,
    0x00, 0x00, 0x00, 0x00, 0xF3, 0xFF, 0xFF, 0xFF, 0xFF, 0xFF, 0xFF, 0xFF, 0xFF, 0xFF, 0xDF, 0x06,
    0x00, 0x00, 0x00, 0xF3, 0xFF, 0xFF, 0xFF, 0xFF, 0xFF, 0xFF, 0xFF, 0xFF, 0xFF, 0xFF, 0xDF, 0x03,
    0x00, 0x00, 0xF3, 0xFF, 0xFF, 0xFF, 0xFF, 0xFF, 0xFF, 0xFF, 0xFF, 0xFF, 0xFF, 0xFF, 0x3E, 0x00,
    0x00, 0xF3, 0xFF, 0xFF, 0x79, 0x77, 0x77, 0x77, 0x87, 0xC9, 0xFF, 0xFF, 0xFF, 0xEF, 0x01, 0x00,
    0xF3, 0xFF, 0xFF, 0x03, 0x00, 0x00, 0x00, 0x00, 0x00, 0x71, 0xFF, 0xFF, 0xFF, 0x09, 0x00, 0xF3,
    0xFF, 0xFF, 0x03, 0x00, 0x00, 0x00, 0x00, 0x00, 0x00, 0xF3, 0xFF, 0xFF, 0x0F, 0x00, 0xF3, 0xFF,
    0xFF, 0x03, 0x00, 0x00, 0x00, 0x00, 0x00, 0x00, 0x60, 0xFF, 0xFF, 0x5F, 0x00, 0xF3, 0xFF, 0xFF,
    0x03, 0x00, 0x00, 0x00, 0x00, 0x00, 0x00, 0x00, 0xFF, 0xFF, 0x8F, 0x00, 0xF3, 0xFF, 0xFF, 0x03,
    0x00, 0x00, 0x00, 0x00, 0x00, 0x00, 0x00, 0xFD, 0xFF, 0xAF, 0x00, 0xF3, 0xFF, 0xFF, 0x03, 0x00,
    0x00, 0x00, 0x00, 0x00, 0x00, 0x00, 0xFB, 0xFF, 0xBF, 0x00, 0xF3, 0xFF, 0xFF, 0x03, 0x00, 0x00,
    0x00, 0x00, 0x00, 0x00, 0x00, 0xFC, 0xFF, 0xAF, 0x00, 0xF3, 0xFF, 0xFF, 0x03, 0x00, 0x00, 0x00,
    0x00, 0x00, 0x00, 0x00, 0xFF, 0xFF, 0x8F, 0x00, 0xF3, 0xFF, 0xFF, 0x03, 0x00, 0x00, 0x00, 0x00,
    0x00, 0x00, 0x60, 0xFF, 0xFF, 0x3F, 0x00, 0xF3, 0xFF, 0xFF, 0x03, 0x00, 0x00, 0x00, 0x00, 0x00,
    0x00, 0xE2, 0xFF, 0xFF, 0x0C, 0x00, 0xF3, 0xFF, 0xFF, 0x03, 0x00, 0x00, 0x00, 0x00, 0x00, 0x40,
    0xFE, 0xFF, 0xFF, 0x03, 0x00, 0xF3, 0xFF, 0xFF, 0x03, 0x00, 0x00, 0x00, 0x10, 0x62, 0xFC, 0xFF,
    0xFF, 0x5F, 0x00, 0x00, 0xF3, 0xFF, 0xFF, 0xFF, 0xFF, 0xFF, 0xFF, 0xFF, 0xFF, 0xFF, 0xFF, 0xEF,
    0x04, 0x00, 0x00, 0xF3, 0xFF, 0xFF, 0xFF, 0xFF, 0xFF, 0xFF, 0xFF, 0xFF, 0xFF, 0xFF, 0x08, 0x00,
    0x00, 0x00, 0xF3, 0xFF, 0xFF, 0xFF, 0xFF, 0xFF, 0xFF, 0xFF, 0xFF, 0xFF, 0xFF, 0x4B, 0x00, 0x00,
    0x00, 0xF3, 0xFF, 0xFF, 0xFF, 0xFF, 0xFF, 0xFF, 0xFF, 0xFF, 0xFF, 0xFF, 0xFF, 0x1B, 0x00, 0x00,
    0xF3, 0xFF, 0xFF, 0x57, 0x55, 0x55, 0x55, 0x65, 0x87, 0xFC, 0xFF, 0xFF, 0xDF, 0x01, 0x00, 0xF3,
    0xFF, 0xFF, 0x03, 0x00, 0x00, 0x00, 0x00, 0x00, 0x20, 0xFA, 0xFF, 0xFF, 0x0C, 0x00, 0xF3, 0xFF,
    0xFF, 0x03, 0x00, 0x00, 0x00, 0x00, 0x00, 0x00, 0x70, 0xFF, 0xFF, 0x7F, 0x00, 0xF3, 0xFF, 0xFF,
    0x03, 0x00, 0x00, 0x00, 0x00, 0x00, 0x00, 0x00, 0xFB, 0xFF, 0xEF, 0x00, 0xF3, 0xFF, 0xFF, 0x03,
    0x00, 0x00, 0x00, 0x00, 0x00, 0x00, 0x00, 0xF3, 0xFF, 0xFF, 0x05, 0xF3, 0xFF, 0xFF, 0x03, 0x00,
    0x00, 0x00, 0x00, 0x00, 0x00, 0x00, 0xE0, 0xFF, 0xFF, 0x09, 0xF3, 0xFF, 0xFF, 0x03, 0x00, 0x00,
    0x00, 0x00, 0x00, 0x00, 0x00, 0xB0, 0xFF, 0xFF, 0x0C, 0xF3, 0xFF, 0xFF, 0x03, 0x00, 0x00, 0x00,
    0x00, 0x00, 0x00, 0x00, 0xA0, 0xFF, 0xFF, 0x0D, 0xF3, 0xFF, 0xFF, 0x03, 0x00, 0x00, 0x00, 0x00,
    0x00, 0x00, 0x00, 0xA0, 0xFF, 0xFF, 0x0C, 0xF3, 0xFF, 0xFF, 0x03, 0x00, 0x00, 0x00, 0x00, 0x00,
    0x00, 0x00, 0xB0, 0xFF, 0xFF, 0x0B, 0xF3, 0xFF, 0xFF, 0x03, 0x00, 0x00, 0x00, 0x00, 0x00, 0x00,
    0x00, 0xF0, 0xFF, 0xFF, 0x09, 0xF3, 0xFF, 0xFF, 0x03, 0x00, 0x00, 0x00, 0x00, 0x00, 0x00, 0x00,
    0xF5, 0xFF, 0xFF, 0x05, 0xF3, 0xFF, 0xFF, 0x03, 0x00, 0x00, 0x00, 0x00, 0x00, 0x00, 0x10, 0xFD,
    0xFF, 0xFF, 0x01, 0xF3, 0xFF, 0xFF, 0x03, 0x00, 0x00, 0x00, 0x00, 0x00, 0x00, 0xC1, 0xFF, 0xFF,
    0xAF, 0x00, 0xF3, 0xFF, 0xFF, 0x03, 0x00, 0x00, 0x00, 0x00, 0x00, 0x50, 0xFE, 0xFF, 0xFF, 0x2F,
    0x00, 0xF3, 0xFF, 0xFF, 0x79, 0x77, 0x77, 0x77, 0x77, 0xB8, 0xFE, 0xFF, 0xFF, 0xFF, 0x06, 0x00,
    0xF3, 0xFF, 0xFF, 0xFF, 0xFF, 0xFF, 0xFF, 0xFF, 0xFF, 0xFF, 0xFF, 0xFF, 0x7F, 0x00, 0x00, 0xF3,
    0xFF, 0xFF, 0xFF, 0xFF, 0xFF, 0xFF, 0xFF, 0xFF, 0xFF, 0xFF, 0xEF, 0x05, 0x00, 0x00, 0xF3, 0xFF,
    0xFF, 0xFF, 0xFF, 0xFF, 0xFF, 0xFF, 0xFF, 0xFF, 0xEF, 0x18, 0x00, 0x00, 0x00, 0xF3, 0xFF, 0xFF,
    0xFF, 0xFF, 0xFF, 0xFF, 0xFF, 0xDE, 0x8B, 0x04, 0x00, 0x00, 0x00, 0x00, 0x00, 0x00, 0x00, 0x00,
    0x00, 0x10, 0xA6, 0xED, 0xFF, 0xCE, 0x6A, 0x02, 0x00, 0x00, 0x00, 0x00, 0x00, 0x00, 0x00, 0x00,
    0x00, 0x40, 0xFC, 0xFF, 0xFF, 0xFF, 0xFF, 0xFF, 0xCF, 0x05, 0x00, 0x00, 0x00, 0x00, 0x00, 0x00,
    0x00, 0x20, 0xFC, 0xFF, 0xFF, 0xFF, 0xFF, 0xFF, 0xFF, 0xFF, 0xCF, 0x02, 0x00, 0x00, 0x00, 0x00,
    0x00, 0x00, 0xF4, 0xFF, 0xFF, 0xFF, 0xFF, 0xFF, 0xFF, 0xFF, 0xFF, 0xFF, 0x4F, 0x00, 0x00, 0x00,
    0x00, 0x00, 0x50, 0xFF, 0xFF, 0xFF, 0xFF, 0x9B, 0x88, 0xB9, 0xFF, 0xFF, 0xFF, 0xFF, 0x04, 0x00,
    0x00, 0x00, 0x00, 0xF4, 0xFF, 0xFF, 0xEF, 0x16, 0x00, 0x00, 0x00, 0x50, 0xFD, 0xFF, 0xFF, 0x2F,
    0x00, 0x00, 0x00, 0x10, 0xFE, 0xFF, 0xFF, 0x1A, 0x00, 0x00, 0x00, 0x00, 0x00, 0xA0, 0xFF, 0xFF,
    0xBF, 0x00, 0x00, 0x00, 0xA0, 0xFF, 0xFF, 0xAF, 0x00, 0x00, 0x00, 0x00, 0x00, 0x00, 0x00, 0xFB,
    0xFF, 0xFF, 0x05, 0x00, 0x00, 0xF3, 0xFF, 0xFF, 0x0B, 0x00, 0x00, 0x00, 0x00, 0x00, 0x00, 0x00,
    0xF1, 0xFF, 0xFF, 0x0C, 0x00, 0x00, 0xFB, 0xFF, 0xFF, 0x02, 0x00, 0x00, 0x00, 0x00, 0x00, 0x00,
    0x00, 0x80, 0xFF, 0xFF, 0x2F, 0x00, 0x10, 0xFF, 0xFF, 0x9F, 0x00, 0x00, 0x00, 0x00, 0x00, 0x00,
    0x00, 0x00, 0x20, 0xFF, 0xFF, 0x7F, 0x00, 0x70, 0xFF, 0xFF, 0x2F, 0x00, 0x00, 0x00, 0x00, 0x00,
    0x00, 0x00, 0x00, 0x00, 0xFD, 0xFF, 0xBF, 0x00, 0xB0, 0xFF, 0xFF, 0x0C, 0x00, 0x00, 0x00, 0x00,
    0x00, 0x00, 0x00, 0x00, 0x00, 0xF9, 0xFF, 0xEF, 0x00, 0xF0, 0xFF, 0xFF, 0x08, 0x00, 0x00, 0x00,
    0x00, 0x00, 0x00, 0x00, 0x00, 0x00, 0xD5, 0xDD, 0xDD, 0x00, 0xF3, 0xFF, 0xFF, 0x05, 0x00, 0x00,
    0x00, 0x00, 0x00, 0x00, 0x00, 0x00, 0x00, 0x00, 0x00, 0x00, 0x00, 0xF5, 0xFF, 0xFF, 0x02, 0x00,
    0x00, 0x00, 0x00, 0x00, 0x00, 0x00, 0x00, 0x00, 0x00, 0x00, 0x00, 0x00, 0xF7, 0xFF, 0xFF, 0x00,
    0x00, 0x00, 0x00, 0x00, 0x00, 0x00, 0x00, 0x00, 0x00, 0x00, 0x00, 0x00, 0x00, 0xF8, 0xFF, 0xFF,
    0x00, 0x00, 0x00, 0x00, 0x00, 0x00, 0x00, 0x00, 0x00, 0x00, 0x00, 0x00, 0x00, 0x00, 0xF9, 0xFF,
    0xEF, 0x00, 0x00, 0x00, 0x00, 0x00, 0x00, 0x00, 0x00, 0x00, 0x00, 0x00, 0x00, 0x00, 0x00, 0xF9,
    0xFF, 0xDF, 0x00, 0x00, 0x00, 0x00, 0x00, 0x00, 0x00, 0x00, 0x00, 0x00, 0x00, 0x00, 0x00, 0x00,
    0xFA, 0xFF, 0xDF, 0x00, 0x00, 0x00, 0x00, 0x00, 0x00, 0x00, 0x00, 0x00, 0x00, 0x00, 0x00, 0x00,
    0x00, 0xFA, 0xFF, 0xDF, 0x00, 0x00, 0x00, 0x00, 0x00, 0x00, 0x00, 0x00, 0x00, 0x00, 0x00, 0x00,
    0x00, 0x00, 0xFA, 0xFF, 0xDF, 0x00, 0x00, 0x00, 0x00, 0x00, 0x00, 0x00, 0x00, 0x00, 0x00, 0x00,
    0x00, 0x00, 0x00, 0xF9, 0xFF, 0xDF, 0x00, 0x00, 0x00, 0x00, 0x00, 0x00, 0x00, 0x00, 0x00, 0x00,
    0x00, 0x00, 0x00, 0x00, 0xF9, 0xFF, 0xEF, 0x00, 0x00, 0x00, 0x00, 0x00, 0x00, 0x00, 0x00, 0x00,
    0x00, 0x00, 0x00, 0x00, 0x00, 0xF8, 0xFF, 0xFF, 0x00, 0x00, 0x00, 0x00, 0x00, 0x00, 0x00, 0x00,
    0x00, 0x00, 0x00, 0x00, 0x00, 0x00, 0xF7, 0xFF, 0xFF, 0x00, 0x00, 0x00, 0x00, 0x00, 0x00, 0x00,
    0x00, 0x00, 0x00, 0x00, 0x00, 0x00, 0x00, 0xF5, 0xFF, 0xFF, 0x02, 0x00, 0x00, 0x00, 0x00, 0x00,
    0x00, 0x00, 0x00, 0x00, 0x00, 0x00, 0x00, 0x00, 0xF3, 0xFF, 0xFF, 0x04, 0x00, 0x00, 0x00, 0x00,
    0x00, 0x00, 0x00, 0x00, 0x00, 0x00, 0x00, 0x00, 0x00, 0xF0, 0xFF, 0xFF, 0x07, 0x00, 0x00, 0x00,
    0x00, 0x00, 0x00, 0x00, 0x00, 0x00, 0xA4, 0xAA, 0xAA, 0x00, 0xC0, 0xFF, 0xFF, 0x0C, 0x00, 0x00,
    0x00, 0x00, 0x00, 0x00, 0x00, 0x00, 0x00, 0xF9, 0xFF, 0xEF, 0x00, 0x80, 0xFF, 0xFF, 0x2F, 0x00,
    0x00, 0x00, 0x00, 0x00, 0x00, 0x00, 0x00, 0x00, 0xFC, 0xFF, 0xBF, 0x00, 0x20, 0xFF, 0xFF, 0x8F,
    0x00, 0x00, 0x00, 0x00, 0x00, 0x00, 0x00, 0x00, 0x20, 0xFF, 0xFF, 0x7F, 0x00, 0x00, 0xFC, 0xFF,
    0xFF, 0x01, 0x00, 0x00, 0x00, 0x00, 0x00, 0x00, 0x00, 0x70, 0xFF, 0xFF, 0x2F, 0x00, 0x00, 0xF4,
    0xFF, 0xFF, 0x0A, 0x00, 0x00, 0x00, 0x00, 0x00, 0x00, 0x00, 0xE1, 0xFF, 0xFF, 0x0C, 0x00, 0x00,
    0xB0, 0xFF, 0xFF, 0x7F, 0x00, 0x00, 0x00, 0x00, 0x00, 0x00, 0x00, 0xFA, 0xFF, 0xFF, 0x05, 0x00,
    0x00, 0x20, 0xFF, 0xFF, 0xFF, 0x08, 0x00, 0x00, 0x00, 0x00, 0x00, 0x90, 0xFF, 0xFF, 0xBF, 0x00,
    0x00, 0x00, 0x00, 0xF5, 0xFF, 0xFF, 0xCF, 0x04, 0x00, 0x00, 0x00, 0x50, 0xFD, 0xFF, 0xFF, 0x2E,
    0x00, 0x00, 0x00, 0x00, 0x70, 0xFF, 0xFF, 0xFF, 0xEF, 0x8A, 0x87, 0xC9, 0xFF, 0xFF, 0xFF, 0xFF,
    0x03, 0x00, 0x00, 0x00, 0x00, 0x00, 0xF7, 0xFF, 0xFF, 0xFF, 0xFF, 0xFF, 0xFF, 0xFF, 0xFF, 0xFF,
    0x4E, 0x00, 0x00, 0x00, 0x00, 0x00, 0x00, 0x40, 0xFE, 0xFF, 0xFF, 0xFF, 0xFF, 0xFF, 0xFF, 0xFF,
    0xBF, 0x01, 0x00, 0x00, 0x00, 0x00, 0x00, 0x00, 0x00, 0x70, 0xFE, 0xFF, 0xFF, 0xFF, 0xFF, 0xFF,
    0xBF, 0x04, 0x00, 0x00, 0x00, 0x00, 0x00, 0x00, 0x00, 0x00, 0x00, 0x40, 0xB8, 0xFE, 0xEF, 0xCD,
    0x59, 0x01, 0x00, 0x00, 0x00, 0x00, 0x00, 0xF3, 0xFF, 0xFF, 0xFF, 0xFF, 0xFF, 0xFF, 0xCE, 0x69,
    0x01, 0x00, 0x00, 0x00, 0x00, 0x00, 0x00, 0xF3, 0xFF, 0xFF, 0xFF, 0xFF, 0xFF, 0xFF, 0xFF, 0xFF,
    0xCF, 0x05, 0x00, 0x00, 0x00, 0x00, 0x00, 0xF3, 0xFF, 0xFF, 0xFF, 0xFF, 0xFF, 0xFF, 0xFF, 0xFF,
    0xFF, 0xDF, 0x04, 0x00, 0x00, 0x00, 0x00, 0xF3, 0xFF, 0xFF, 0xFF, 0xFF, 0xFF, 0xFF, 0xFF, 0xFF,
    0xFF, 0xFF, 0x9F, 0x00, 0x00, 0x00, 0x00, 0xF3, 0xFF, 0xFF, 0x79, 0x77, 0x77, 0x87, 0xCA, 0xFF,
    0xFF, 0xFF, 0xFF, 0x0B, 0x00, 0x00, 0x00, 0xF3, 0xFF, 0xFF, 0x03, 0x00, 0x00, 0x00, 0x00, 0x51,
    0xFC, 0xFF, 0xFF, 0xCF, 0x00, 0x00, 0x00, 0xF3, 0xFF, 0xFF, 0x03, 0x00, 0x00, 0x00, 0x00, 0x00,
    0x50, 0xFE, 0xFF, 0xFF, 0x0A, 0x00, 0x00, 0xF3, 0xFF, 0xFF, 0x03, 0x00, 0x00, 0x00, 0x00, 0x00,
    0x00, 0xE2, 0xFF, 0xFF, 0x5F, 0x00, 0x00, 0xF3, 0xFF, 0xFF, 0x03, 0x00, 0x00, 0x00, 0x00, 0x00,
    0x00, 0x10, 0xFE, 0xFF, 0xEF, 0x00, 0x00, 0xF3, 0xFF, 0xFF, 0x03, 0x00, 0x00, 0x00, 0x00, 0x00,
    0x00, 0x00, 0xF5, 0xFF, 0xFF, 0x08, 0x00, 0xF3, 0xFF, 0xFF, 0x03, 0x00, 0x00, 0x00, 0x00, 0x00,
    0x00, 0x00, 0xA0, 0xFF, 0xFF, 0x0E, 0x00, 0xF3, 0xFF, 0xFF, 0x03, 0x00, 0x00, 0x00, 0x00, 0x00,
    0x00, 0x00, 0x30, 0xFF, 0xFF, 0x5F, 0x00, 0xF3, 0xFF, 0xFF, 0x03, 0x00, 0x00, 0x00, 0x00, 0x00,
    0x00, 0x00, 0x00, 0xFD, 0xFF, 0xAF, 0x00, 0xF3, 0xFF, 0xFF, 0x03, 0x00, 0x00, 0x00, 0x00, 0x00,
    0x00, 0x00, 0x00, 0xF7, 0xFF, 0xEF, 0x00, 0xF3, 0xFF, 0xFF, 0x03, 0x00, 0x00, 0x00, 0x00, 0x00,
    0x00, 0x00, 0x00, 0xF4, 0xFF, 0xFF, 0x02, 0xF3, 0xFF, 0xFF, 0x03, 0x00, 0x00, 0x00, 0x00, 0x00,
    0x00, 0x00, 0x00, 0xF1, 0xFF, 0xFF, 0x04, 0xF3, 0xFF, 0xFF, 0x03, 0x00, 0x00, 0x00, 0x00, 0x00,
    0x00, 0x00, 0x00, 0xF0, 0xFF, 0xFF, 0x07, 0xF3, 0xFF, 0xFF, 0x03, 0x00, 0x00, 0x00, 0x00, 0x00,
    0x00, 0x00, 0x00, 0xE0, 0xFF, 0xFF, 0x08, 0xF3, 0xFF, 0xFF, 0x03, 0x00, 0x00, 0x00, 0x00, 0x00,
    0x00, 0x00, 0x00, 0xD0, 0xFF, 0xFF, 0x09, 0xF3, 0xFF, 0xFF, 0x03, 0x00, 0x00, 0x00, 0x00, 0x00,
    0x00, 0x00, 0x00, 0xC0, 0xFF, 0xFF, 0x09, 0xF3, 0xFF, 0xFF, 0x03, 0x00, 0x00, 0x00, 0x00, 0x00,
    0x00, 0x00, 0x00, 0xC0, 0xFF, 0xFF, 0x09, 0xF3, 0xFF, 0xFF, 0x03, 0x00, 0x00, 0x00, 0x00, 0x00,
    0x00, 0x00, 0x00, 0xC0, 0xFF, 0xFF, 0x09, 0xF3, 0xFF, 0xFF, 0x03, 0x00, 0x00, 0x00, 0x00, 0x00,
    0x00, 0x00, 0x00, 0xD0, 0xFF, 0xFF, 0x09, 0xF3, 0xFF, 0xFF, 0x03, 0x00, 0x00, 0x00, 0x00, 0x00,
    0x00, 0x00, 0x00, 0xE0, 0xFF, 0xFF, 0x08, 0xF3, 0xFF, 0xFF, 0x03, 0x00, 0x00, 0x00, 0x00, 0x00,
    0x00, 0x00, 0x00, 0xF0, 0xFF, 0xFF, 0x07, 0xF3, 0xFF, 0xFF, 0x03, 0x00, 0x00, 0x00, 0x00, 0x00,
    0x00, 0x00, 0x00, 0xF1, 0xFF, 0xFF, 0x05, 0xF3, 0xFF, 0xFF, 0x03, 0x00, 0x00, 0x00, 0x00, 0x00,
    0x00, 0x00, 0x00, 0xF5, 0xFF, 0xFF, 0x02, 0xF3, 0xFF, 0xFF, 0x03, 0x00, 0x00, 0x00, 0x00, 0x00,
    0x00, 0x00, 0x00, 0xF8, 0xFF, 0xFF, 0x00, 0xF3, 0xFF, 0xFF, 0x03, 0x00, 0x00, 0x00, 0x00, 0x00,
    0x00, 0x00, 0x00, 0xFD, 0xFF, 0xAF, 0x00, 0xF3, 0xFF, 0xFF, 0x03, 0x00, 0x00, 0x00, 0x00, 0x00,
    0x00, 0x00, 0x40, 0xFF, 0xFF, 0x5F, 0x00, 0xF3, 0xFF, 0xFF, 0x03, 0x00, 0x00, 0x00, 0x00, 0x00,
    0x00, 0x00, 0xC0, 0xFF, 0xFF, 0x0E, 0x00, 0xF3, 0xFF, 0xFF, 0x03, 0x00, 0x00, 0x00, 0x00, 0x00,
    0x00, 0x00, 0xF6, 0xFF, 0xFF, 0x08, 0x00, 0xF3, 0xFF, 0xFF, 0x03, 0x00, 0x00, 0x00, 0x00, 0x00,
    0x00, 0x30, 0xFF, 0xFF, 0xEF, 0x01, 0x00, 0xF3, 0xFF, 0xFF, 0x03, 0x00, 0x00, 0x00, 0x00, 0x00,
    0x00, 0xF4, 0xFF, 0xFF, 0x6F, 0x00, 0x00, 0xF3, 0xFF, 0xFF, 0x03, 0x00, 0x00, 0x00, 0x00, 0x00,
    0x70, 0xFF, 0xFF, 0xFF, 0x0A, 0x00, 0x00, 0xF3, 0xFF, 0xFF, 0x03, 0x00, 0x00, 0x00, 0x00, 0x72,
    0xFE, 0xFF, 0xFF, 0xCF, 0x00, 0x00, 0x00, 0xF3, 0xFF, 0xFF, 0x79, 0x77, 0x77, 0x97, 0xDA, 0xFF,
    0xFF, 0xFF, 0xFF, 0x0B, 0x00, 0x00, 0x00, 0xF3, 0xFF, 0xFF, 0xFF, 0xFF, 0xFF, 0xFF, 0xFF, 0xFF,
    0xFF, 0xFF, 0x9F, 0x00, 0x00, 0x00, 0x00, 0xF3, 0xFF, 0xFF, 0xFF, 0xFF, 0xFF, 0xFF, 0xFF, 0xFF,
    0xFF, 0xCF, 0x03, 0x00, 0x00, 0x00, 0x00, 0xF3, 0xFF, 0xFF, 0xFF, 0xFF, 0xFF, 0xFF, 0xFF, 0xFF,
    0xBF, 0x04, 0x00, 0x00, 0x00, 0x00, 0x00, 0xF3, 0xFF, 0xFF, 0xFF, 0xFF, 0xFF, 0xEF, 0xBD, 0x58,
    0x00, 0x00, 0x00, 0x00, 0x00, 0x00, 0x00, 0xF3, 0xFF, 0xFF, 0xFF, 0xFF, 0xFF, 0xFF, 0xFF, 0xFF,
    0xFF, 0xFF, 0xFF, 0xFF, 0x0B, 0xF3, 0xFF, 0xFF, 0xFF, 0xFF, 0xFF, 0xFF, 0xFF, 0xFF, 0xFF, 0xFF,
    0xFF, 0xFF, 0x0B, 0xF3, 0xFF, 0xFF, 0xFF, 0xFF, 0xFF, 0xFF, 0xFF, 0xFF, 0xFF, 0xFF, 0xFF, 0xFF,
    0x0B, 0xF3, 0xFF, 0xFF, 0xFF, 0xFF, 0xFF, 0xFF, 0xFF, 0xFF, 0xFF, 0xFF, 0xFF, 0xFF, 0x0B, 0xF3,
    0xFF, 0xFF, 0x79, 0x77, 0x77, 0x77, 0x77, 0x77, 0x77, 0x77, 0x77, 0x77, 0x05, 0xF3, 0xFF, 0xFF,
    0x03, 0x00, 0x00, 0x00, 0x00, 0x00, 0x00, 0x00, 0x00, 0x00, 0x00, 0xF3, 0xFF, 0xFF, 0x03, 0x00,
    0x00, 0x00, 0x00, 0x00, 0x00, 0x00, 0x00, 0x00, 0x00, 0xF3, 0xFF, 0xFF, 0x03, 0x00, 0x00, 0x00,
    0x00, 0x00, 0x00, 0x00, 0x00, 0x00, 0x00, 0xF3, 0xFF, 0xFF, 0x03, 0x00, 0x00, 0x00, 0x00, 0x00,
    0x00, 0x00, 0x00, 0x00, 0x00, 0xF3, 0xFF, 0xFF, 0x03, 0x00, 0x00, 0x00, 0x00, 0x00, 0x00, 0x00,
    0x00, 0x00, 0x00, 0xF3, 0xFF, 0xFF, 0x03, 0x00, 0x00, 0x00, 0x00, 0x00, 0x00, 0x00, 0x00, 0x00,
    0x00, 0xF3, 0xFF, 0xFF, 0x03, 0x00, 0x00, 0x00, 0x00, 0x00, 0x00, 0x00, 0x00, 0x00, 0x00, 0xF3,
    0xFF, 0xFF, 0x03, 0x00, 0x00, 0x00, 0x00, 0x00, 0x00, 0x00, 0x00, 0x00, 0x00, 0xF3, 0xFF, 0xFF,
    0x03, 0x00, 0x00, 0x00, 0x00, 0x00, 0x00, 0x00, 0x00, 0x00, 0x00, 0xF3, 0xFF, 0xFF, 0x03, 0x00,
    0x00, 0x00, 0x00, 0x00, 0x00, 0x00, 0x00, 0x00, 0x00, 0xF3, 0xFF, 0xFF, 0x03, 0x00, 0x00, 0x00,
    0x00, 0x00, 0x00, 0x00, 0x00, 0x00, 0x00, 0xF3, 0xFF, 0xFF, 0x03, 0x00, 0x00, 0x00, 0x00, 0x00,
    0x00, 0x00, 0x00, 0x00, 0x00, 0xF3, 0xFF, 0xFF, 0x03, 0x00, 0x00, 0x00, 0x00, 0x00, 0x00, 0x00,
    0x00, 0x00, 0x00, 0xF3, 0xFF, 0xFF, 0xFF, 0xFF, 0xFF, 0xFF, 0xFF, 0xFF, 0xFF, 0xFF, 0xFF, 0x01,
    0x00, 0xF3, 0xFF, 0xFF, 0xFF, 0xFF, 0xFF, 0xFF, 0xFF, 0xFF, 0xFF, 0xFF, 0xFF, 0x01, 0x00, 0xF3,
    0xFF, 0xFF, 0xFF, 0xFF, 0xFF, 0xFF, 0xFF, 0xFF, 0xFF, 0xFF, 0xFF, 0x01, 0x00, 0xF3, 0xFF, 0xFF,
    0xFF, 0xFF, 0xFF, 0xFF, 0xFF, 0xFF, 0xFF, 0xFF, 0xFF, 0x01, 0x00, 0xF3, 0xFF, 0xFF, 0x79, 0x77,
    0x77, 0x77, 0x77, 0x77, 0x77, 0x77, 0x77, 0x00, 0x00, 0xF3, 0xFF, 0xFF, 0x03, 0x00, 0x00, 0x00,
    0x00, 0x00, 0x00, 0x00, 0x00, 0x00, 0x00, 0xF3, 0xFF, 0xFF, 0x03, 0x00, 0x00, 0x00, 0x00, 0x00,
    0x00, 0x00, 0x00, 0x00, 0x00, 0xF3, 0xFF, 0xFF, 0x03, 0x00, 0x00, 0x00, 0x00, 0x00, 0x00, 0x00,
    0x00, 0x00, 0x00, 0xF3, 0xFF, 0xFF, 0x03, 0x00, 0x00, 0x00, 0x00, 0x00, 0x00, 0x00, 0x00, 0x00,
    0x00, 0xF3, 0xFF, 0xFF, 0x03, 0x00, 0x00, 0x00, 0x00, 0x00, 0x00, 0x00, 0x00, 0x00, 0x00, 0xF3,
    0xFF, 0xFF, 0x03, 0x00, 0x00, 0x00, 0x00, 0x00, 0x00, 0x00, 0x00, 0x00, 0x00, 0xF3, 0xFF, 0xFF,
    0x03, 0x00, 0x00, 0x00, 0x00, 0x00, 0x00, 0x00, 0x00, 0x00, 0x00, 0xF3, 0xFF, 0xFF, 0x03, 0x00,
    0x00, 0x00, 0x00, 0x00, 0x00, 0x00, 0x00, 0x00, 0x00, 0xF3, 0xFF, 0xFF, 0x03, 0x00, 0x00, 0x00,
    0x00, 0x00, 0x00, 0x00, 0x00, 0x00, 0x00, 0xF3, 0xFF, 0xFF, 0x03, 0x00, 0x00, 0x00, 0x00, 0x00,
    0x00, 0x00, 0x00, 0x00, 0x00, 0xF3, 0xFF, 0xFF, 0x03, 0x00, 0x00, 0x00, 0x00, 0x00, 0x00, 0x00,
    0x00, 0x00, 0x00, 0xF3, 0xFF, 0xFF, 0x03, 0x00, 0x00, 0x00, 0x00, 0x00, 0x00, 0x00, 0x00, 0x00,
    0x00, 0xF3, 0xFF, 0xFF, 0x03, 0x00, 0x00, 0x00, 0x00, 0x00, 0x00, 0x00, 0x00, 0x00, 0x00, 0xF3,
    0xFF, 0xFF, 0x79, 0x77, 0x77, 0x77, 0x77, 0x77, 0x77, 0x77, 0x77, 0x77, 0x07, 0xF3, 0xFF, 0xFF,
    0xFF, 0xFF, 0xFF, 0xFF, 0xFF, 0xFF, 0xFF, 0xFF, 0xFF, 0xFF, 0x0F, 0xF3, 0xFF, 0xFF, 0xFF, 0xFF,
    0xFF, 0xFF, 0xFF, 0xFF, 0xFF, 0xFF, 0xFF, 0xFF, 0x0F, 0xF3, 0xFF, 0xFF, 0xFF, 0xFF, 0xFF, 0xFF,
    0xFF, 0xFF, 0xFF, 0xFF, 0xFF, 0xFF, 0x0F, 0xF3, 0xFF, 0xFF, 0xFF, 0xFF, 0xFF, 0xFF, 0xFF, 0xFF,
    0xFF, 0xFF, 0xFF, 0xFF, 0x0F, 0xF3, 0xFF, 0xFF, 0xFF, 0xFF, 0xFF, 0xFF, 0xFF, 0xFF, 0xFF, 0xFF,
    0xFF, 0xFF, 0x05, 0xF3, 0xFF, 0xFF, 0xFF, 0xFF, 0xFF, 0xFF, 0xFF, 0xFF, 0xFF, 0xFF, 0xFF, 0xFF,
    0x05, 0xF3, 0xFF, 0xFF, 0xFF, 0xFF, 0xFF, 0xFF, 0xFF, 0xFF, 0xFF, 0xFF, 0xFF, 0xFF, 0x05, 0xF3,
    0xFF, 0xFF, 0xFF, 0xFF, 0xFF, 0xFF, 0xFF, 0xFF, 0xFF, 0xFF, 0xFF, 0xFF, 0x05, 0xF3, 0xFF, 0xFF,
    0x79, 0x77, 0x77, 0x77, 0x77, 0x77, 0x77, 0x77, 0x77, 0x77, 0x02, 0xF3, 0xFF, 0xFF, 0x03, 0x00,
    0x00, 0x00, 0x00, 0x00, 0x00, 0x00, 0x00, 0x00, 0x00, 0xF3, 0xFF, 0xFF, 0x03, 0x00, 0x00, 0x00,
    0x00, 0x00, 0x00, 0x00, 0x00, 0x00, 0x00, 0xF3, 0xFF, 0xFF, 0x03, 0x00, 0x00, 0x00, 0x00, 0x00,
    0x00, 0x00, 0x00, 0x00, 0x00, 0xF3, 0xFF, 0xFF, 0x03, 0x00, 0x00, 0x00, 0x00, 0x00, 0x00, 0x00,
    0x00, 0x00, 0x00, 0xF3, 0xFF, 0xFF, 0x03, 0x00, 0x00, 0x00, 0x00, 0x00, 0x00, 0x00, 0x00, 0x00,
    0x00, 0xF3, 0xFF, 0xFF, 0x03, 0x00, 0x00, 0x00, 0x00, 0x00, 0x00, 0x00, 0x00, 0x00, 0x00, 0xF3,
    0xFF, 0xFF, 0x03, 0x00, 0x00, 0x00, 0x00, 0x00, 0x00, 0x00, 0x00, 0x00, 0x00, 0xF3, 0xFF, 0xFF,
    0x03, 0x00, 0x00, 0x00, 0x00, 0x00, 0x00, 0x00, 0x00, 0x00, 0x00, 0xF3, 0xFF, 0xFF, 0x03, 0x00,
    0x00, 0x00, 0x00, 0x00, 0x00, 0x00, 0x00, 0x00, 0x00, 0xF3, 0xFF, 0xFF, 0x03, 0x00, 0x00, 0x00,
    0x00, 0x00, 0x00, 0x00, 0x00, 0x00, 0x00, 0xF3, 0xFF, 0xFF, 0x03, 0x00, 0x00, 0x00, 0x00, 0x00,
    0x00, 0x00, 0x00, 0x00, 0x00, 0xF3, 0xFF, 0xFF, 0x03, 0x00, 0x00, 0x00, 0x00, 0x00, 0x00, 0x00,
    0x00, 0x00, 0x00, 0xF3, 0xFF, 0xFF, 0x03, 0x00, 0x00, 0x00, 0x00, 0x00, 0x00, 0x00, 0x00, 0x00,
    0x00, 0xF3, 0xFF, 0xFF, 0xFF, 0xFF, 0xFF, 0xFF, 0xFF, 0xFF, 0xFF, 0xFF, 0x8F, 0x00, 0x00, 0xF3,
    0xFF, 0xFF, 0xFF, 0xFF, 0xFF, 0xFF, 0xFF, 0xFF, 0xFF, 0xFF, 0x8F, 0x00, 0x00, 0xF3, 0xFF, 0xFF,
    0xFF, 0xFF, 0xFF, 0xFF, 0xFF, 0xFF, 0xFF, 0xFF, 0x8F, 0x00, 0x00, 0xF3, 0xFF, 0xFF, 0xFF, 0xFF,
    0xFF, 0xFF, 0xFF, 0xFF, 0xFF, 0xFF, 0x8F, 0x00, 0x00, 0xF3, 0xFF, 0xFF, 0x79, 0x77, 0x77, 0x77,
    0x77, 0x77, 0x77, 0x77, 0x37, 0x00, 0x00, 0xF3, 0xFF, 0xFF, 0x03, 0x00, 0x00, 0x00, 0x00, 0x00,
    0x00, 0x00, 0x00, 0x00, 0x00, 0xF3, 0xFF, 0xFF, 0x03, 0x00, 0x00, 0x00, 0x00, 0x00, 0x00, 0x00,
    0x00, 0x00, 0x00, 0xF3, 0xFF, 0xFF, 0x03, 0x00, 0x00, 0x00, 0x00, 0x00, 0x00, 0x00, 0x00, 0x00,
    0x00, 0xF3, 0xFF, 0xFF, 0x03, 0x00, 0x00, 0x00, 0x00, 0x00, 0x00, 0x00, 0x00, 0x00, 0x00, 0xF3,
    0xFF, 0xFF, 0x03, 0x00, 0x00, 0x00, 0x00, 0x00, 0x00, 0x00, 0x00, 0x00, 0x00, 0xF3, 0xFF, 0xFF,
    0x03, 0x00, 0x00, 0x00, 0x00, 0x00, 0x00, 0x00, 0x00, 0x00, 0x00, 0xF3, 0xFF, 0xFF, 0x03, 0x00,
    0x00, 0x00, 0x00, 0x00, 0x00, 0x00, 0x00, 0x00, 0x00, 0xF3, 0xFF, 0xFF, 0x03, 0x00, 0x00, 0x00,
    0x00, 0x00, 0x00, 0x00, 0x00, 0x00, 0x00, 0xF3, 0xFF, 0xFF, 0x03, 0x00, 0x00, 0x00, 0x00, 0x00,
    0x00, 0x00, 0x00, 0x00, 0x00, 0xF3, 0xFF, 0xFF, 0x03, 0x00, 0x00, 0x00, 0x00, 0x00, 0x00, 0x00,
    0x00, 0x00, 0x00, 0xF3, 0xFF, 0xFF, 0x03, 0x00, 0x00, 0x00, 0x00, 0x00, 0x00, 0x00, 0x00, 0x00,
    0x00, 0xF3, 0xFF, 0xFF, 0x03, 0x00, 0x00, 0x00, 0x00, 0x00, 0x00, 0x00, 0x00, 0x00, 0x00, 0xF3,
    0xFF, 0xFF, 0x03, 0x00, 0x00, 0x00, 0x00, 0x00, 0x00, 0x00, 0x00, 0x00, 0x00, 0xF3, 0xFF, 0xFF,
    0x03, 0x00, 0x00, 0x00, 0x00, 0x00, 0x00, 0x00, 0x00, 0x00, 0x00, 0xF3, 0xFF, 0xFF, 0x03, 0x00,
    0x00, 0x00, 0x00, 0x00, 0x00, 0x00, 0x00, 0x00, 0x00, 0xF3, 0xFF, 0xFF, 0x03, 0x00, 0x00, 0x00,
    0x00, 0x00, 0x00, 0x00, 0x00, 0x00, 0x00, 0xF3, 0xFF, 0xFF, 0x03, 0x00, 0x00, 0x00, 0x00, 0x00,
    0x00, 0x00, 0x00, 0x00, 0x00, 0xF3, 0xFF, 0xFF, 0x03, 0x00, 0x00, 0x00, 0x00, 0x00, 0x00, 0x00,
    0x00, 0x00, 0x00, 0x00, 0x00, 0x00, 0x00, 0x00, 0x30, 0xB7, 0xED, 0xFF, 0xDE, 0x7B, 0x04, 0x00,
    0x00, 0x00, 0x00, 0x00, 0x00, 0x00, 0x00, 0x00, 0x60, 0xFD, 0xFF, 0xFF, 0xFF, 0xFF, 0xFF, 0xEF,
    0x17, 0x00, 0x00, 0x00, 0x00, 0x00, 0x00, 0x00, 0x40, 0xFE, 0xFF, 0xFF, 0xFF, 0xFF, 0xFF, 0xFF,
    0xFF, 0xEF, 0x05, 0x00, 0x00, 0x00, 0x00, 0x00, 0x00, 0xF7, 0xFF, 0xFF, 0xFF, 0xFF, 0xFF, 0xFF,
    0xFF, 0xFF, 0xFF, 0x9F, 0x00, 0x00, 0x00, 0x00, 0x00, 0x80, 0xFF, 0xFF, 0xFF, 0xFF, 0x9B, 0x88,
    0xB9, 0xFE, 0xFF, 0xFF, 0xFF, 0x09, 0x00, 0x00, 0x00, 0x00, 0xF6, 0xFF, 0xFF, 0xEF, 0x05, 0x00,
    0x00, 0x00, 0x40, 0xFC, 0xFF, 0xFF, 0x7F, 0x00, 0x00, 0x00, 0x20, 0xFF, 0xFF, 0xFF, 0x09, 0x00,
    0x00, 0x00, 0x00, 0x00, 0x70, 0xFF, 0xFF, 0xFF, 0x02, 0x00, 0x00, 0xC0, 0xFF, 0xFF, 0x9F, 0x00,
    0x00, 0x00, 0x00, 0x00, 0x00, 0x00, 0xF7, 0xFF, 0xFF, 0x0A, 0x00, 0x00, 0xF4, 0xFF, 0xFF, 0x0B,
    0x00, 0x00, 0x00, 0x00, 0x00, 0x00, 0x00, 0xC0, 0xFF, 0xFF, 0x1F, 0x00, 0x00, 0xFC, 0xFF, 0xFF,
    0x02, 0x00, 0x00, 0x00, 0x00, 0x00, 0x00, 0x00, 0x30, 0xFF, 0xFF, 0x7F, 0x00, 0x20, 0xFF, 0xFF,
    0x9F, 0x00, 0x00, 0x00, 0x00, 0x00, 0x00, 0x00, 0x00, 0x00, 0xFC, 0xFF, 0xCF, 0x00, 0x70, 0xFF,
    0xFF, 0x3F, 0x00, 0x00, 0x00, 0x00, 0x00, 0x00, 0x00, 0x00, 0x00, 0xF7, 0xFF, 0xFF, 0x00, 0xB0,
    0xFF, 0xFF, 0x0D, 0x00, 0x00, 0x00, 0x00, 0x00, 0x00, 0x00, 0x00, 0x00, 0xA3, 0xAA, 0xAA, 0x01,
    0xF0, 0xFF, 0xFF, 0x09, 0x00, 0x00, 0x00, 0x00, 0x00, 0x00, 0x00, 0x00, 0x00, 0x00, 0x00, 0x00,
    0x00, 0xF2, 0xFF, 0xFF, 0x06, 0x00, 0x00, 0x00, 0x00, 0x00, 0x00, 0x00, 0x00, 0x00, 0x00, 0x00,
    0x00, 0x00, 0xF4, 0xFF, 0xFF, 0x03, 0x00, 0x00, 0x00, 0x00, 0x00, 0x00, 0x00, 0x00, 0x00, 0x00,
    0x00, 0x00, 0x00, 0xF6, 0xFF, 0xFF, 0x01, 0x00, 0x00, 0x00, 0x00, 0x00, 0x00, 0x00, 0x00, 0x00,
    0x00, 0x00, 0x00, 0x00, 0xF7, 0xFF, 0xFF, 0x00, 0x00, 0x00, 0x00, 0x00, 0x00, 0x00, 0x00, 0x00,
    0x00, 0x00, 0x00, 0x00, 0x00, 0xF8, 0xFF, 0xFF, 0x00, 0x00, 0x00, 0x00, 0x00, 0x00, 0x00, 0x00,
    0x00, 0x00, 0x00, 0x00, 0x00, 0x00, 0xF8, 0xFF, 0xEF, 0x00, 0x00, 0x00, 0x00, 0x00, 0x00, 0x00,
    0x00, 0x00, 0x00, 0x00, 0x00, 0x00, 0x00, 0xF8, 0xFF, 0xEF, 0x00, 0x00, 0x00, 0x00, 0x00, 0x00,
    0x00, 0x00, 0x00, 0x00, 0x00, 0x00, 0x00, 0x00, 0xF8, 0xFF, 0xEF, 0x00, 0x00, 0x00, 0x00, 0x00,
    0x00, 0x00, 0x00, 0x00, 0x00, 0x00, 0x00, 0x00, 0x00, 0xF8, 0xFF, 0xEF, 0x00, 0x00, 0x00, 0x00,
    0x00, 0xB0, 0xFF, 0xFF, 0xFF, 0xFF, 0xFF, 0xFF, 0xFF, 0x03, 0xF8, 0xFF, 0xFF, 0x00, 0x00, 0x00,
    0x00, 0x00, 0xB0, 0xFF, 0xFF, 0xFF, 0xFF, 0xFF, 0xFF, 0xFF, 0x03, 0xF7, 0xFF, 0xFF, 0x00, 0x00,
    0x00, 0x00, 0x00, 0xB0, 0xFF, 0xFF, 0xFF, 0xFF, 0xFF, 0xFF, 0xFF, 0x03, 0xF6, 0xFF, 0xFF, 0x00,
    0x00, 0x00, 0x00, 0x00, 0xB0, 0xFF, 0xFF, 0xFF, 0xFF, 0xFF, 0xFF, 0xFF, 0x03, 0xF5, 0xFF, 0xFF,
    0x02, 0x00, 0x00, 0x00, 0x00, 0x40, 0x66, 0x66, 0x66, 0x66, 0xF8, 0xFF, 0xFF, 0x03, 0xF3, 0xFF,
    0xFF, 0x05, 0x00, 0x00, 0x00, 0x00, 0x00, 0x00, 0x00, 0x00, 0x00, 0xF2, 0xFF, 0xFF, 0x03, 0xF0,
    0xFF, 0xFF, 0x08, 0x00, 0x00, 0x00, 0x00, 0x00, 0x00, 0x00, 0x00, 0x00, 0xF2, 0xFF, 0xFF, 0x03,
    0xD0, 0xFF, 0xFF, 0x0B, 0x00, 0x00, 0x00, 0x00, 0x00, 0x00, 0x00, 0x00, 0x00, 0xF2, 0xFF, 0xFF,
    0x03, 0x80, 0xFF, 0xFF, 0x1F, 0x00, 0x00, 0x00, 0x00, 0x00, 0x00, 0x00, 0x00, 0x00, 0xF2, 0xFF,
    0xFF, 0x03, 0x40, 0xFF, 0xFF, 0x7F, 0x00, 0x00, 0x00, 0x00, 0x00, 0x00, 0x00, 0x00, 0x00, 0xF2,
    0xFF, 0xFF, 0x03, 0x00, 0xFD, 0xFF, 0xEF, 0x00, 0x00, 0x00, 0x00, 0x00, 0x00, 0x00, 0x00, 0x00,
    0xF2, 0xFF, 0xFF, 0x03, 0x00, 0xF7, 0xFF, 0xFF, 0x08, 0x00, 0x00, 0x00, 0x00, 0x00, 0x00, 0x00,
    0x00, 0xF2, 0xFF, 0xFF, 0x03, 0x00, 0xE0, 0xFF, 0xFF, 0x3F, 0x00, 0x00, 0x00, 0x00, 0x00, 0x00,
    0x00, 0x00, 0xF2, 0xFF, 0xFF, 0x03, 0x00, 0x60, 0xFF, 0xFF, 0xEF, 0x02, 0x00, 0x00, 0x00, 0x00,
    0x00, 0x00, 0x00, 0xF4, 0xFF, 0xFF, 0x03, 0x00, 0x00, 0xFB, 0xFF, 0xFF, 0x4E, 0x00, 0x00, 0x00,
    0x00, 0x00, 0x00, 0x50, 0xFF, 0xFF, 0xFF, 0x03, 0x00, 0x00, 0xD1, 0xFF, 0xFF, 0xFF, 0x3A, 0x00,
    0x00, 0x00, 0x00, 0x50, 0xFC, 0xFF, 0xFF, 0xDF, 0x00, 0x00, 0x00, 0x10, 0xFD, 0xFF, 0xFF, 0xFF,
    0xAE, 0x78, 0x87, 0xDA, 0xFF, 0xFF, 0xFF, 0xFF, 0x1D, 0x00, 0x00, 0x00, 0x00, 0xB1, 0xFF, 0xFF,
    0xFF, 0xFF, 0xFF, 0xFF, 0xFF, 0xFF, 0xFF, 0xFF, 0xCF, 0x01, 0x00, 0x00, 0x00, 0x00, 0x00, 0xF7,
    0xFF, 0xFF, 0xFF, 0xFF, 0xFF, 0xFF, 0xFF, 0xFF, 0xFF, 0x07, 0x00, 0x00, 0x00, 0x00, 0x00, 0x00,
    0x10, 0xE8, 0xFF, 0xFF, 0xFF, 0xFF, 0xFF, 0xFF, 0xDF, 0x07, 0x00, 0x00, 0x00, 0x00, 0x00, 0x00,
    0x00, 0x00, 0x00, 0x84, 0xDB, 0xFE, 0xEF, 0xBD, 0x69, 0x02, 0x00, 0x00, 0x00, 0x00, 0xF3, 0xFF,
    0xFF, 0x03, 0x00, 0x00, 0x00, 0x00, 0x00, 0x00, 0x00, 0x00, 0x00, 0xF0, 0xFF, 0xFF, 0x07, 0xF3,
    0xFF, 0xFF, 0x03, 0x00, 0x00, 0x00, 0x00, 0x00, 0x00, 0x00, 0x00, 0x00, 0xF0, 0xFF, 0xFF, 0x07,
    0xF3, 0xFF, 0xFF, 0x03, 0x00, 0x00, 0x00, 0x00, 0x00, 0x00, 0x00, 0x00, 0x00, 0xF0, 0xFF, 0xFF,
    0x07, 0xF3, 0xFF, 0xFF, 0x03, 0x00, 0x00, 0x00, 0x00, 0x00, 0x00, 0x00, 0x00, 0x00, 0xF0, 0xFF,
    0xFF, 0x07, 0xF3, 0xFF, 0xFF, 0x03, 0x00, 0x00, 0x00, 0x00, 0x00, 0x00, 0x00, 0x00, 0x00, 0xF0,
    0xFF, 0xFF, 0x07, 0xF3, 0xFF, 0xFF, 0x03, 0x00, 0x00, 0x00, 0x00, 0x00, 0x00, 0x00, 0x00, 0x00,
    0xF0, 0xFF, 0xFF, 0x07, 0xF3, 0xFF, 0xFF, 0x03, 0x00, 0x00, 0x00, 0x00, 0x00, 0x00, 0x00, 0x00,
    0x00, 0xF0, 0xFF, 0xFF, 0x07, 0xF3, 0xFF, 0xFF, 0x03, 0x00, 0x00, 0x00, 0x00, 0x00, 0x00, 0x00,
    0x00, 0x00, 0xF0, 0xFF, 0xFF, 0x07, 0xF3, 0xFF, 0xFF, 0x03, 0x00, 0x00, 0x00, 0x00, 0x00, 0x00,
    0x00, 0x00, 0x00, 0xF0, 0xFF, 0xFF, 0x07, 0xF3, 0xFF, 0xFF, 0x03, 0x00, 0x00, 0x00, 0x00, 0x00,
    0x00, 0x00, 0x00, 0x00, 0xF0, 0xFF, 0xFF, 0x07, 0xF3, 0xFF, 0xFF, 0x03, 0x00, 0x00, 0x00, 0x00,
    0x00, 0x00, 0x00, 0x00, 0x00, 0xF0, 0xFF, 0xFF, 0x07, 0xF3, 0xFF, 0xFF, 0x03, 0x00, 0x00, 0x00,
    0x00, 0x00, 0x00, 0x00, 0x00, 0x00, 0xF0, 0xFF, 0xFF, 0x07, 0xF3, 0xFF, 0xFF, 0x03, 0x00, 0x00,
    0x00, 0x00, 0x00, 0x00, 0x00, 0x00, 0x00, 0xF0, 0xFF, 0xFF, 0x07, 0xF3, 0xFF, 0xFF, 0x03, 0x00,
    0x00, 0x00, 0x00, 0x00, 0x00, 0x00, 0x00, 0x00, 0xF0, 0xFF, 0xFF, 0x07, 0xF3, 0xFF, 0xFF, 0x03,
    0x00, 0x00, 0x00, 0x00, 0x00, 0x00, 0x00, 0x00, 0x00, 0xF0, 0xFF, 0xFF, 0x07, 0xF3, 0xFF, 0xFF,
    0x03, 0x00, 0x00, 0x00, 0x00, 0x00, 0x00, 0x00, 0x00, 0x00, 0xF0, 0xFF, 0xFF, 0x07, 0xF3, 0xFF,
    0xFF, 0x03, 0x00, 0x00, 0x00, 0x00, 0x00, 0x00, 0x00, 0x00, 0x00, 0xF0, 0xFF, 0xFF, 0x07, 0xF3,
    0xFF, 0xFF, 0xFF, 0xFF, 0xFF, 0xFF, 0xFF, 0xFF, 0xFF, 0xFF, 0xFF, 0xFF, 0xFF, 0xFF, 0xFF, 0x07,
    0xF3, 0xFF, 0xFF, 0xFF, 0xFF, 0xFF, 0xFF, 0xFF, 0xFF, 0xFF, 0xFF, 0xFF, 0xFF, 0xFF, 0xFF, 0xFF,
    0x07, 0xF3, 0xFF, 0xFF, 0xFF, 0xFF, 0xFF, 0xFF, 0xFF, 0xFF, 0xFF, 0xFF, 0xFF, 0xFF, 0xFF, 0xFF,
    0xFF, 0x07, 0xF3, 0xFF, 0xFF, 0xFF, 0xFF, 0xFF, 0xFF, 0xFF, 0xFF, 0xFF, 0xFF, 0xFF, 0xFF, 0xFF,
    0xFF, 0xFF, 0x07, 0xF3, 0xFF, 0xFF, 0x79, 0x77, 0x77, 0x77, 0x77, 0x77, 0x77, 0x77, 0x77, 0x77,
    0xF7, 0xFF, 0xFF, 0x07, 0xF3, 0xFF, 0xFF, 0x03, 0x00, 0x00, 0x00, 0x00, 0x00, 0x00, 0x00, 0x00,
    0x00, 0xF0, 0xFF, 0xFF, 0x07, 0xF3, 0xFF, 0xFF, 0x03, 0x00, 0x00, 0x00, 0x00, 0x00, 0x00, 0x00,
    0x00, 0x00, 0xF0, 0xFF, 0xFF, 0x07, 0xF3, 0xFF, 0xFF, 0x03, 0x00, 0x00, 0x00, 0x00, 0x00, 0x00,
    0x00, 0x00, 0x00, 0xF0, 0xFF, 0xFF, 0x07, 0xF3, 0xFF, 0xFF, 0x03, 0x00, 0x00, 0x00, 0x00, 0x00,
    0x00, 0x00, 0x00, 0x00, 0xF0, 0xFF, 0xFF, 0x07, 0xF3, 0xFF, 0xFF, 0x03, 0x00, 0x00, 0x00, 0x00,
    0x00, 0x00, 0x00, 0x00, 0x00, 0xF0, 0xFF, 0xFF, 0x07, 0xF3, 0xFF, 0xFF, 0x03, 0x00, 0x00, 0x00,
    0x00, 0x00, 0x00, 0x00, 0x00, 0x00, 0xF0, 0xFF, 0xFF, 0x07, 0xF3, 0xFF, 0xFF, 0x03, 0x00, 0x00,
    0x00, 0x00, 0x00, 0x00, 0x00, 0x00, 0x00, 0xF0, 0xFF, 0xFF, 0x07, 0xF3, 0xFF, 0xFF, 0x03, 0x00,
    0x00, 0x00, 0x00, 0x00, 0x00, 0x00, 0x00, 0x00, 0xF0, 0xFF, 0xFF, 0x07, 0xF3, 0xFF, 0xFF, 0x03,
    0x00, 0x00, 0x00, 0x00, 0x00, 0x00, 0x00, 0x00, 0x00, 0xF0, 0xFF, 0xFF, 0x07, 0xF3, 0xFF, 0xFF,
    0x03, 0x00, 0x00, 0x00, 0x00, 0x00, 0x00, 0x00, 0x00, 0x00, 0xF0, 0xFF, 0xFF, 0x07, 0xF3, 0xFF,
    0xFF, 0x03, 0x00, 0x00, 0x00, 0x00, 0x00, 0x00, 0x00, 0x00, 0x00, 0xF0, 0xFF, 0xFF, 0x07, 0xF3,
    0xFF, 0xFF, 0x03, 0x00, 0x00, 0x00, 0x00, 0x00, 0x00, 0x00, 0x00, 0x00, 0xF0, 0xFF, 0xFF, 0x07,
    0xF3, 0xFF, 0xFF, 0x03, 0x00, 0x00, 0x00, 0x00, 0x00, 0x00, 0x00, 0x00, 0x00, 0xF0, 0xFF, 0xFF,
    0x07, 0xF3, 0xFF, 0xFF, 0x03, 0x00, 0x00, 0x00, 0x00, 0x00, 0x00, 0x00, 0x00, 0x00, 0xF0, 0xFF,
    0xFF, 0x07, 0xF3, 0xFF, 0xFF, 0x03, 0x00, 0x00, 0x00, 0x00, 0x00, 0x00, 0x00, 0x00, 0x00, 0xF0,
    0xFF, 0xFF, 0x07, 0xF3, 0xFF, 0xFF, 0x03, 0x00, 0x00, 0x00, 0x00, 0x00, 0x00, 0x00, 0x00, 0x00,
    0xF0, 0xFF, 0xFF, 0x07, 0xF3, 0xFF, 0xFF, 0x03, 0x00, 0x00, 0x00, 0x00, 0x00, 0x00, 0x00, 0x00,
    0x00, 0xF0, 0xFF, 0xFF, 0x07, 0xF3, 0xFF, 0xFF, 0x03, 0x00, 0x00, 0x00, 0x00, 0x00, 0x00, 0x00,
    0x00, 0x00, 0xF0, 0xFF, 0xFF, 0x07, 0xF3, 0xFF, 0xFF, 0x03, 0x00, 0x00, 0x00, 0x00, 0x00, 0x00,
    0x00, 0x00, 0x00, 0xF0, 0xFF, 0xFF, 0x07, 0xFD, 0xFF, 0xAF, 0xFD, 0xFF, 0xAF, 0xFD, 0xFF, 0xAF,
    0xFD, 0xFF, 0xAF, 0xFD, 0xFF, 0xAF, 0xFD, 0xFF, 0xAF, 0xFD, 0xFF, 0xAF, 0xFD, 0xFF, 0xAF, 0xFD,
    0xFF, 0xAF, 0xFD, 0xFF, 0xAF, 0xFD, 0xFF, 0xAF, 0xFD, 0xFF, 0xAF, 0xFD, 0xFF, 0xAF, 0xFD, 0xFF,
    0xAF, 0xFD, 0xFF, 0xAF, 0xFD, 0xFF, 0xAF, 0xFD, 0xFF, 0xAF, 0xFD, 0xFF, 0xAF, 0xFD, 0xFF, 0xAF,
    0xFD, 0xFF, 0xAF, 0xFD, 0xFF, 0xAF, 0xFD, 0xFF, 0xAF, 0xFD, 0xFF, 0xAF, 0xFD, 0xFF, 0xAF, 0xFD,
    0xFF, 0xAF, 0xFD, 0xFF, 0xAF, 0xFD, 0xFF, 0xAF, 0xFD, 0xFF, 0xAF, 0xFD, 0xFF, 0xAF, 0xFD, 0xFF,
    0xAF, 0xFD, 0xFF, 0xAF, 0xFD, 0xFF, 0xAF, 0xFD, 0xFF, 0xAF, 0xFD, 0xFF, 0xAF, 0xFD, 0xFF, 0xAF,
    0xFD, 0xFF, 0xAF, 0xFD, 0xFF, 0xAF, 0xFD, 0xFF, 0xAF, 0xFD, 0xFF, 0xAF, 0xFD, 0xFF, 0xAF, 0xFD,
    0xFF, 0xAF, 0x00, 0x00, 0x00, 0x00, 0x00, 0x00, 0x00, 0x00, 0x00, 0x00, 0xF0, 0xFF, 0xFF, 0x08,
    0x00, 0x00, 0x00, 0x00, 0x00, 0x00, 0x00, 0x00, 0x00, 0x00, 0xF0, 0xFF, 0xFF, 0x08, 0x00, 0x00,
    0x00, 0x00, 0x00, 0x00, 0x00, 0x00, 0x00, 0x00, 0xF0, 0xFF, 0xFF, 0x08, 0x00, 0x00, 0x00, 0x00,
    0x00, 0x00, 0x00, 0x00, 0x00, 0x00, 0xF0, 0xFF, 0xFF, 0x08, 0x00, 0x00, 0x00, 0x00, 0x00, 0x00,
    0x00, 0x00, 0x00, 0x00, 0xF0, 0xFF, 0xFF, 0x08, 0x00, 0x00, 0x00, 0x00, 0x00, 0x00, 0x00, 0x00,
    0x00, 0x00, 0xF0, 0xFF, 0xFF, 0x08, 0x00, 0x00, 0x00, 0x00, 0x00, 0x00, 0x00, 0x00, 0x00, 0x00,
    0xF0, 0xFF, 0xFF, 0x08, 0x00, 0x00, 0x00, 0x00, 0x00, 0x00, 0x00, 0x00, 0x00, 0x00, 0xF0, 0xFF,
    0xFF, 0x08, 0x00, 0x00, 0x00, 0x00, 0x00, 0x00, 0x00, 0x00, 0x00, 0x00, 0xF0, 0xFF, 0xFF, 0x08,
    0x00, 0x00, 0x00, 0x00, 0x00, 0x00, 0x00, 0x00, 0x00, 0x00, 0xF0, 0xFF, 0xFF, 0x08, 0x00, 0x00,
    0x00, 0x00, 0x00, 0x00, 0x00, 0x00, 0x00, 0x00, 0xF0, 0xFF, 0xFF, 0x08, 0x00, 0x00, 0x00, 0x00,
    0x00, 0x00, 0x00, 0x00, 0x00, 0x00, 0xF0, 0xFF, 0xFF, 0x08, 0x00, 0x00, 0x00, 0x00, 0x00, 0x00,
    0x00, 0x00, 0x00, 0x00, 0xF0, 0xFF, 0xFF, 0x08, 0x00, 0x00, 0x00, 0x00, 0x00, 0x00, 0x00, 0x00,
    0x00, 0x00, 0xF0, 0xFF, 0xFF, 0x08, 0x00, 0x00, 0x00, 0x00, 0x00, 0x00, 0x00, 0x00, 0x00, 0x00,
    0xF0, 0xFF, 0xFF, 0x08, 0x00, 0x00, 0x00, 0x00, 0x00, 0x00, 0x00, 0x00, 0x00, 0x00, 0xF0, 0xFF,
    0xFF, 0x08, 0x00, 0x00, 0x00, 0x00, 0x00, 0x00, 0x00, 0x00, 0x00, 0x00, 0xF0, 0xFF, 0xFF, 0x08,
    0x00, 0x00, 0x00, 0x00, 0x00, 0x00, 0x00, 0x00, 0x00, 0x00, 0xF0, 0xFF, 0xFF, 0x08, 0x00, 0x00,
    0x00, 0x00, 0x00, 0x00, 0x00, 0x00, 0x00, 0x00, 0xF0, 0xFF, 0xFF, 0x08, 0x00, 0x00, 0x00, 0x00,
    0x00, 0x00, 0x00, 0x00, 0x00, 0x00, 0xF0, 0xFF, 0xFF, 0x08, 0x00, 0x00, 0x00, 0x00, 0x00, 0x00,
    0x00, 0x00, 0x00, 0x00, 0xF0, 0xFF, 0xFF, 0x08, 0x00, 0x00, 0x00, 0x00, 0x00, 0x00, 0x00, 0x00,
    0x00, 0x00, 0xF0, 0xFF, 0xFF, 0x08, 0x00, 0x00, 0x00, 0x00, 0x00, 0x00, 0x00, 0x00, 0x00, 0x00,
    0xF0, 0xFF, 0xFF, 0x08, 0x00, 0x00, 0x00, 0x00, 0x00, 0x00, 0x00, 0x00, 0x00, 0x00, 0xF0, 0xFF,
    0xFF, 0x08, 0x00, 0x00, 0x00, 0x00, 0x00, 0x00, 0x00, 0x00, 0x00, 0x00, 0xF0, 0xFF, 0xFF, 0x08,
    0x00, 0x00, 0x00, 0x00, 0x00, 0x00, 0x00, 0x00, 0x00, 0x00, 0xF0, 0xFF, 0xFF, 0x08, 0x00, 0x00,
    0x00, 0x00, 0x00, 0x00, 0x00, 0x00, 0x00, 0x00, 0xF0, 0xFF, 0xFF, 0x08, 0x00, 0x00, 0x00, 0x00,
    0x00, 0x00, 0x00, 0x00, 0x00, 0x00, 0xF0, 0xFF, 0xFF, 0x08, 0x00, 0x00, 0x00, 0x00, 0x00, 0x00,
    0x00, 0x00, 0x00, 0x00, 0xF0, 0xFF, 0xFF, 0x08, 0x00, 0x00, 0x00, 0x00, 0x00, 0x00, 0x00, 0x00,
    0x00, 0x00, 0xF0, 0xFF, 0xFF, 0x08, 0xF7, 0xFF, 0xEF, 0x00, 0x00, 0x00, 0x00, 0x00, 0x00, 0x00,
    0xF0, 0xFF, 0xFF, 0x07, 0xF6, 0xFF, 0xFF, 0x00, 0x00, 0x00, 0x00, 0x00, 0x00, 0x00, 0xF2, 0xFF,
    0xFF, 0x05, 0xF4, 0xFF, 0xFF, 0x03, 0x00, 0x00, 0x00, 0x00, 0x00, 0x00, 0xF6, 0xFF, 0xFF, 0x03,
    0xF1, 0xFF, 0xFF, 0x09, 0x00, 0x00, 0x00, 0x00, 0x00, 0x00, 0xFC, 0xFF, 0xEF, 0x00, 0xC0, 0xFF,
    0xFF, 0x1F, 0x00, 0x00, 0x00, 0x00, 0x00, 0x50, 0xFF, 0xFF, 0xAF, 0x00, 0x60, 0xFF, 0xFF, 0xCF,
    0x01, 0x00, 0x00, 0x00, 0x00, 0xF3, 0xFF, 0xFF, 0x3F, 0x00, 0x00, 0xFE, 0xFF, 0xFF, 0x4D, 0x00,
    0x00, 0x00, 0x70, 0xFF, 0xFF, 0xFF, 0x0A, 0x00, 0x00, 0xF4, 0xFF, 0xFF, 0xFF, 0xAE, 0x78, 0xB8,
    0xFF, 0xFF, 0xFF, 0xDF, 0x01, 0x00, 0x00, 0x60, 0xFF, 0xFF, 0xFF, 0xFF, 0xFF, 0xFF, 0xFF, 0xFF,
    0xFF, 0x2E, 0x00, 0x00, 0x00, 0x00, 0xE4, 0xFF, 0xFF, 0xFF, 0xFF, 0xFF, 0xFF, 0xFF, 0xCF, 0x01,
    0x00, 0x00, 0x00, 0x00, 0x10, 0xE8, 0xFF, 0xFF, 0xFF, 0xFF, 0xFF, 0xDF, 0x05, 0x00, 0x00, 0x00,
    0x00, 0x00, 0x00, 0x00, 0x85, 0xDC, 0xFE, 0xDE, 0x7B, 0x03, 0x00, 0x00, 0x00, 0x00, 0xF3, 0xFF,
    0xFF, 0x03, 0x00, 0x00, 0x00, 0x00, 0x00, 0x00, 0x00, 0x10, 0xFD, 0xFF, 0xFF, 0x0A, 0x00, 0xF3,
    0xFF, 0xFF, 0x03, 0x00, 0x00, 0x00, 0x00, 0x00, 0x00, 0x00, 0xC0, 0xFF, 0xFF, 0xCF, 0x00, 0x00,
    0xF3, 0xFF, 0xFF, 0x03, 0x00, 0x00, 0x00, 0x00, 0x00, 0x00, 0x00, 0xFB, 0xFF, 0xFF, 0x0D, 0x00,
    0x00, 0xF3, 0xFF, 0xFF, 0x03, 0x00, 0x00, 0x00, 0x00, 0x00, 0x00, 0x90, 0xFF, 0xFF, 0xEF, 0x01,
    0x00, 0x00, 0xF3, 0xFF, 0xFF, 0x03, 0x00, 0x00, 0x00, 0x00, 0x00, 0x00, 0xF8, 0xFF, 0xFF, 0x2E,
    0x00, 0x00, 0x00, 0xF3, 0xFF, 0xFF, 0x03, 0x00, 0x00, 0x00, 0x00, 0x00, 0x60, 0xFF, 0xFF, 0xFF,
    0x03, 0x00, 0x00, 0x00, 0xF3, 0xFF, 0xFF, 0x03, 0x00, 0x00, 0x00, 0x00, 0x00, 0xF5, 0xFF, 0xFF,
    0x4F, 0x00, 0x00, 0x00, 0x00, 0xF3, 0xFF, 0xFF, 0x03, 0x00, 0x00, 0x00, 0x00, 0x40, 0xFF, 0xFF,
    0xFF, 0x06, 0x00, 0x00, 0x00, 0x00, 0xF3, 0xFF, 0xFF, 0x03, 0x00, 0x00, 0x00, 0x00, 0xF3, 0xFF,
    0xFF, 0x8F, 0x00, 0x00, 0x00, 0x00, 0x00, 0xF3, 0xFF, 0xFF, 0x03, 0x00, 0x00, 0x00, 0x20, 0xFE,
    0xFF, 0xFF, 0x09, 0x00, 0x00, 0x00, 0x00, 0x00, 0xF3, 0xFF, 0xFF, 0x03, 0x00, 0x00, 0x00, 0xD1,
    0xFF, 0xFF, 0xBF, 0x00, 0x00, 0x00, 0x00, 0x00, 0x00, 0xF3, 0xFF, 0xFF, 0x03, 0x00, 0x00, 0x00,
    0xFC, 0xFF, 0xFF, 0x0C, 0x00, 0x00, 0x00, 0x00, 0x00, 0x00, 0xF3, 0xFF, 0xFF, 0x03, 0x00, 0x00,
    0xB0, 0xFF, 0xFF, 0xDF, 0x01, 0x00, 0x00, 0x00, 0x00, 0x00, 0x00, 0xF3, 0xFF, 0xFF, 0x03, 0x00,
    0x00, 0xFA, 0xFF, 0xFF, 0x1E, 0x00, 0x00, 0x00, 0x00, 0x00, 0x00, 0x00, 0xF3, 0xFF, 0xFF, 0x03,
    0x00, 0x80, 0xFF, 0xFF, 0xFF, 0x02, 0x00, 0x00, 0x00, 0x00, 0x00, 0x00, 0x00, 0xF3, 0xFF, 0xFF,
    0x03, 0x00, 0xF7, 0xFF, 0xFF, 0x4F, 0x00, 0x00, 0x00, 0x00, 0x00, 0x00, 0x00, 0x00, 0xF3, 0xFF,
    0xFF, 0x03, 0x50, 0xFF, 0xFF, 0xFF, 0x05, 0x00, 0x00, 0x00, 0x00, 0x00, 0x00, 0x00, 0x00, 0xF3,
    0xFF, 0xFF, 0x03, 0xF4, 0xFF, 0xFF, 0x6F, 0x00, 0x00, 0x00, 0x00, 0x00, 0x00, 0x00, 0x00, 0x00,
    0xF3, 0xFF, 0xFF, 0x33, 0xFF, 0xFF, 0xFF, 0x3F, 0x00, 0x00, 0x00, 0x00, 0x00, 0x00, 0x00, 0x00,
    0x00, 0xF3, 0xFF, 0xFF, 0xE5, 0xFF, 0xFF, 0xFF, 0xEF, 0x01, 0x00, 0x00, 0x00, 0x00, 0x00, 0x00,
    0x00, 0x00, 0xF3, 0xFF, 0xFF, 0xFF, 0xFF, 0xFF, 0xFF, 0xFF, 0x0B, 0x00, 0x00, 0x00, 0x00, 0x00,
    0x00, 0x00, 0x00, 0xF3, 0xFF, 0xFF, 0xFF, 0xFF, 0xFF, 0xFF, 0xFF, 0x7F, 0x00, 0x00, 0x00, 0x00,
    0x00, 0x00, 0x00, 0x00, 0xF3, 0xFF, 0xFF, 0xFF, 0xFF, 0x5B, 0xFF, 0xFF, 0xFF, 0x04, 0x00, 0x00,
    0x00, 0x00, 0x00, 0x00, 0x00, 0xF3, 0xFF, 0xFF, 0xFF, 0xBF, 0x00, 0xF8, 0xFF, 0xFF, 0x1E, 0x00,
    0x00, 0x00, 0x00, 0x00, 0x00, 0x00, 0xF3, 0xFF, 0xFF, 0xFF, 0x0B, 0x00, 0xC0, 0xFF, 0xFF, 0xCF,
    0x00, 0x00, 0x00, 0x00, 0x00, 0x00, 0x00, 0xF3, 0xFF, 0xFF, 0xCF, 0x00, 0x00, 0x10, 0xFE, 0xFF,
    0xFF, 0x08, 0x00, 0x00, 0x00, 0x00, 0x00, 0x00, 0xF3, 0xFF, 0xFF, 0x0C, 0x00, 0x00, 0x00, 0xF4,
    0xFF, 0xFF, 0x4F, 0x00, 0x00, 0x00, 0x00, 0x00, 0x00, 0xF3, 0xFF, 0xFF, 0x03, 0x00, 0x00, 0x00,
    0x70, 0xFF, 0xFF, 0xEF, 0x02, 0x00, 0x00, 0x00, 0x00, 0x00, 0xF3, 0xFF, 0xFF, 0x03, 0x00, 0x00,
    0x00, 0x00, 0xFB, 0xFF, 0xFF, 0x0C, 0x00, 0x00, 0x00, 0x00, 0x00, 0xF3, 0xFF, 0xFF, 0x03, 0x00,
    0x00, 0x00, 0x00, 0xD1, 0xFF, 0xFF, 0x9F, 0x00, 0x00, 0x00, 0x00, 0x00, 0xF3, 0xFF, 0xFF, 0x03,
    0x00, 0x00, 0x00, 0x00, 0x30, 0xFF, 0xFF, 0xFF, 0x05, 0x00, 0x00, 0x00, 0x00, 0xF3, 0xFF, 0xFF,
    0x03, 0x00, 0x00, 0x00, 0x00, 0x00, 0xF6, 0xFF, 0xFF, 0x2F, 0x00, 0x00, 0x00, 0x00, 0xF3, 0xFF,
    0xFF, 0x03, 0x00, 0x00, 0x00, 0x00, 0x00, 0xA0, 0xFF, 0xFF, 0xDF, 0x00, 0x00, 0x00, 0x00, 0xF3,
    0xFF, 0xFF, 0x03, 0x00, 0x00, 0x00, 0x00, 0x00, 0x00, 0xFD, 0xFF, 0xFF, 0x0A, 0x00, 0x00, 0x00,
    0xF3, 0xFF, 0xFF, 0x03, 0x00, 0x00, 0x00, 0x00, 0x00, 0x00, 0xF2, 0xFF, 0xFF, 0x6F, 0x00, 0x00,
    0x00, 0xF3, 0xFF, 0xFF, 0x03, 0x00, 0x00, 0x00, 0x00, 0x00, 0x00, 0x50, 0xFF, 0xFF, 0xFF, 0x03,
    0x00, 0x00, 0xF3, 0xFF, 0xFF, 0x03, 0x00, 0x00, 0x00, 0x00, 0x00, 0x00, 0x00, 0xF9, 0xFF, 0xFF,
    0x1E, 0x00, 0x00, 0xF3, 0xFF, 0xFF, 0x03, 0x00, 0x00, 0x00, 0x00, 0x00, 0x00, 0x00, 0xC0, 0xFF,
    0xFF, 0xBF, 0x00, 0x00, 0xF3, 0xFF, 0xFF, 0x03, 0x00, 0x00, 0x00, 0x00, 0x00, 0x00, 0x00, 0x10,
    0xFE, 0xFF, 0xFF, 0x07, 0x00, 0xF3, 0xFF, 0xFF, 0x03, 0x00, 0x00, 0x00, 0x00, 0x00, 0x00, 0x00,
    0x00, 0xF4, 0xFF, 0xFF, 0x4F, 0x00, 0xF3, 0xFF, 0xFF, 0x03, 0x00, 0x00, 0x00, 0x00, 0x00, 0x00,
    0x00, 0x00, 0x80, 0xFF, 0xFF, 0xEF, 0x01, 0xF3, 0xFF, 0xFF, 0x04, 0x00, 0x00, 0x00, 0x00, 0x00,
    0x00, 0x00, 0x00, 0x00, 0xF3, 0xFF, 0xFF, 0x04, 0x00, 0x00, 0x00, 0x00, 0x00, 0x00, 0x00, 0x00,
    0x00, 0xF3, 0xFF, 0xFF, 0x04, 0x00, 0x00, 0x00, 0x00, 0x00, 0x00, 0x00, 0x00, 0x00, 0xF3, 0xFF,
    0xFF, 0x04, 0x00, 0x00, 0x00, 0x00, 0x00, 0x00, 0x00, 0x00, 0x00, 0xF3, 0xFF, 0xFF, 0x04, 0x00,
    0x00, 0x00, 0x00, 0x00, 0x00, 0x00, 0x00, 0x00, 0xF3, 0xFF, 0xFF, 0x04, 0x00, 0x00, 0x00, 0x00,
    0x00, 0x00, 0x00, 0x00, 0x00, 0xF3, 0xFF, 0xFF, 0x04, 0x00, 0x00, 0x00, 0x00, 0x00, 0x00, 0x00,
    0x00, 0x00, 0xF3, 0xFF, 0xFF, 0x04, 0x00, 0x00, 0x00, 0x00, 0x00, 0x00, 0x00, 0x00, 0x00, 0xF3,
    0xFF, 0xFF, 0x04, 0x00, 0x00, 0x00, 0x00, 0x00, 0x00, 0x00, 0x00, 0x00, 0xF3, 0xFF, 0xFF, 0x04,
    0x00, 0x00, 0x00, 0x00, 0x00, 0x00, 0x00, 0x00, 0x00, 0xF3, 0xFF, 0xFF, 0x04, 0x00, 0x00, 0x00,
    0x00, 0x00, 0x00, 0x00, 0x00, 0x00, 0xF3, 0xFF, 0xFF, 0x04, 0x00, 0x00, 0x00, 0x00, 0x00, 0x00,
    0x00, 0x00, 0x00, 0xF3, 0xFF, 0xFF, 0x04, 0x00, 0x00, 0x00, 0x00, 0x00, 0x00, 0x00, 0x00, 0x00,
    0xF3, 0xFF, 0xFF, 0x04, 0x00, 0x00, 0x00, 0x00, 0x00, 0x00, 0x00, 0x00, 0x00, 0xF3, 0xFF, 0xFF,
    0x04, 0x00, 0x00, 0x00, 0x00, 0x00, 0x00, 0x00, 0x00, 0x00, 0xF3, 0xFF, 0xFF, 0x04, 0x00, 0x00,
    0x00, 0x00, 0x00, 0x00, 0x00, 0x00, 0x00, 0xF3, 0xFF, 0xFF, 0x04, 0x00, 0x00, 0x00, 0x00, 0x00,
    0x00, 0x00, 0x00, 0x00, 0xF3, 0xFF, 0xFF, 0x04, 0x00, 0x00, 0x00, 0x00, 0x00, 0x00, 0x00, 0x00,
    0x00, 0xF3, 0xFF, 0xFF, 0x04, 0x00, 0x00, 0x00, 0x00, 0x00, 0x00, 0x00, 0x00, 0x00, 0xF3, 0xFF,
    0xFF, 0x04, 0x00, 0x00, 0x00, 0x00, 0x00, 0x00, 0x00, 0x00, 0x00, 0xF3, 0xFF, 0xFF, 0x04, 0x00,
    0x00, 0x00, 0x00, 0x00, 0x00, 0x00, 0x00, 0x00, 0xF3, 0xFF, 0xFF, 0x04, 0x00, 0x00, 0x00, 0x00,
    0x00, 0x00, 0x00, 0x00, 0x00, 0xF3, 0xFF, 0xFF, 0x04, 0x00, 0x00, 0x00, 0x00, 0x00, 0x00, 0x00,
    0x00, 0x00, 0xF3, 0xFF, 0xFF, 0x04, 0x00, 0x00, 0x00, 0x00, 0x00, 0x00, 0x00, 0x00, 0x00, 0xF3,
    0xFF, 0xFF, 0x04, 0x00, 0x00, 0x00, 0x00, 0x00, 0x00, 0x00, 0x00, 0x00, 0xF3, 0xFF, 0xFF, 0x04,
    0x00, 0x00, 0x00, 0x00, 0x00, 0x00, 0x00, 0x00, 0x00, 0xF3, 0xFF, 0xFF, 0x04, 0x00, 0x00, 0x00,
    0x00, 0x00, 0x00, 0x00, 0x00, 0x00, 0xF3, 0xFF, 0xFF, 0x04, 0x00, 0x00, 0x00, 0x00, 0x00, 0x00,
    0x00, 0x00, 0x00, 0xF3, 0xFF, 0xFF, 0x04, 0x00, 0x00, 0x00, 0x00, 0x00, 0x00, 0x00, 0x00, 0x00,
    0xF3, 0xFF, 0xFF, 0x04, 0x00, 0x00, 0x00, 0x00, 0x00, 0x00, 0x00, 0x00, 0x00, 0xF3, 0xFF, 0xFF,
    0x04, 0x00, 0x00, 0x00, 0x00, 0x00, 0x00, 0x00, 0x00, 0x00, 0xF3, 0xFF, 0xFF, 0x04, 0x00, 0x00,
    0x00, 0x00, 0x00, 0x00, 0x00, 0x00, 0x00, 0xF3, 0xFF, 0xFF, 0x04, 0x00, 0x00, 0x00, 0x00, 0x00,
    0x00, 0x00, 0x00, 0x00, 0xF3, 0xFF, 0xFF, 0x04, 0x00, 0x00, 0x00, 0x00, 0x00, 0x00, 0x00, 0x00,
    0x00, 0xF3, 0xFF, 0xFF, 0x04, 0x00, 0x00, 0x00, 0x00, 0x00, 0x00, 0x00, 0x00, 0x00, 0xF3, 0xFF,
    0xFF, 0x04, 0x00, 0x00, 0x00, 0x00, 0x00, 0x00, 0x00, 0x00, 0x00, 0xF3, 0xFF, 0xFF, 0x79, 0x77,
    0x77, 0x77, 0x77, 0x77, 0x77, 0x77, 0x77, 0x57, 0xF3, 0xFF, 0xFF, 0xFF, 0xFF, 0xFF, 0xFF, 0xFF,
    0xFF, 0xFF, 0xFF, 0xFF, 0xCF, 0xF3, 0xFF, 0xFF, 0xFF, 0xFF, 0xFF, 0xFF, 0xFF, 0xFF, 0xFF, 0xFF,
    0xFF, 0xCF, 0xF3, 0xFF, 0xFF, 0xFF, 0xFF, 0xFF, 0xFF, 0xFF, 0xFF, 0xFF, 0xFF, 0xFF, 0xCF, 0xF3,
    0xFF, 0xFF, 0xFF, 0xFF, 0xFF, 0xFF, 0xFF, 0xFF, 0xFF, 0xFF, 0xFF, 0xCF, 0xF3, 0xFF, 0xFF, 0xFF,
    0x00, 0x00, 0x00, 0x00, 0x00, 0x00, 0x00, 0x00, 0x00, 0x00, 0x00, 0x00, 0x00, 0xF7, 0xFF, 0xFF,
    0xDF, 0xF3, 0xFF, 0xFF, 0xFF, 0x06, 0x00, 0x00, 0x00, 0x00, 0x00, 0x00, 0x00, 0x00, 0x00, 0x00,
    0x00, 0x00, 0xFD, 0xFF, 0xFF, 0xDF, 0xF3, 0xFF, 0xFF, 0xFF, 0x0D, 0x00, 0x00, 0x00, 0x00, 0x00,
    0x00, 0x00, 0x00, 0x00, 0x00, 0x00, 0x30, 0xFF, 0xFF, 0xFF, 0xDF, 0xF3, 0xFF, 0xFF, 0xFF, 0x3F,
    0x00, 0x00, 0x00, 0x00, 0x00, 0x00, 0x00, 0x00, 0x00, 0x00, 0x00, 0xA0, 0xFF, 0xFF, 0xFF, 0xDF,
    0xF3, 0xFF, 0xFF, 0xFF, 0x9F, 0x00, 0x00, 0x00, 0x00, 0x00, 0x00, 0x00, 0x00, 0x00, 0x00, 0x00,
    0xF1, 0xFF, 0xFF, 0xFF, 0xDF, 0xF3, 0xFF, 0xFF, 0xFF, 0xFF, 0x01, 0x00, 0x00, 0x00, 0x00, 0x00,
    0x00, 0x00, 0x00, 0x00, 0x00, 0xF7, 0xFF, 0xFF, 0xFF, 0xDF, 0xF3, 0xFF, 0xFF, 0xFF, 0xFF, 0x06,
    0x00, 0x00, 0x00, 0x00, 0x00, 0x00, 0x00, 0x00, 0x00, 0x00, 0xFD, 0xFF, 0xFF, 0xFF, 0xDF, 0xF3,
    0xFF, 0xFF, 0xFF, 0xFF, 0x0D, 0x00, 0x00, 0x00, 0x00, 0x00, 0x00, 0x00, 0x00, 0x00, 0x40, 0xFF,
    0xFF, 0xFF, 0xFF, 0xDF, 0xF3, 0xFF, 0xCF, 0xFF, 0xFF, 0x3F, 0x00, 0x00, 0x00, 0x00, 0x00, 0x00,
    0x00, 0x00, 0x00, 0xA0, 0xFF, 0xFF, 0xFB, 0xFF, 0xDF, 0xF3, 0xFF, 0xBF, 0xFA, 0xFF, 0xAF, 0x00,
    0x00, 0x00, 0x00, 0x00, 0x00, 0x00, 0x00, 0x00, 0xF1, 0xFF, 0xFF, 0xF5, 0xFF, 0xDF, 0xF3, 0xFF,
    0xCF, 0xF4, 0xFF, 0xFF, 0x01, 0x00, 0x00, 0x00, 0x00, 0x00, 0x00, 0x00, 0x00, 0xF7, 0xFF, 0xCF,
    0xF3, 0xFF, 0xDF, 0xF3, 0xFF, 0xCF, 0xD0, 0xFF, 0xFF, 0x07, 0x00, 0x00, 0x00, 0x00, 0x00, 0x00,
    0x00, 0x00, 0xFD, 0xFF, 0x6F, 0xF3, 0xFF, 0xDF, 0xF3, 0xFF, 0xDF, 0x60, 0xFF, 0xFF, 0x0D, 0x00,
    0x00, 0x00, 0x00, 0x00, 0x00, 0x00, 0x40, 0xFF, 0xFF, 0x0E, 0xF3, 0xFF, 0xDF, 0xF3, 0xFF, 0xDF,
    0x10, 0xFF, 0xFF, 0x4F, 0x00, 0x00, 0x00, 0x00, 0x00, 0x00, 0x00, 0xA0, 0xFF, 0xFF, 0x09, 0xF4,
    0xFF, 0xDF, 0xF3, 0xFF, 0xEF, 0x00, 0xF9, 0xFF, 0xAF, 0x00, 0x00, 0x00, 0x00, 0x00, 0x00, 0x00,
    0xF1, 0xFF, 0xFF, 0x02, 0xF4, 0xFF, 0xDF, 0xF3, 0xFF, 0xEF, 0x00, 0xF3, 0xFF, 0xFF, 0x01, 0x00,
    0x00, 0x00, 0x00, 0x00, 0x00, 0xF7, 0xFF, 0xCF, 0x00, 0xF5, 0xFF, 0xDF, 0xF3, 0xFF, 0xFF, 0x00,
    0xC0, 0xFF, 0xFF, 0x07, 0x00, 0x00, 0x00, 0x00, 0x00, 0x00, 0xFD, 0xFF, 0x5F, 0x00, 0xF5, 0xFF,
    0xDF, 0xF3, 0xFF, 0xFF, 0x00, 0x60, 0xFF, 0xFF, 0x0D, 0x00, 0x00, 0x00, 0x00, 0x00, 0x40, 0xFF,
    0xFF, 0x0E, 0x00, 0xF6, 0xFF, 0xDF, 0xF3, 0xFF, 0xFF, 0x00, 0x00, 0xFF, 0xFF, 0x4F, 0x00, 0x00,
    0x00, 0x00, 0x00, 0xA0, 0xFF, 0xFF, 0x08, 0x00, 0xF6, 0xFF, 0xDF, 0xF3, 0xFF, 0xFF, 0x00, 0x00,
    0xF9, 0xFF, 0xAF, 0x00, 0x00, 0x00, 0x00, 0x00, 0xF1, 0xFF, 0xFF, 0x02, 0x00, 0xF7, 0xFF, 0xDF,
    0xF3, 0xFF, 0xFF, 0x01, 0x00, 0xF2, 0xFF, 0xFF, 0x01, 0x00, 0x00, 0x00, 0x00, 0xF7, 0xFF, 0xBF,
    0x00, 0x00, 0xF7, 0xFF, 0xDF, 0xF3, 0xFF, 0xFF, 0x01, 0x00, 0xC0, 0xFF, 0xFF, 0x07, 0x00, 0x00,
    0x00, 0x00, 0xFE, 0xFF, 0x4F, 0x00, 0x00, 0xF8, 0xFF, 0xDF, 0xF3, 0xFF, 0xFF, 0x02, 0x00, 0x50,
    0xFF, 0xFF, 0x0D, 0x00, 0x00, 0x00, 0x40, 0xFF, 0xFF, 0x0E, 0x00, 0x00, 0xF8, 0xFF, 0xDF, 0xF3,
    0xFF, 0xFF, 0x02, 0x00, 0x00, 0xFE, 0xFF, 0x4F, 0x00, 0x00, 0x00, 0xB0, 0xFF, 0xFF, 0x07, 0x00,
    0x00, 0xF9, 0xFF, 0xDF, 0xF3, 0xFF, 0xFF, 0x03, 0x00, 0x00, 0xF8, 0xFF, 0xAF, 0x00, 0x00, 0x00,
    0xF1, 0xFF, 0xFF, 0x01, 0x00, 0x00, 0xF9, 0xFF, 0xDF, 0xF3, 0xFF, 0xFF, 0x03, 0x00, 0x00, 0xF2,
    0xFF, 0xFF, 0x01, 0x00, 0x00, 0xF8, 0xFF, 0xAF, 0x00, 0x00, 0x00, 0xF9, 0xFF, 0xDF, 0xF3, 0xFF,
    0xFF, 0x03, 0x00, 0x00, 0xB0, 0xFF, 0xFF, 0x07, 0x00, 0x00, 0xFE, 0xFF, 0x4F, 0x00, 0x00, 0x00,
    0xF9, 0xFF, 0xDF, 0xF3, 0xFF, 0xFF, 0x03, 0x00, 0x00, 0x50, 0xFF, 0xFF, 0x0E, 0x00, 0x40, 0xFF,
    0xFF, 0x0D, 0x00, 0x00, 0x00, 0xF9, 0xFF, 0xDF, 0xF3, 0xFF, 0xFF, 0x03, 0x00, 0x00, 0x00, 0xFE,
    0xFF, 0x4F, 0x00, 0xB0, 0xFF, 0xFF, 0x07, 0x00, 0x00, 0x00, 0xF9, 0xFF, 0xDF, 0xF3, 0xFF, 0xFF,
    0x03, 0x00, 0x00, 0x00, 0xF8, 0xFF, 0xBF, 0x00, 0xF1, 0xFF, 0xFF, 0x01, 0x00, 0x00, 0x00, 0xF9,
    0xFF, 0xDF, 0xF3, 0xFF, 0xFF, 0x03, 0x00, 0x00, 0x00, 0xF1, 0xFF, 0xFF, 0x01, 0xF8, 0xFF, 0xAF,
    0x00, 0x00, 0x00, 0x00, 0xF9, 0xFF, 0xDF, 0xF3, 0xFF, 0xFF, 0x03, 0x00, 0x00, 0x00, 0xB0, 0xFF,
    0xFF, 0x08, 0xFE, 0xFF, 0x3F, 0x00, 0x00, 0x00, 0x00, 0xF9, 0xFF, 0xDF, 0xF3, 0xFF, 0xFF, 0x03,
    0x00, 0x00, 0x00, 0x40, 0xFF, 0xFF, 0x5E, 0xFF, 0xFF, 0x0D, 0x00, 0x00, 0x00, 0x00, 0xF9, 0xFF,
    0xDF, 0xF3, 0xFF, 0xFF, 0x03, 0x00, 0x00, 0x00, 0x00, 0xFD, 0xFF, 0xEF, 0xFF, 0xFF, 0x06, 0x00,
    0x00, 0x00, 0x00, 0xF9, 0xFF, 0xDF, 0xF3, 0xFF, 0xFF, 0x03, 0x00, 0x00, 0x00, 0x00, 0xF7, 0xFF,
    0xFF, 0xFF, 0xFF, 0x00, 0x00, 0x00, 0x00, 0x00, 0xF9, 0xFF, 0xDF, 0xF3, 0xFF, 0xFF, 0x03, 0x00,
    0x00, 0x00, 0x00, 0xF1, 0xFF, 0xFF, 0xFF, 0x9F, 0x00, 0x00, 0x00, 0x00, 0x00, 0xF9, 0xFF, 0xDF,
    0xF3, 0xFF, 0xFF, 0x03, 0x00, 0x00, 0x00, 0x00, 0xA0, 0xFF, 0xFF, 0xFF, 0x3F, 0x00, 0x00, 0x00,
    0x00, 0x00, 0xF9, 0xFF, 0xDF, 0xF3, 0xFF, 0xFF, 0x03, 0x00, 0x00, 0x00, 0x00, 0x30, 0xFF, 0xFF,
    0xFF, 0x0C, 0x00, 0x00, 0x00, 0x00, 0x00, 0xF9, 0xFF, 0xDF, 0xF3, 0xFF, 0xFF, 0x03, 0x00, 0x00,
    0x00, 0x00, 0x00, 0xFD, 0xFF, 0xFF, 0x06, 0x00, 0x00, 0x00, 0x00, 0x00, 0xF9, 0xFF, 0xDF, 0xF3,
    0xFF, 0xFF, 0x03, 0x00, 0x00, 0x00, 0x00, 0x00, 0xF6, 0xFF, 0xEF, 0x00, 0x00, 0x00, 0x00, 0x00,
    0x00, 0xF9, 0xFF, 0xDF, 0xF3, 0xFF, 0xFF, 0x03, 0x00, 0x00, 0x00, 0x00, 0x00, 0xF0, 0xFF, 0x9F,
    0x00, 0x00, 0x00, 0x00, 0x00, 0x00, 0xF9, 0xFF, 0xDF, 0xF3, 0xFF, 0xFF, 0x09, 0x00, 0x00, 0x00,
    0x00, 0x00, 0x00, 0x00, 0x00, 0x00, 0xF0, 0xFF, 0xFF, 0x07, 0xF3, 0xFF, 0xFF, 0x3F, 0x00, 0x00,
    0x00, 0x00, 0x00, 0x00, 0x00, 0x00, 0x00, 0xF0, 0xFF, 0xFF, 0x07, 0xF3, 0xFF, 0xFF, 0xDF, 0x00,
    0x00, 0x00, 0x00, 0x00, 0x00, 0x00, 0x00, 0x00, 0xF0, 0xFF, 0xFF, 0x07, 0xF3, 0xFF, 0xFF, 0xFF,
    0x08, 0x00, 0x00, 0x00, 0x00, 0x00, 0x00, 0x00, 0x00, 0xF0, 0xFF, 0xFF, 0x07, 0xF3, 0xFF, 0xFF,
    0xFF, 0x3F, 0x00, 0x00, 0x00, 0x00, 0x00, 0x00, 0x00, 0x00, 0xF0, 0xFF, 0xFF, 0x07, 0xF3, 0xFF,
    0xFF, 0xFF, 0xDF, 0x00, 0x00, 0x00, 0x00, 0x00, 0x00, 0x00, 0x00, 0xF0, 0xFF, 0xFF, 0x07, 0xF3,
    0xFF, 0xFF, 0xFF, 0xFF, 0x08, 0x00, 0x00, 0x00, 0x00, 0x00, 0x00, 0x00, 0xF0, 0xFF, 0xFF, 0x07,
    0xF3, 0xFF, 0xFF, 0xFF, 0xFF, 0x2F, 0x00, 0x00, 0x00, 0x00, 0x00, 0x00, 0x00, 0xF0, 0xFF, 0xFF,
    0x07, 0xF3, 0xFF, 0xFF, 0xFF, 0xFF, 0xCF, 0x00, 0x00, 0x00, 0x00, 0x00, 0x00, 0x00, 0xF0, 0xFF,
    0xFF, 0x07, 0xF3, 0xFF, 0xFF, 0xFE, 0xFF, 0xFF, 0x07, 0x00, 0x00, 0x00, 0x00, 0x00, 0x00, 0xF0,
    0xFF, 0xFF, 0x07, 0xF3, 0xFF, 0xFF, 0xE5, 0xFF, 0xFF, 0x2F, 0x00, 0x00, 0x00, 0x00, 0x00, 0x00,
    0xF0, 0xFF, 0xFF, 0x07, 0xF3, 0xFF, 0xFF, 0x64, 0xFF, 0xFF, 0xCF, 0x00, 0x00, 0x00, 0x00, 0x00,
    0x00, 0xF0, 0xFF, 0xFF, 0x07, 0xF3, 0xFF, 0xFF, 0x04, 0xFB, 0xFF, 0xFF, 0x07, 0x00, 0x00, 0x00,
    0x00, 0x00, 0xF0, 0xFF, 0xFF, 0x07, 0xF3, 0xFF, 0xFF, 0x04, 0xF1, 0xFF, 0xFF, 0x2F, 0x00, 0x00,
    0x00, 0x00, 0x00, 0xF0, 0xFF, 0xFF, 0x07, 0xF3, 0xFF, 0xFF, 0x04, 0x60, 0xFF, 0xFF, 0xCF, 0x00,
    0x00, 0x00, 0x00, 0x00, 0xF0, 0xFF, 0xFF, 0x07, 0xF3, 0xFF, 0xFF, 0x04, 0x00, 0xFB, 0xFF, 0xFF,
    0x06, 0x00, 0x00, 0x00, 0x00, 0xF0, 0xFF, 0xFF, 0x07, 0xF3, 0xFF, 0xFF, 0x04, 0x00, 0xF2, 0xFF,
    0xFF, 0x1F, 0x00, 0x00, 0x00, 0x00, 0xF0, 0xFF, 0xFF, 0x07, 0xF3, 0xFF, 0xFF, 0x04, 0x00, 0x60,
    0xFF, 0xFF, 0xBF, 0x00, 0x00, 0x00, 0x00, 0xF0, 0xFF, 0xFF, 0x07, 0xF3, 0xFF, 0xFF, 0x04, 0x00,
    0x00, 0xFC, 0xFF, 0xFF, 0x06, 0x00, 0x00, 0x00, 0xF0, 0xFF, 0xFF, 0x07, 0xF3, 0xFF, 0xFF, 0x04,
    0x00, 0x00, 0xF2, 0xFF, 0xFF, 0x1E, 0x00, 0x00, 0x00, 0xF0, 0xFF, 0xFF, 0x07, 0xF3, 0xFF, 0xFF,
    0x04, 0x00, 0x00, 0x70, 0xFF, 0xFF, 0xBF, 0x00, 0x00, 0x00, 0xF0, 0xFF, 0xFF, 0x07, 0xF3, 0xFF,
    0xFF, 0x04, 0x00, 0x00, 0x00, 0xFC, 0xFF, 0xFF, 0x05, 0x00, 0x00, 0xF0, 0xFF, 0xFF, 0x07, 0xF3,
    0xFF, 0xFF, 0x04, 0x00, 0x00, 0x00, 0xF2, 0xFF, 0xFF, 0x1E, 0x00, 0x00, 0xF0, 0xFF, 0xFF, 0x07,
    0xF3, 0xFF, 0xFF, 0x04, 0x00, 0x00, 0x00, 0x70, 0xFF, 0xFF, 0xAF, 0x00, 0x00, 0xF0, 0xFF, 0xFF,
    0x07, 0xF3, 0xFF, 0xFF, 0x04, 0x00, 0x00, 0x00, 0x00, 0xFC, 0xFF, 0xFF, 0x05, 0x00, 0xF0, 0xFF,
    0xFF, 0x07, 0xF3, 0xFF, 0xFF, 0x04, 0x00, 0x00, 0x00, 0x00, 0xF3, 0xFF, 0xFF, 0x1E, 0x00, 0xF0,
    0xFF, 0xFF, 0x07, 0xF3, 0xFF, 0xFF, 0x04, 0x00, 0x00, 0x00, 0x00, 0x80, 0xFF, 0xFF, 0xAF, 0x00,
    0xF0, 0xFF, 0xFF, 0x07, 0xF3, 0xFF, 0xFF, 0x04, 0x00, 0x00, 0x00, 0x00, 0x00, 0xFD, 0xFF, 0xFF,
    0x04, 0xF0, 0xFF, 0xFF, 0x07, 0xF3, 0xFF, 0xFF, 0x04, 0x00, 0x00, 0x00, 0x00, 0x00, 0xF3, 0xFF,
    0xFF, 0x0E, 0xF0, 0xFF, 0xFF, 0x07, 0xF3, 0xFF, 0xFF, 0x04, 0x00, 0x00, 0x00, 0x00, 0x00, 0x80,
    0xFF, 0xFF, 0x9F, 0xF0, 0xFF, 0xFF, 0x07, 0xF3, 0xFF, 0xFF, 0x04, 0x00, 0x00, 0x00, 0x00, 0x00,
    0x00, 0xFD, 0xFF, 0xFF, 0xF4, 0xFF, 0xFF, 0x07, 0xF3, 0xFF, 0xFF, 0x04, 0x00, 0x00, 0x00, 0x00,
    0x00, 0x00, 0xF3, 0xFF, 0xFF, 0xFD, 0xFF, 0xFF, 0x07, 0xF3, 0xFF, 0xFF, 0x04, 0x00, 0x00, 0x00,
    0x00, 0x00, 0x00, 0x90, 0xFF, 0xFF, 0xFF, 0xFF, 0xFF, 0x07, 0xF3, 0xFF, 0xFF, 0x04, 0x00, 0x00,
    0x00, 0x00, 0x00, 0x00, 0x00, 0xFD, 0xFF, 0xFF, 0xFF, 0xFF, 0x07, 0xF3, 0xFF, 0xFF, 0x04, 0x00,
    0x00, 0x00, 0x00, 0x00, 0x00, 0x00, 0xF4, 0xFF, 0xFF, 0xFF, 0xFF, 0x07, 0xF3, 0xFF, 0xFF, 0x04,
    0x00, 0x00, 0x00, 0x00, 0x00, 0x00, 0x00, 0x90, 0xFF, 0xFF, 0xFF, 0xFF, 0x07, 0xF3, 0xFF, 0xFF,
    0x04, 0x00, 0x00, 0x00, 0x00, 0x00, 0x00, 0x00, 0x00, 0xFE, 0xFF, 0xFF, 0xFF, 0x07, 0xF3, 0xFF,
    0xFF, 0x04, 0x00, 0x00, 0x00, 0x00, 0x00, 0x00, 0x00, 0x00, 0xF4, 0xFF, 0xFF, 0xFF, 0x07, 0xF3,
    0xFF, 0xFF, 0x04, 0x00, 0x00, 0x00, 0x00, 0x00, 0x00, 0x00, 0x00, 0xA0, 0xFF, 0xFF, 0xFF, 0x07,
    0xF3, 0xFF, 0xFF, 0x04, 0x00, 0x00, 0x00, 0x00, 0x00, 0x00, 0x00, 0x00, 0x10, 0xFE, 0xFF, 0xFF,
    0x07, 0xF3, 0xFF, 0xFF, 0x04, 0x00, 0x00, 0x00, 0x00, 0x00, 0x00, 0x00, 0x00, 0x00, 0xF5, 0xFF,
    0xFF, 0x07, 0x00, 0x00, 0x00, 0x00, 0x00, 0x10, 0xA6, 0xED, 0xFF, 0xCE, 0x69, 0x01, 0x00, 0x00,
    0x00, 0x00, 0x00, 0x00, 0x00, 0x00, 0x00, 0x30, 0xFB, 0xFF, 0xFF, 0xFF, 0xFF, 0xFF, 0xAF, 0x02,
    0x00, 0x00, 0x00, 0x00, 0x00, 0x00, 0x00, 0x10, 0xFA, 0xFF, 0xFF, 0xFF, 0xFF, 0xFF, 0xFF, 0xFF,
    0x9F, 0x00, 0x00, 0x00, 0x00, 0x00, 0x00, 0x00, 0xE3, 0xFF, 0xFF, 0xFF, 0xFF, 0xFF, 0xFF, 0xFF,
    0xFF, 0xFF, 0x2D, 0x00, 0x00, 0x00, 0x00, 0x00, 0x30, 0xFF, 0xFF, 0xFF, 0xFF, 0xDE, 0xBB, 0xFD,
    0xFF, 0xFF, 0xFF, 0xEF, 0x02, 0x00, 0x00, 0x00, 0x00, 0xE2, 0xFF, 0xFF, 0xFF, 0x49, 0x00, 0x00,
    0x00, 0xA4, 0xFF, 0xFF, 0xFF, 0x1E, 0x00, 0x00, 0x00, 0x00, 0xFC, 0xFF, 0xFF, 0x3D, 0x00, 0x00,
    0x00, 0x00, 0x00, 0xD4, 0xFF, 0xFF, 0xBF, 0x00, 0x00, 0x00, 0x80, 0xFF, 0xFF, 0xDF, 0x00, 0x00,
    0x00, 0x00, 0x00, 0x00, 0x10, 0xFD, 0xFF, 0xFF, 0x06, 0x00, 0x00, 0xF1, 0xFF, 0xFF, 0x1E, 0x00,
    0x00, 0x00, 0x00, 0x00, 0x00, 0x00, 0xE2, 0xFF, 0xFF, 0x0E, 0x00, 0x00, 0xF8, 0xFF, 0xFF, 0x04,
    0x00, 0x00, 0x00, 0x00, 0x00, 0x00, 0x00, 0x60, 0xFF, 0xFF, 0x7F, 0x00, 0x00, 0xFE, 0xFF, 0xBF,
    0x00, 0x00, 0x00, 0x00, 0x00, 0x00, 0x00, 0x00, 0x00, 0xFC, 0xFF, 0xDF, 0x00, 0x50, 0xFF, 0xFF,
    0x4F, 0x00, 0x00, 0x00, 0x00, 0x00, 0x00, 0x00, 0x00, 0x00, 0xF5, 0xFF, 0xFF, 0x03, 0xA0, 0xFF,
    0xFF, 0x0E, 0x00, 0x00, 0x00, 0x00, 0x00, 0x00, 0x00, 0x00, 0x00, 0xF0, 0xFF, 0xFF, 0x08, 0xE0,
    0xFF, 0xFF, 0x09, 0x00, 0x00, 0x00, 0x00, 0x00, 0x00, 0x00, 0x00, 0x00, 0xA0, 0xFF, 0xFF, 0x0C,
    0xF1, 0xFF, 0xFF, 0x05, 0x00, 0x00, 0x00, 0x00, 0x00, 0x00, 0x00, 0x00, 0x00, 0x70, 0xFF, 0xFF,
    0x0F, 0xF4, 0xFF, 0xFF, 0x02, 0x00, 0x00, 0x00, 0x00, 0x00, 0x00, 0x00, 0x00, 0x00, 0x40, 0xFF,
    0xFF, 0x2F, 0xF6, 0xFF, 0xFF, 0x00, 0x00, 0x00, 0x00, 0x00, 0x00, 0x00, 0x00, 0x00, 0x00, 0x20,
    0xFF, 0xFF, 0x4F, 0xF8, 0xFF, 0xEF, 0x00, 0x00, 0x00, 0x00, 0x00, 0x00, 0x00, 0x00, 0x00, 0x00,
    0x00, 0xFF, 0xFF, 0x6F, 0xF9, 0xFF, 0xDF, 0x00, 0x00, 0x00, 0x00, 0x00, 0x00, 0x00, 0x00, 0x00,
    0x00, 0x00, 0xFF, 0xFF, 0x6F, 0xFA, 0xFF, 0xCF, 0x00, 0x00, 0x00, 0x00, 0x00, 0x00, 0x00, 0x00,
    0x00, 0x00, 0x00, 0xFF, 0xFF, 0x7F, 0xFA, 0xFF, 0xCF, 0x00, 0x00, 0x00, 0x00, 0x00, 0x00, 0x00,
    0x00, 0x00, 0x00, 0x00, 0xFE, 0xFF, 0x7F, 0xFA, 0xFF, 0xCF, 0x00, 0x00, 0x00, 0x00, 0x00, 0x00,
    0x00, 0x00, 0x00, 0x00, 0x00, 0xFE, 0xFF, 0x8F, 0xFA, 0xFF, 0xCF, 0x00, 0x00, 0x00, 0x00, 0x00,
    0x00, 0x00, 0x00, 0x00, 0x00, 0x00, 0xFE, 0xFF, 0x7F, 0xFA, 0xFF, 0xCF, 0x00, 0x00, 0x00, 0x00,
    0x00, 0x00, 0x00, 0x00, 0x00, 0x00, 0x00, 0xFE, 0xFF, 0x7F, 0xF9, 0xFF, 0xDF, 0x00, 0x00, 0x00,
    0x00, 0x00, 0x00, 0x00, 0x00, 0x00, 0x00, 0x00, 0xFF, 0xFF, 0x6F, 0xF8, 0xFF, 0xEF, 0x00, 0x00,
    0x00, 0x00, 0x00, 0x00, 0x00, 0x00, 0x00, 0x00, 0x00, 0xFF, 0xFF, 0x6F, 0xF7, 0xFF, 0xFF, 0x00,
    0x00, 0x00, 0x00, 0x00, 0x00, 0x00, 0x00, 0x00, 0x00, 0x10, 0xFF, 0xFF, 0x4F, 0xF4, 0xFF, 0xFF,
    0x02, 0x00, 0x00, 0x00, 0x00, 0x00, 0x00, 0x00, 0x00, 0x00, 0x40, 0xFF, 0xFF, 0x2F, 0xF2, 0xFF,
    0xFF, 0x05, 0x00, 0x00, 0x00, 0x00, 0x00, 0x00, 0x00, 0x00, 0x00, 0x70, 0xFF, 0xFF, 0x0F, 0xE0,
    0xFF, 0xFF, 0x09, 0x00, 0x00, 0x00, 0x00, 0x00, 0x00, 0x00, 0x00, 0x00, 0xA0, 0xFF, 0xFF, 0x0C,
    0xA0, 0xFF, 0xFF, 0x0E, 0x00, 0x00, 0x00, 0x00, 0x00, 0x00, 0x00, 0x00, 0x00, 0xE0, 0xFF, 0xFF,
    0x08, 0x50, 0xFF, 0xFF, 0x4F, 0x00, 0x00, 0x00, 0x00, 0x00, 0x00, 0x00, 0x00, 0x00, 0xF5, 0xFF,
    0xFF, 0x03, 0x00, 0xFE, 0xFF, 0xBF, 0x00, 0x00, 0x00, 0x00, 0x00, 0x00, 0x00, 0x00, 0x00, 0xFB,
    0xFF, 0xDF, 0x00, 0x00, 0xF9, 0xFF, 0xFF, 0x04, 0x00, 0x00, 0x00, 0x00, 0x00, 0x00, 0x00, 0x40,
    0xFF, 0xFF, 0x7F, 0x00, 0x00, 0xF1, 0xFF, 0xFF, 0x1D, 0x00, 0x00, 0x00, 0x00, 0x00, 0x00, 0x00,
    0xD1, 0xFF, 0xFF, 0x0E, 0x00, 0x00, 0x80, 0xFF, 0xFF, 0xCF, 0x00, 0x00, 0x00, 0x00, 0x00, 0x00,
    0x00, 0xFC, 0xFF, 0xFF, 0x07, 0x00, 0x00, 0x00, 0xFC, 0xFF, 0xFF, 0x2C, 0x00, 0x00, 0x00, 0x00,
    0x00, 0xC2, 0xFF, 0xFF, 0xCF, 0x00, 0x00, 0x00, 0x00, 0xF2, 0xFF, 0xFF, 0xFF, 0x28, 0x00, 0x00,
    0x00, 0x83, 0xFF, 0xFF, 0xFF, 0x2E, 0x00, 0x00, 0x00, 0x00, 0x30, 0xFF, 0xFF, 0xFF, 0xFF, 0xBE,
    0xAA, 0xEC, 0xFF, 0xFF, 0xFF, 0xFF, 0x03, 0x00, 0x00, 0x00, 0x00, 0x00, 0xE3, 0xFF, 0xFF, 0xFF,
    0xFF, 0xFF, 0xFF, 0xFF, 0xFF, 0xFF, 0x3E, 0x00, 0x00, 0x00, 0x00, 0x00, 0x00, 0x10, 0xFA, 0xFF,
    0xFF, 0xFF, 0xFF, 0xFF, 0xFF, 0xFF, 0xAF, 0x01, 0x00, 0x00, 0x00, 0x00, 0x00, 0x00, 0x00, 0x30,
    0xFB, 0xFF, 0xFF, 0xFF, 0xFF, 0xFF, 0xBF, 0x03, 0x00, 0x00, 0x00, 0x00, 0x00, 0x00, 0x00, 0x00,
    0x00, 0x10, 0xA6, 0xED, 0xFF, 0xDE, 0x6A, 0x01, 0x00, 0x00, 0x00, 0x00, 0x00, 0xF3, 0xFF, 0xFF,
    0xFF, 0xFF, 0xFF, 0xFF, 0xFF, 0xEF, 0xBD, 0x37, 0x00, 0x00, 0x00, 0x00, 0x00, 0xF3, 0xFF, 0xFF,
    0xFF, 0xFF, 0xFF, 0xFF, 0xFF, 0xFF, 0xFF, 0xFF, 0x7E, 0x01, 0x00, 0x00, 0x00, 0xF3, 0xFF, 0xFF,
    0xFF, 0xFF, 0xFF, 0xFF, 0xFF, 0xFF, 0xFF, 0xFF, 0xFF, 0x4E, 0x00, 0x00, 0x00, 0xF3, 0xFF, 0xFF,
    0xFF, 0xFF, 0xFF, 0xFF, 0xFF, 0xFF, 0xFF, 0xFF, 0xFF, 0xFF, 0x08, 0x00, 0x00, 0xF3, 0xFF, 0xFF,
    0x79, 0x77, 0x77, 0x77, 0x77, 0x97, 0xFB, 0xFF, 0xFF, 0xFF, 0x7F, 0x00, 0x00, 0xF3, 0xFF, 0xFF,
    0x03, 0x00, 0x00, 0x00, 0x00, 0x00, 0x00, 0xD6, 0xFF, 0xFF, 0xFF, 0x04, 0x00, 0xF3, 0xFF, 0xFF,
    0x03, 0x00, 0x00, 0x00, 0x00, 0x00, 0x00, 0x00, 0xFB, 0xFF, 0xFF, 0x0D, 0x00, 0xF3, 0xFF, 0xFF,
    0x03, 0x00, 0x00, 0x00, 0x00, 0x00, 0x00, 0x00, 0xB0, 0xFF, 0xFF, 0x6F, 0x00, 0xF3, 0xFF, 0xFF,
    0x03, 0x00, 0x00, 0x00, 0x00, 0x00, 0x00, 0x00, 0x10, 0xFF, 0xFF, 0xBF, 0x00, 0xF3, 0xFF, 0xFF,
    0x03, 0x00, 0x00, 0x00, 0x00, 0x00, 0x00, 0x00, 0x00, 0xF9, 0xFF, 0xFF, 0x00, 0xF3, 0xFF, 0xFF,
    0x03, 0x00, 0x00, 0x00, 0x00, 0x00, 0x00, 0x00, 0x00, 0xF4, 0xFF, 0xFF, 0x03, 0xF3, 0xFF, 0xFF,
    0x03, 0x00, 0x00, 0x00, 0x00, 0x00, 0x00, 0x00, 0x00, 0xF1, 0xFF, 0xFF, 0x05, 0xF3, 0xFF, 0xFF,
    0x03, 0x00, 0x00, 0x00, 0x00, 0x00, 0x00, 0x00, 0x00, 0xF0, 0xFF, 0xFF, 0x06, 0xF3, 0xFF, 0xFF,
    0x03, 0x00, 0x00, 0x00, 0x00, 0x00, 0x00, 0x00, 0x00, 0xF0, 0xFF, 0xFF, 0x06, 0xF3, 0xFF, 0xFF,
    0x03, 0x00, 0x00, 0x00, 0x00, 0x00, 0x00, 0x00, 0x00, 0xF2, 0xFF, 0xFF, 0x04, 0xF3, 0xFF, 0xFF,
    0x03, 0x00, 0x00, 0x00, 0x00, 0x00, 0x00, 0x00, 0x00, 0xF5, 0xFF, 0xFF, 0x03, 0xF3, 0xFF, 0xFF,
    0x03, 0x00, 0x00, 0x00, 0x00, 0x00, 0x00, 0x00, 0x00, 0xFA, 0xFF, 0xFF, 0x00, 0xF3, 0xFF, 0xFF,
    0x03, 0x00, 0x00, 0x00, 0x00, 0x00, 0x00, 0x00, 0x30, 0xFF, 0xFF, 0xAF, 0x00, 0xF3, 0xFF, 0xFF,
    0x03, 0x00, 0x00, 0x00, 0x00, 0x00, 0x00, 0x00, 0xE1, 0xFF, 0xFF, 0x5F, 0x00, 0xF3, 0xFF, 0xFF,
    0x03, 0x00, 0x00, 0x00, 0x00, 0x00, 0x00, 0x40, 0xFE, 0xFF, 0xFF, 0x0C, 0x00, 0xF3, 0xFF, 0xFF,
    0x03, 0x00, 0x00, 0x00, 0x00, 0x10, 0x73, 0xFC, 0xFF, 0xFF, 0xFF, 0x03, 0x00, 0xF3, 0xFF, 0xFF,
    0xFF, 0xFF, 0xFF, 0xFF, 0xFF, 0xFF, 0xFF, 0xFF, 0xFF, 0xFF, 0x4F, 0x00, 0x00, 0xF3, 0xFF, 0xFF,
    0xFF, 0xFF, 0xFF, 0xFF, 0xFF, 0xFF, 0xFF, 0xFF, 0xFF, 0xEF, 0x04, 0x00, 0x00, 0xF3, 0xFF, 0xFF,
    0xFF, 0xFF, 0xFF, 0xFF, 0xFF, 0xFF, 0xFF, 0xFF, 0xFF, 0x1A, 0x00, 0x00, 0x00, 0xF3, 0xFF, 0xFF,
    0xFF, 0xFF, 0xFF, 0xFF, 0xFF, 0xFF, 0xFF, 0xCF, 0x17, 0x00, 0x00, 0x00, 0x00, 0xF3, 0xFF, 0xFF,
    0x79, 0x77, 0x77, 0x77, 0x77, 0x56, 0x34, 0x00, 0x00, 0x00, 0x00, 0x00, 0x00, 0xF3, 0xFF, 0xFF,
    0x03, 0x00, 0x00, 0x00, 0x00, 0x00, 0x00, 0x00, 0x00, 0x00, 0x00, 0x00, 0x00, 0xF3, 0xFF, 0xFF,
    0x03, 0x00, 0x00, 0x00, 0x00, 0x00, 0x00, 0x00, 0x00, 0x00, 0x00, 0x00, 0x00, 0xF3, 0xFF, 0xFF,
    0x03, 0x00, 0x00, 0x00, 0x00, 0x00, 0x00, 0x00, 0x00, 0x00, 0x00, 0x00, 0x00, 0xF3, 0xFF, 0xFF,
    0x03, 0x00, 0x00, 0x00, 0x00, 0x00, 0x00, 0x00, 0x00, 0x00, 0x00, 0x00, 0x00, 0xF3, 0xFF, 0xFF,
    0x03, 0x00, 0x00, 0x00, 0x00, 0x00, 0x00, 0x00, 0x00, 0x00, 0x00, 0x00, 0x00, 0xF3, 0xFF, 0xFF,
    0x03, 0x00, 0x00, 0x00, 0x00, 0x00, 0x00, 0x00, 0x00, 0x00, 0x00, 0x00, 0x00, 0xF3, 0xFF, 0xFF,
    0x03, 0x00, 0x00, 0x00, 0x00, 0x00, 0x00, 0x00, 0x00, 0x00, 0x00, 0x00, 0x00, 0xF3, 0xFF, 0xFF,
    0x03, 0x00, 0x00, 0x00, 0x00, 0x00, 0x00, 0x00, 0x00, 0x00, 0x00, 0x00, 0x00, 0xF3, 0xFF, 0xFF,
    0x03, 0x00, 0x00, 0x00, 0x00, 0x00, 0x00, 0x00, 0x00, 0x00, 0x00, 0x00, 0x00, 0xF3, 0xFF, 0xFF,
    0x03, 0x00, 0x00, 0x00, 0x00, 0x00, 0x00, 0x00, 0x00, 0x00, 0x00, 0x00, 0x00, 0xF3, 0xFF, 0xFF,
    0x03, 0x00, 0x00, 0x00, 0x00, 0x00, 0x00, 0x00, 0x00, 0x00, 0x00, 0x00, 0x00, 0xF3, 0xFF, 0xFF,
    0x03, 0x00, 0x00, 0x00, 0x00, 0x00, 0x00, 0x00, 0x00, 0x00, 0x00, 0x00, 0x00, 0xF3, 0xFF, 0xFF,
    0x03, 0x00, 0x00, 0x00, 0x00, 0x00, 0x00, 0x00, 0x00, 0x00, 0x00, 0x00, 0x00, 0xF3, 0xFF, 0xFF,
    0x03, 0x00, 0x00, 0x00, 0x00, 0x00, 0x00, 0x00, 0x00, 0x00, 0x00, 0x00, 0x00, 0xF3, 0xFF, 0xFF,
    0x03, 0x00, 0x00, 0x00, 0x00, 0x00, 0x00, 0x00, 0x00, 0x00, 0x00, 0x00, 0x00, 0x00, 0x00, 0x00,
    0x00, 0x00, 0x20, 0xA7, 0xED, 0xFF, 0xCE, 0x58, 0x00, 0x00, 0x00, 0x00, 0x00, 0x00, 0x00, 0x00,
    0x00, 0x00, 0x50, 0xFC, 0xFF, 0xFF, 0xFF, 0xFF, 0xFF, 0x9E, 0x01, 0x00, 0x00, 0x00, 0x00, 0x00,
    0x00, 0x00, 0x20, 0xFC, 0xFF, 0xFF, 0xFF, 0xFF, 0xFF, 0xFF, 0xFF, 0x7F, 0x00, 0x00, 0x00, 0x00,
    0x00, 0x00, 0x00, 0xF6, 0xFF, 0xFF, 0xFF, 0xFF, 0xFF, 0xFF, 0xFF, 0xFF, 0xFF, 0x1B, 0x00, 0x00,
    0x00, 0x00, 0x00, 0x60, 0xFF, 0xFF, 0xFF, 0xFF, 0xCE, 0xCB, 0xFD, 0xFF, 0xFF, 0xFF, 0xCF, 0x01,
    0x00, 0x00, 0x00, 0x00, 0xF5, 0xFF, 0xFF, 0xFF, 0x28, 0x00, 0x00, 0x00, 0xC5, 0xFF, 0xFF, 0xFF,
    0x0C, 0x00, 0x00, 0x00, 0x20, 0xFF, 0xFF, 0xFF, 0x1B, 0x00, 0x00, 0x00, 0x00, 0x00, 0xF6, 0xFF,
    0xFF, 0x8F, 0x00, 0x00, 0x00, 0xC0, 0xFF, 0xFF, 0xAF, 0x00, 0x00, 0x00, 0x00, 0x00, 0x00, 0x30,
    0xFF, 0xFF, 0xFF, 0x03, 0x00, 0x00, 0xF4, 0xFF, 0xFF, 0x0B, 0x00, 0x00, 0x00, 0x00, 0x00, 0x00,
    0x00, 0xF4, 0xFF, 0xFF, 0x0B, 0x00, 0x00, 0xFC, 0xFF, 0xFF, 0x01, 0x00, 0x00, 0x00, 0x00, 0x00,
    0x00, 0x00, 0x90, 0xFF, 0xFF, 0x3F, 0x00, 0x30, 0xFF, 0xFF, 0x7F, 0x00, 0x00, 0x00, 0x00, 0x00,
    0x00, 0x00, 0x00, 0x10, 0xFF, 0xFF, 0x9F, 0x00, 0x90, 0xFF, 0xFF, 0x1F, 0x00, 0x00, 0x00, 0x00,
    0x00, 0x00, 0x00, 0x00, 0x00, 0xF9, 0xFF, 0xFF, 0x00, 0xE0, 0xFF, 0xFF, 0x0A, 0x00, 0x00, 0x00,
    0x00, 0x00, 0x00, 0x00, 0x00, 0x00, 0xF4, 0xFF, 0xFF, 0x04, 0xF2, 0xFF, 0xFF, 0x05, 0x00, 0x00,
    0x00, 0x00, 0x00, 0x00, 0x00, 0x00, 0x00, 0xE0, 0xFF, 0xFF, 0x08, 0xF5, 0xFF, 0xFF, 0x01, 0x00,
    0x00, 0x00, 0x00, 0x00, 0x00, 0x00, 0x00, 0x00, 0xB0, 0xFF, 0xFF, 0x0C, 0xF8, 0xFF, 0xEF, 0x00,
    0x00, 0x00, 0x00, 0x00, 0x00, 0x00, 0x00, 0x00, 0x00, 0x80, 0xFF, 0xFF, 0x0E, 0xFA, 0xFF, 0xCF,
    0x00, 0x00, 0x00, 0x00, 0x00, 0x00, 0x00, 0x00, 0x00, 0x00, 0x50, 0xFF, 0xFF, 0x0F, 0xFC, 0xFF,
    0xAF, 0x00, 0x00, 0x00, 0x00, 0x00, 0x00, 0x00, 0x00, 0x00, 0x00, 0x40, 0xFF, 0xFF, 0x2F, 0xFD,
    0xFF, 0x9F, 0x00, 0x00, 0x00, 0x00, 0x00, 0x00, 0x00, 0x00, 0x00, 0x00, 0x30, 0xFF, 0xFF, 0x3F,
    0xFE, 0xFF, 0x8F, 0x00, 0x00, 0x00, 0x00, 0x00, 0x00, 0x00, 0x00, 0x00, 0x00, 0x30, 0xFF, 0xFF,
    0x4F, 0xFE, 0xFF, 0x8F, 0x00, 0x00, 0x00, 0x00, 0x00, 0x00, 0x00, 0x00, 0x00, 0x00, 0x20, 0xFF,
    0xFF, 0x4F, 0xFE, 0xFF, 0x8F, 0x00, 0x00, 0x00, 0x00, 0x00, 0x00, 0x00, 0x00, 0x00, 0x00, 0x20,
    0xFF, 0xFF, 0x4F, 0xFE, 0xFF, 0x8F, 0x00, 0x00, 0x00, 0x00, 0x00, 0x00, 0x00, 0x00, 0x00, 0x00,
    0x20, 0xFF, 0xFF, 0x4F, 0xFE, 0xFF, 0x9F, 0x00, 0x00, 0x00, 0x00, 0x00, 0x00, 0x00, 0x00, 0x00,
    0x00, 0x20, 0xFF, 0xFF, 0x4F, 0xFD, 0xFF, 0x9F, 0x00, 0x00, 0x00, 0x00, 0x00, 0x00, 0x00, 0x00,
    0x00, 0x00, 0x30, 0xFF, 0xFF, 0x3F, 0xFC, 0xFF, 0xAF, 0x00, 0x00, 0x00, 0x00, 0x00, 0x00, 0x00,
    0x00, 0x00, 0x00, 0x40, 0xFF, 0xFF, 0x2F, 0xFB, 0xFF, 0xCF, 0x00, 0x00, 0x00, 0x00, 0x00, 0x00,
    0x00, 0x00, 0x00, 0x00, 0x50, 0xFF, 0xFF, 0x1F, 0xF8, 0xFF, 0xEF, 0x00, 0x00, 0x00, 0x00, 0x00,
    0x00, 0x00, 0x00, 0x00, 0x00, 0x80, 0xFF, 0xFF, 0x0E, 0xF6, 0xFF, 0xFF, 0x01, 0x00, 0x00, 0x00,
    0x00, 0x00, 0x00, 0x00, 0x00, 0x00, 0xB0, 0xFF, 0xFF, 0x0C, 0xF2, 0xFF, 0xFF, 0x05, 0x00, 0x00,
    0x00, 0x00, 0x00, 0x00, 0x00, 0x00, 0x00, 0xE0, 0xFF, 0xFF, 0x09, 0xE0, 0xFF, 0xFF, 0x0A, 0x00,
    0x00, 0x00, 0x00, 0x00, 0x00, 0x00, 0x00, 0x00, 0xF3, 0xFF, 0xFF, 0x05, 0x90, 0xFF, 0xFF, 0x0F,
    0x00, 0x00, 0x00, 0x00, 0x00, 0x00, 0x00, 0x00, 0x00, 0xF9, 0xFF, 0xFF, 0x01, 0x30, 0xFF, 0xFF,
    0x7F, 0x00, 0x00, 0x00, 0x00, 0x00, 0x00, 0x00, 0x00, 0x10, 0xFE, 0xFF, 0xAF, 0x00, 0x00, 0xFD,
    0xFF, 0xFF, 0x01, 0x00, 0x00, 0x00, 0x00, 0x00, 0x00, 0x00, 0x90, 0xFF, 0xFF, 0x4F, 0x00, 0x00,
    0xF5, 0xFF, 0xFF, 0x0B, 0x00, 0x00, 0x00, 0x00, 0x00, 0x00, 0x00, 0xF3, 0xFF, 0xFF, 0x0C, 0x00,
    0x00, 0xC0, 0xFF, 0xFF, 0x8F, 0x00, 0x00, 0x00, 0x00, 0x00, 0x00, 0x20, 0xFE, 0xFF, 0xFF, 0x03,
    0x00, 0x00, 0x20, 0xFF, 0xFF, 0xFF, 0x0A, 0x00, 0x00, 0x00, 0x00, 0x00, 0xE4, 0xFF, 0xFF, 0x9F,
    0x00, 0x00, 0x00, 0x00, 0xF5, 0xFF, 0xFF, 0xEF, 0x17, 0x00, 0x00, 0x00, 0xA4, 0xFF, 0xFF, 0xFF,
    0x0C, 0x00, 0x00, 0x00, 0x00, 0x60, 0xFF, 0xFF, 0xFF, 0xFF, 0xAD, 0xA9, 0xEC, 0xFF, 0xFF, 0xFF,
    0xDF, 0x01, 0x00, 0x00, 0x00, 0x00, 0x00, 0xF6, 0xFF, 0xFF, 0xFF, 0xFF, 0xFF, 0xFF, 0xFF, 0xFF,
    0xFF, 0x1C, 0x00, 0x00, 0x00, 0x00, 0x00, 0x00, 0x20, 0xFC, 0xFF, 0xFF, 0xFF, 0xFF, 0xFF, 0xFF,
    0xFF, 0xFF, 0x08, 0x00, 0x00, 0x00, 0x00, 0x00, 0x00, 0x00, 0x50, 0xFC, 0xFF, 0xFF, 0xFF, 0xFF,
    0xFF, 0xFF, 0xFF, 0xBF, 0x00, 0x00, 0x00, 0x00, 0x00, 0x00, 0x00, 0x00, 0x20, 0xA7, 0xED, 0xFF,
    0xCE, 0xD9, 0xFF, 0xFF, 0xFF, 0x2D, 0x00, 0x00, 0x00, 0x00, 0x00, 0x00, 0x00, 0x00, 0x00, 0x00,
    0x00, 0x00, 0x00, 0xFA, 0xFF, 0xFF, 0xFF, 0x05, 0x00, 0x00, 0x00, 0x00, 0x00, 0x00, 0x00, 0x00,
    0x00, 0x00, 0x00, 0x00, 0x70, 0xFF, 0xFF, 0xFF, 0x8F, 0x00, 0x00, 0x00, 0x00, 0x00, 0x00, 0x00,
    0x00, 0x00, 0x00, 0x00, 0x00, 0x00, 0xE4, 0xFF, 0xFF, 0xFF, 0x1B, 0x00, 0x00, 0x00, 0x00, 0x00,
    0x00, 0x00, 0x00, 0x00, 0x00, 0x00, 0x00, 0x20, 0xFD, 0xFF, 0xFF, 0x1C, 0x00, 0x00, 0x00, 0x00,
    0x00, 0x00, 0x00, 0x00, 0x00, 0x00, 0x00, 0x00, 0x00, 0xA0, 0xFF, 0xBF, 0x00, 0x00, 0x00, 0x00,
    0x00, 0x00, 0x00, 0x00, 0x00, 0x00, 0x00, 0x00, 0x00, 0x00, 0x00, 0xF7, 0x0A, 0x00, 0x00, 0x00,
    0x00, 0x00, 0x00, 0x00, 0x00, 0x00, 0x00, 0x00, 0x00, 0x00, 0x00, 0x00, 0x20, 0x00, 0x00, 0xF3,
    0xFF, 0xFF, 0xFF, 0xFF, 0xFF, 0xFF, 0xEF, 0xCD, 0x6A, 0x03, 0x00, 0x00, 0x00, 0x00, 0x00, 0xF3,
    0xFF, 0xFF, 0xFF, 0xFF, 0xFF, 0xFF, 0xFF, 0xFF, 0xFF, 0xDF, 0x07, 0x00, 0x00, 0x00, 0x00, 0xF3,
    0xFF, 0xFF, 0xFF, 0xFF, 0xFF, 0xFF, 0xFF, 0xFF, 0xFF, 0xFF, 0xDF, 0x04, 0x00, 0x00, 0x00, 0xF3,
    0xFF, 0xFF, 0xFF, 0xFF, 0xFF, 0xFF, 0xFF, 0xFF, 0xFF, 0xFF, 0xFF, 0x7F, 0x00, 0x00, 0x00, 0xF3,
    0xFF, 0xFF, 0x79, 0x77, 0x77, 0x77, 0x87, 0xD9, 0xFF, 0xFF, 0xFF, 0xFF, 0x06, 0x00, 0x00, 0xF3,
    0xFF, 0xFF, 0x03, 0x00, 0x00, 0x00, 0x00, 0x00, 0x71, 0xFF, 0xFF, 0xFF, 0x1F, 0x00, 0x00, 0xF3,
    0xFF, 0xFF, 0x03, 0x00, 0x00, 0x00, 0x00, 0x00, 0x00, 0xD2, 0xFF, 0xFF, 0xAF, 0x00, 0x00, 0xF3,
    0xFF, 0xFF, 0x03, 0x00, 0x00, 0x00, 0x00, 0x00, 0x00, 0x10, 0xFE, 0xFF, 0xFF, 0x01, 0x00, 0xF3,
    0xFF, 0xFF, 0x03, 0x00, 0x00, 0x00, 0x00, 0x00, 0x00, 0x00, 0xF6, 0xFF, 0xFF, 0x05, 0x00, 0xF3,
    0xFF, 0xFF, 0x03, 0x00, 0x00, 0x00, 0x00, 0x00, 0x00, 0x00, 0xF0, 0xFF, 0xFF, 0x09, 0x00, 0xF3,
    0xFF, 0xFF, 0x03, 0x00, 0x00, 0x00, 0x00, 0x00, 0x00, 0x00, 0xC0, 0xFF, 0xFF, 0x0B, 0x00, 0xF3,
    0xFF, 0xFF, 0x03, 0x00, 0x00, 0x00, 0x00, 0x00, 0x00, 0x00, 0xA0, 0xFF, 0xFF, 0x0C, 0x00, 0xF3,
    0xFF, 0xFF, 0x03, 0x00, 0x00, 0x00, 0x00, 0x00, 0x00, 0x00, 0x90, 0xFF, 0xFF, 0x0D, 0x00, 0xF3,
    0xFF, 0xFF, 0x03, 0x00, 0x00, 0x00, 0x00, 0x00, 0x00, 0x00, 0xA0, 0xFF, 0xFF, 0x0C, 0x00, 0xF3,
    0xFF, 0xFF, 0x03, 0x00, 0x00, 0x00, 0x00, 0x00, 0x00, 0x00, 0xE0, 0xFF, 0xFF, 0x0A, 0x00, 0xF3,
    0xFF, 0xFF, 0x03, 0x00, 0x00, 0x00, 0x00, 0x00, 0x00, 0x00, 0xF3, 0xFF, 0xFF, 0x07, 0x00, 0xF3,
    0xFF, 0xFF, 0x03, 0x00, 0x00, 0x00, 0x00, 0x00, 0x00, 0x00, 0xFC, 0xFF, 0xFF, 0x02, 0x00, 0xF3,
    0xFF, 0xFF, 0x03, 0x00, 0x00, 0x00, 0x00, 0x00, 0x00, 0x90, 0xFF, 0xFF, 0xBF, 0x00, 0x00, 0xF3,
    0xFF, 0xFF, 0x03, 0x00, 0x00, 0x00, 0x00, 0x00, 0x10, 0xFB, 0xFF, 0xFF, 0x2F, 0x00, 0x00, 0xF3,
    0xFF, 0xFF, 0x03, 0x00, 0x00, 0x00, 0x00, 0x52, 0xFA, 0xFF, 0xFF, 0xFF, 0x06, 0x00, 0x00, 0xF3,
    0xFF, 0xFF, 0xFF, 0xFF, 0xFF, 0xFF, 0xFF, 0xFF, 0xFF, 0xFF, 0xFF, 0x7F, 0x00, 0x00, 0x00, 0xF3,
    0xFF, 0xFF, 0xFF, 0xFF, 0xFF, 0xFF, 0xFF, 0xFF, 0xFF, 0xFF, 0xFF, 0x05, 0x00, 0x00, 0x00, 0xF3,
    0xFF, 0xFF, 0xFF, 0xFF, 0xFF, 0xFF, 0xFF, 0xFF, 0xFF, 0xFF, 0x19, 0x00, 0x00, 0x00, 0x00, 0xF3,
    0xFF, 0xFF, 0xFF, 0xFF, 0xFF, 0xFF, 0xFF, 0xFF, 0xFF, 0x3F, 0x00, 0x00, 0x00, 0x00, 0x00, 0xF3,
    0xFF, 0xFF, 0x79, 0x77, 0x77, 0x77, 0x77, 0xFF, 0xFF, 0xAF, 0x00, 0x00, 0x00, 0x00, 0x00, 0xF3,
    0xFF, 0xFF, 0x03, 0x00, 0x00, 0x00, 0x00, 0xF8, 0xFF, 0xFF, 0x03, 0x00, 0x00, 0x00, 0x00, 0xF3,
    0xFF, 0xFF, 0x03, 0x00, 0x00, 0x00, 0x00, 0xE0, 0xFF, 0xFF, 0x0C, 0x00, 0x00, 0x00, 0x00, 0xF3,
    0xFF, 0xFF, 0x03, 0x00, 0x00, 0x00, 0x00, 0x70, 0xFF, 0xFF, 0x5F, 0x00, 0x00, 0x00, 0x00, 0xF3,
    0xFF, 0xFF, 0x03, 0x00, 0x00, 0x00, 0x00, 0x00, 0xFE, 0xFF, 0xDF, 0x00, 0x00, 0x00, 0x00, 0xF3,
    0xFF, 0xFF, 0x03, 0x00, 0x00, 0x00, 0x00, 0x00, 0xF5, 0xFF, 0xFF, 0x07, 0x00, 0x00, 0x00, 0xF3,
    0xFF, 0xFF, 0x03, 0x00, 0x00, 0x00, 0x00, 0x00, 0xD0, 0xFF, 0xFF, 0x1F, 0x00, 0x00, 0x00, 0xF3,
    0xFF, 0xFF, 0x03, 0x00, 0x00, 0x00, 0x00, 0x00, 0x40, 0xFF, 0xFF, 0x9F, 0x00, 0x00, 0x00, 0xF3,
    0xFF, 0xFF, 0x03, 0x00, 0x00, 0x00, 0x00, 0x00, 0x00, 0xFB, 0xFF, 0xFF, 0x02, 0x00, 0x00, 0xF3,
    0xFF, 0xFF, 0x03, 0x00, 0x00, 0x00, 0x00, 0x00, 0x00, 0xF3, 0xFF, 0xFF, 0x0B, 0x00, 0x00, 0xF3,
    0xFF, 0xFF, 0x03, 0x00, 0x00, 0x00, 0x00, 0x00, 0x00, 0xA0, 0xFF, 0xFF, 0x4F, 0x00, 0x00, 0xF3,
    0xFF, 0xFF, 0x03, 0x00, 0x00, 0x00, 0x00, 0x00, 0x00, 0x20, 0xFF, 0xFF, 0xCF, 0x00, 0x00, 0xF3,
    0xFF, 0xFF, 0x03, 0x00, 0x00, 0x00, 0x00, 0x00, 0x00, 0x00, 0xF9, 0xFF, 0xFF, 0x05, 0x00, 0xF3,
    0xFF, 0xFF, 0x03, 0x00, 0x00, 0x00, 0x00, 0x00, 0x00, 0x00, 0xF1, 0xFF, 0xFF, 0x0E, 0x00, 0xF3,
    0xFF, 0xFF, 0x03, 0x00, 0x00, 0x00, 0x00, 0x00, 0x00, 0x00, 0x70, 0xFF, 0xFF, 0x7F, 0x00, 0xF3,
    0xFF, 0xFF, 0x03, 0x00, 0x00, 0x00, 0x00, 0x00, 0x00, 0x00, 0x00, 0xFE, 0xFF, 0xFF, 0x01, 0xF3,
    0xFF, 0xFF, 0x03, 0x00, 0x00, 0x00, 0x00, 0x00, 0x00, 0x00, 0x00, 0xF6, 0xFF, 0xFF, 0x09, 0x00,
    0x00, 0x00, 0x00, 0x00, 0x85, 0xDC, 0xFE, 0xEF, 0x9C, 0x15, 0x00, 0x00, 0x00, 0x00, 0x00, 0x00,
    0x00, 0x00, 0x20, 0xF9, 0xFF, 0xFF, 0xFF, 0xFF, 0xFF, 0xFF, 0x2A, 0x00, 0x00, 0x00, 0x00, 0x00,
    0x00, 0x00, 0xF7, 0xFF, 0xFF, 0xFF, 0xFF, 0xFF, 0xFF, 0xFF, 0xFF, 0x09, 0x00, 0x00, 0x00, 0x00,
    0x00, 0xB0, 0xFF, 0xFF, 0xFF, 0xFF, 0xFF, 0xFF, 0xFF, 0xFF, 0xFF, 0xDF, 0x02, 0x00, 0x00, 0x00,
    0x00, 0xFC, 0xFF, 0xFF, 0xFF, 0xAD, 0x78, 0x98, 0xFC, 0xFF, 0xFF, 0xFF, 0x1E, 0x00, 0x00, 0x00,
    0x90, 0xFF, 0xFF, 0xFF, 0x28, 0x00, 0x00, 0x00, 0x10, 0xE7, 0xFF, 0xFF, 0xCF, 0x00, 0x00, 0x00,
    0xF3, 0xFF, 0xFF, 0x3E, 0x00, 0x00, 0x00, 0x00, 0x00, 0x10, 0xFC, 0xFF, 0xFF, 0x07, 0x00, 0x00,
    0xFA, 0xFF, 0xFF, 0x03, 0x00, 0x00, 0x00, 0x00, 0x00, 0x00, 0xD1, 0xFF, 0xFF, 0x1F, 0x00, 0x00,
    0xFF, 0xFF, 0xAF, 0x00, 0x00, 0x00, 0x00, 0x00, 0x00, 0x00, 0x40, 0xFF, 0xFF, 0x6F, 0x00, 0x30,
    0xFF, 0xFF, 0x4F, 0x00, 0x00, 0x00, 0x00, 0x00, 0x00, 0x00, 0x00, 0xFD, 0xFF, 0xBF, 0x00, 0x50,
    0xFF, 0xFF, 0x2F, 0x00, 0x00, 0x00, 0x00, 0x00, 0x00, 0x00, 0x00, 0xF8, 0xFF, 0xFF, 0x00, 0x60,
    0xFF, 0xFF, 0x1F, 0x00, 0x00, 0x00, 0x00, 0x00, 0x00, 0x00, 0x00, 0xF6, 0xFF, 0xFF, 0x01, 0x50,
    0xFF, 0xFF, 0x3F, 0x00, 0x00, 0x00, 0x00, 0x00, 0x00, 0x00, 0x00, 0x72, 0x77, 0x77, 0x00, 0x30,
    0xFF, 0xFF, 0x8F, 0x00, 0x00, 0x00, 0x00, 0x00, 0x00, 0x00, 0x00, 0x00, 0x00, 0x00, 0x00, 0x00,
    0xFE, 0xFF, 0xFF, 0x02, 0x00, 0x00, 0x00, 0x00, 0x00, 0x00, 0x00, 0x00, 0x00, 0x00, 0x00, 0x00,
    0xF9, 0xFF, 0xFF, 0x2E, 0x00, 0x00, 0x00, 0x00, 0x00, 0x00, 0x00, 0x00, 0x00, 0x00, 0x00, 0x00,
    0xF1, 0xFF, 0xFF, 0xFF, 0x06, 0x00, 0x00, 0x00, 0x00, 0x00, 0x00, 0x00, 0x00, 0x00, 0x00, 0x00,
    0x50, 0xFF, 0xFF, 0xFF, 0xEF, 0x17, 0x00, 0x00, 0x00, 0x00, 0x00, 0x00, 0x00, 0x00, 0x00, 0x00,
    0x00, 0xF7, 0xFF, 0xFF, 0xFF, 0xFF, 0x5A, 0x01, 0x00, 0x00, 0x00, 0x00, 0x00, 0x00, 0x00, 0x00,
    0x00, 0x50, 0xFF, 0xFF, 0xFF, 0xFF, 0xFF, 0xBF, 0x16, 0x00, 0x00, 0x00, 0x00, 0x00, 0x00, 0x00,
    0x00, 0x00, 0xB2, 0xFF, 0xFF, 0xFF, 0xFF, 0xFF, 0xFF, 0x4B, 0x00, 0x00, 0x00, 0x00, 0x00, 0x00,
    0x00, 0x00, 0x00, 0xC4, 0xFF, 0xFF, 0xFF, 0xFF, 0xFF, 0xFF, 0x5D, 0x00, 0x00, 0x00, 0x00, 0x00,
    0x00, 0x00, 0x00, 0x00, 0x93, 0xFF, 0xFF, 0xFF, 0xFF, 0xFF, 0xFF, 0x2C, 0x00, 0x00, 0x00, 0x00,
    0x00, 0x00, 0x00, 0x00, 0x00, 0x40, 0xE9, 0xFF, 0xFF, 0xFF, 0xFF, 0xFF, 0x05, 0x00, 0x00, 0x00,
    0x00, 0x00, 0x00, 0x00, 0x00, 0x00, 0x00, 0x94, 0xFF, 0xFF, 0xFF, 0xFF, 0x6F, 0x00, 0x00, 0x00,
    0x00, 0x00, 0x00, 0x00, 0x00, 0x00, 0x00, 0x00, 0x50, 0xFD, 0xFF, 0xFF, 0xFF, 0x04, 0x00, 0x00,
    0x00, 0x00, 0x00, 0x00, 0x00, 0x00, 0x00, 0x00, 0x00, 0x50, 0xFE, 0xFF, 0xFF, 0x0E, 0x00, 0x00,
    0x00, 0x00, 0x00, 0x00, 0x00, 0x00, 0x00, 0x00, 0x00, 0x00, 0xD1, 0xFF, 0xFF, 0x6F, 0x00, 0x00,
    0x00, 0x00, 0x00, 0x00, 0x00, 0x00, 0x00, 0x00, 0x00, 0x00, 0x20, 0xFF, 0xFF, 0xCF, 0x00, 0x00,
    0x00, 0x00, 0x00, 0x00, 0x00, 0x00, 0x00, 0x00, 0x00, 0x00, 0x00, 0xFA, 0xFF, 0xFF, 0x00, 0x85,
    0x88, 0x68, 0x00, 0x00, 0x00, 0x00, 0x00, 0x00, 0x00, 0x00, 0x00, 0xF6, 0xFF, 0xFF, 0x02, 0xFA,
    0xFF, 0xDF, 0x00, 0x00, 0x00, 0x00, 0x00, 0x00, 0x00, 0x00, 0x00, 0xF4, 0xFF, 0xFF, 0x03, 0xF8,
    0xFF, 0xFF, 0x00, 0x00, 0x00, 0x00, 0x00, 0x00, 0x00, 0x00, 0x00, 0xF4, 0xFF, 0xFF, 0x02, 0xF5,
    0xFF, 0xFF, 0x05, 0x00, 0x00, 0x00, 0x00, 0x00, 0x00, 0x00, 0x00, 0xF7, 0xFF, 0xFF, 0x01, 0xF0,
    0xFF, 0xFF, 0x0D, 0x00, 0x00, 0x00, 0x00, 0x00, 0x00, 0x00, 0x00, 0xFC, 0xFF, 0xEF, 0x00, 0x80,
    0xFF, 0xFF, 0x9F, 0x00, 0x00, 0x00, 0x00, 0x00, 0x00, 0x00, 0x50, 0xFF, 0xFF, 0x8F, 0x00, 0x10,
    0xFE, 0xFF, 0xFF, 0x1A, 0x00, 0x00, 0x00, 0x00, 0x00, 0x00, 0xF4, 0xFF, 0xFF, 0x2F, 0x00, 0x00,
    0xF4, 0xFF, 0xFF, 0xEF, 0x17, 0x00, 0x00, 0x00, 0x00, 0xA3, 0xFF, 0xFF, 0xFF, 0x08, 0x00, 0x00,
    0x60, 0xFF, 0xFF, 0xFF, 0xFF, 0xAD, 0x78, 0x87, 0xDA, 0xFF, 0xFF, 0xFF, 0xCF, 0x00, 0x00, 0x00,
    0x00, 0xE4, 0xFF, 0xFF, 0xFF, 0xFF, 0xFF, 0xFF, 0xFF, 0xFF, 0xFF, 0xFF, 0x0B, 0x00, 0x00, 0x00,
    0x00, 0x10, 0xFA, 0xFF, 0xFF, 0xFF, 0xFF, 0xFF, 0xFF, 0xFF, 0xFF, 0x7F, 0x00, 0x00, 0x00, 0x00,
    0x00, 0x00, 0x20, 0xE9, 0xFF, 0xFF, 0xFF, 0xFF, 0xFF, 0xFF, 0x8E, 0x02, 0x00, 0x00, 0x00, 0x00,
    0x00, 0x00, 0x00, 0x00, 0x84, 0xDB, 0xFE, 0xEF, 0xBD, 0x47, 0x00, 0x00, 0x00, 0x00, 0x00, 0xF9,
    0xFF, 0xFF, 0xFF, 0xFF, 0xFF, 0xFF, 0xFF, 0xFF, 0xFF, 0xFF, 0xFF, 0xFF, 0xFF, 0xFF, 0xFF, 0x04,
    0xF9, 0xFF, 0xFF, 0xFF, 0xFF, 0xFF, 0xFF, 0xFF, 0xFF, 0xFF, 0xFF, 0xFF, 0xFF, 0xFF, 0xFF, 0xFF,
    0x04, 0xF9, 0xFF, 0xFF, 0xFF, 0xFF, 0xFF, 0xFF, 0xFF, 0xFF, 0xFF, 0xFF, 0xFF, 0xFF, 0xFF, 0xFF,
    0xFF, 0x04, 0xF9, 0xFF, 0xFF, 0xFF, 0xFF, 0xFF, 0xFF, 0xFF, 0xFF, 0xFF, 0xFF, 0xFF, 0xFF, 0xFF,
    0xFF, 0xFF, 0x04, 0x74, 0x77, 0x77, 0x77, 0x77, 0x77, 0xA7, 0xFF, 0xFF, 0x7F, 0x77, 0x77, 0x77,
    0x77, 0x77, 0x77, 0x02, 0x00, 0x00, 0x00, 0x00, 0x00, 0x00, 0x60, 0xFF, 0xFF, 0x0F, 0x00, 0x00,
    0x00, 0x00, 0x00, 0x00, 0x00, 0x00, 0x00, 0x00, 0x00, 0x00, 0x00, 0x60, 0xFF, 0xFF, 0x0F, 0x00,
    0x00, 0x00, 0x00, 0x00, 0x00, 0x00, 0x00, 0x00, 0x00, 0x00, 0x00, 0x00, 0x60, 0xFF, 0xFF, 0x0F,
    0x00, 0x00, 0x00, 0x00, 0x00, 0x00, 0x00, 0x00, 0x00, 0x00, 0x00, 0x00, 0x00, 0x60, 0xFF, 0xFF,
    0x0F, 0x00, 0x00, 0x00, 0x00, 0x00, 0x00, 0x00, 0x00, 0x00, 0x00, 0x00, 0x00, 0x00, 0x60, 0xFF,
    0xFF, 0x0F, 0x00, 0x00, 0x00, 0x00, 0x00, 0x00, 0x00, 0x00, 0x00, 0x00, 0x00, 0x00, 0x00, 0x60,
    0xFF, 0xFF, 0x0F, 0x00, 0x00, 0x00, 0x00, 0x00, 0x00, 0x00, 0x00, 0x00, 0x00, 0x00, 0x00, 0x00,
    0x60, 0xFF, 0xFF, 0x0F, 0x00, 0x00, 0x00, 0x00, 0x00, 0x00, 0x00, 0x00, 0x00, 0x00, 0x00, 0x00,
    0x00, 0x60, 0xFF, 0xFF, 0x0F, 0x00, 0x00, 0x00, 0x00, 0x00, 0x00, 0x00, 0x00, 0x00, 0x00, 0x00,
    0x00, 0x00, 0x60, 0xFF, 0xFF, 0x0F, 0x00, 0x00, 0x00, 0x00, 0x00, 0x00, 0x00, 0x00, 0x00, 0x00,
    0x00, 0x00, 0x00, 0x60, 0xFF, 0xFF, 0x0F, 0x00, 0x00, 0x00, 0x00, 0x00, 0x00, 0x00, 0x00, 0x00,
    0x00, 0x00, 0x00, 0x00, 0x60, 0xFF, 0xFF, 0x0F, 0x00, 0x00, 0x00, 0x00, 0x00, 0x00, 0x00, 0x00,
    0x00, 0x00, 0x00, 0x00, 0x00, 0x60, 0xFF, 0xFF, 0x0F, 0x00, 0x00, 0x00, 0x00, 0x00, 0x00, 0x00,
    0x00, 0x00, 0x00, 0x00, 0x00, 0x00, 0x60, 0xFF, 0xFF, 0x0F, 0x00, 0x00, 0x00, 0x00, 0x00, 0x00,
    0x00, 0x00, 0x00, 0x00, 0x00, 0x00, 0x00, 0x60, 0xFF, 0xFF, 0x0F, 0x00, 0x00, 0x00, 0x00, 0x00,
    0x00, 0x00, 0x00, 0x00, 0x00, 0x00, 0x00, 0x00, 0x60, 0xFF, 0xFF, 0x0F, 0x00, 0x00, 0x00, 0x00,
    0x00, 0x00, 0x00, 0x00, 0x00, 0x00, 0x00, 0x00, 0x00, 0x60, 0xFF, 0xFF, 0x0F, 0x00, 0x00, 0x00,
    0x00, 0x00, 0x00, 0x00, 0x00, 0x00, 0x00, 0x00, 0x00, 0x00, 0x60, 0xFF, 0xFF, 0x0F, 0x00, 0x00,
    0x00, 0x00, 0x00, 0x00, 0x00, 0x00, 0x00, 0x00, 0x00, 0x00, 0x00, 0x60, 0xFF, 0xFF, 0x0F, 0x00,
    0x00, 0x00, 0x00, 0x00, 0x00, 0x00, 0x00, 0x00, 0x00, 0x00, 0x00, 0x00, 0x60, 0xFF, 0xFF, 0x0F,
    0x00, 0x00, 0x00, 0x00, 0x00, 0x00, 0x00, 0x00, 0x00, 0x00, 0x00, 0x00, 0x00, 0x60, 0xFF, 0xFF,
    0x0F, 0x00, 0x00, 0x00, 0x00, 0x00, 0x00, 0x00, 0x00, 0x00, 0x00, 0x00, 0x00, 0x00, 0x60, 0xFF,
    0xFF, 0x0F, 0x00, 0x00, 0x00, 0x00, 0x00, 0x00, 0x00, 0x00, 0x00, 0x00, 0x00, 0x00, 0x00, 0x60,
    0xFF, 0xFF, 0x0F, 0x00, 0x00, 0x00, 0x00, 0x00, 0x00, 0x00, 0x00, 0x00, 0x00, 0x00, 0x00, 0x00,
    0x60, 0xFF, 0xFF, 0x0F, 0x00, 0x00, 0x00, 0x00, 0x00, 0x00, 0x00, 0x00, 0x00, 0x00, 0x00, 0x00,
    0x00, 0x60, 0xFF, 0xFF, 0x0F, 0x00, 0x00, 0x00, 0x00, 0x00, 0x00, 0x00, 0x00, 0x00, 0x00, 0x00,
    0x00, 0x00, 0x60, 0xFF, 0xFF, 0x0F, 0x00, 0x00, 0x00, 0x00, 0x00, 0x00, 0x00, 0x00, 0x00, 0x00,
    0x00, 0x00, 0x00, 0x60, 0xFF, 0xFF, 0x0F, 0x00, 0x00, 0x00, 0x00, 0x00, 0x00, 0x00, 0x00, 0x00,
    0x00, 0x00, 0x00, 0x00, 0x60, 0xFF, 0xFF, 0x0F, 0x00, 0x00, 0x00, 0x00, 0x00, 0x00, 0x00, 0x00,
    0x00, 0x00, 0x00, 0x00, 0x00, 0x60, 0xFF, 0xFF, 0x0F, 0x00, 0x00, 0x00, 0x00, 0x00, 0x00, 0x00,
    0x00, 0x00, 0x00, 0x00, 0x00, 0x00, 0x60, 0xFF, 0xFF, 0x0F, 0x00, 0x00, 0x00, 0x00, 0x00, 0x00,
    0x00, 0x00, 0x00, 0x00, 0x00, 0x00, 0x00, 0x60, 0xFF, 0xFF, 0x0F, 0x00, 0x00, 0x00, 0x00, 0x00,
    0x00, 0x00, 0x00, 0x00, 0x00, 0x00, 0x00, 0x00, 0x60, 0xFF, 0xFF, 0x0F, 0x00, 0x00, 0x00, 0x00,
    0x00, 0x00, 0x00, 0x00, 0x00, 0x00, 0x00, 0x00, 0x00, 0x60, 0xFF, 0xFF, 0x0F, 0x00, 0x00, 0x00,
    0x00, 0x00, 0x00, 0x00, 0x00, 0x00, 0x00, 0x00, 0x00, 0x00, 0x60, 0xFF, 0xFF, 0x0F, 0x00, 0x00,
    0x00, 0x00, 0x00, 0x00, 0x00, 0x00, 0x00, 0x00, 0x00, 0x00, 0x00, 0x60, 0xFF, 0xFF, 0x0F, 0x00,
    0x00, 0x00, 0x00, 0x00, 0x00, 0x00, 0x00, 0x00, 0x00, 0x00, 0x00, 0x00, 0x60, 0xFF, 0xFF, 0x0F,
    0x00, 0x00, 0x00, 0x00, 0x00, 0x00, 0x00, 0x00, 0x00, 0x00, 0x00, 0x00, 0x00, 0x60, 0xFF, 0xFF,
    0x0F, 0x00, 0x00, 0x00, 0x00, 0x00, 0x00, 0x00, 0xF0, 0xFF, 0xFF, 0x05, 0x00, 0x00, 0x00, 0x00,
    0x00, 0x00, 0x00, 0x00, 0xA0, 0xFF, 0xFF, 0x0D, 0xF0, 0xFF, 0xFF, 0x05, 0x00, 0x00, 0x00, 0x00,
    0x00, 0x00, 0x00, 0x00, 0xA0, 0xFF, 0xFF, 0x0D, 0xF0, 0xFF, 0xFF, 0x05, 0x00, 0x00, 0x00, 0x00,
    0x00, 0x00, 0x00, 0x00, 0xA0, 0xFF, 0xFF, 0x0D, 0xF0, 0xFF, 0xFF, 0x05, 0x00, 0x00, 0x00, 0x00,
    0x00, 0x00, 0x00, 0x00, 0xA0, 0xFF, 0xFF, 0x0D, 0xF0, 0xFF, 0xFF, 0x05, 0x00, 0x00, 0x00, 0x00,
    0x00, 0x00, 0x00, 0x00, 0xA0, 0xFF, 0xFF, 0x0D, 0xF0, 0xFF, 0xFF, 0x05, 0x00, 0x00, 0x00, 0x00,
    0x00, 0x00, 0x00, 0x00, 0xA0, 0xFF, 0xFF, 0x0D, 0xF0, 0xFF, 0xFF, 0x05, 0x00, 0x00, 0x00, 0x00,
    0x00, 0x00, 0x00, 0x00, 0xA0, 0xFF, 0xFF, 0x0D, 0xF0, 0xFF, 0xFF, 0x05, 0x00, 0x00, 0x00, 0x00,
    0x00, 0x00, 0x00, 0x00, 0xA0, 0xFF, 0xFF, 0x0D, 0xF0, 0xFF, 0xFF, 0x05, 0x00, 0x00, 0x00, 0x00,
    0x00, 0x00, 0x00, 0x00, 0xA0, 0xFF, 0xFF, 0x0D, 0xF0, 0xFF, 0xFF, 0x05, 0x00, 0x00, 0x00, 0x00,
    0x00, 0x00, 0x00, 0x00, 0xA0, 0xFF, 0xFF, 0x0D, 0xF0, 0xFF, 0xFF, 0x05, 0x00, 0x00, 0x00, 0x00,
    0x00, 0x00, 0x00, 0x00, 0xA0, 0xFF, 0xFF, 0x0D, 0xF0, 0xFF, 0xFF, 0x05, 0x00, 0x00, 0x00, 0x00,
    0x00, 0x00, 0x00, 0x00, 0xA0, 0xFF, 0xFF, 0x0D, 0xF0, 0xFF, 0xFF, 0x05, 0x00, 0x00, 0x00, 0x00,
    0x00, 0x00, 0x00, 0x00, 0xA0, 0xFF, 0xFF, 0x0D, 0xF0, 0xFF, 0xFF, 0x05, 0x00, 0x00, 0x00, 0x00,
    0x00, 0x00, 0x00, 0x00, 0xA0, 0xFF, 0xFF, 0x0D, 0xF0, 0xFF, 0xFF, 0x05, 0x00, 0x00, 0x00, 0x00,
    0x00, 0x00, 0x00, 0x00, 0xA0, 0xFF, 0xFF, 0x0D, 0xF0, 0xFF, 0xFF, 0x05, 0x00, 0x00, 0x00, 0x00,
    0x00, 0x00, 0x00, 0x00, 0xA0, 0xFF, 0xFF, 0x0D, 0xF0, 0xFF, 0xFF, 0x05, 0x00, 0x00, 0x00, 0x00,
    0x00, 0x00, 0x00, 0x00, 0xA0, 0xFF, 0xFF, 0x0D, 0xF0, 0xFF, 0xFF, 0x05, 0x00, 0x00, 0x00, 0x00,
    0x00, 0x00, 0x00, 0x00, 0xA0, 0xFF, 0xFF, 0x0D, 0xF0, 0xFF, 0xFF, 0x05, 0x00, 0x00, 0x00, 0x00,
    0x00, 0x00, 0x00, 0x00, 0xA0, 0xFF, 0xFF, 0x0D, 0xF0, 0xFF, 0xFF, 0x05, 0x00, 0x00, 0x00, 0x00,
    0x00, 0x00, 0x00, 0x00, 0xA0, 0xFF, 0xFF, 0x0D, 0xF0, 0xFF, 0xFF, 0x05, 0x00, 0x00, 0x00, 0x00,
    0x00, 0x00, 0x00, 0x00, 0xA0, 0xFF, 0xFF, 0x0D, 0xF0, 0xFF, 0xFF, 0x05, 0x00, 0x00, 0x00, 0x00,
    0x00, 0x00, 0x00, 0x00, 0xA0, 0xFF, 0xFF, 0x0D, 0xF0, 0xFF, 0xFF, 0x05, 0x00, 0x00, 0x00, 0x00,
    0x00, 0x00, 0x00, 0x00, 0xA0, 0xFF, 0xFF, 0x0D, 0xF0, 0xFF, 0xFF, 0x05, 0x00, 0x00, 0x00, 0x00,
    0x00, 0x00, 0x00, 0x00, 0xA0, 0xFF, 0xFF, 0x0D, 0xF0, 0xFF, 0xFF, 0x05, 0x00, 0x00, 0x00, 0x00,
    0x00, 0x00, 0x00, 0x00, 0xA0, 0xFF, 0xFF, 0x0D, 0xF0, 0xFF, 0xFF, 0x05, 0x00, 0x00, 0x00, 0x00,
    0x00, 0x00, 0x00, 0x00, 0xA0, 0xFF, 0xFF, 0x0D, 0xF0, 0xFF, 0xFF, 0x05, 0x00, 0x00, 0x00, 0x00,
    0x00, 0x00, 0x00, 0x00, 0xA0, 0xFF, 0xFF, 0x0D, 0xF0, 0xFF, 0xFF, 0x05, 0x00, 0x00, 0x00, 0x00,
    0x00, 0x00, 0x00, 0x00, 0xA0, 0xFF, 0xFF, 0x0D, 0xF0, 0xFF, 0xFF, 0x05, 0x00, 0x00, 0x00, 0x00,
    0x00, 0x00, 0x00, 0x00, 0xB0, 0xFF, 0xFF, 0x0C, 0xE0, 0xFF, 0xFF, 0x07, 0x00, 0x00, 0x00, 0x00,
    0x00, 0x00, 0x00, 0x00, 0xC0, 0xFF, 0xFF, 0x0B, 0xD0, 0xFF, 0xFF, 0x09, 0x00, 0x00, 0x00, 0x00,
    0x00, 0x00, 0x00, 0x00, 0xE0, 0xFF, 0xFF, 0x09, 0xB0, 0xFF, 0xFF, 0x0D, 0x00, 0x00, 0x00, 0x00,
    0x00, 0x00, 0x00, 0x00, 0xF2, 0xFF, 0xFF, 0x06, 0x60, 0xFF, 0xFF, 0x2F, 0x00, 0x00, 0x00, 0x00,
    0x00, 0x00, 0x00, 0x00, 0xF7, 0xFF, 0xFF, 0x02, 0x20, 0xFF, 0xFF, 0xAF, 0x00, 0x00, 0x00, 0x00,
    0x00, 0x00, 0x00, 0x00, 0xFE, 0xFF, 0xDF, 0x00, 0x00, 0xFB, 0xFF, 0xFF, 0x05, 0x00, 0x00, 0x00,
    0x00, 0x00, 0x00, 0xA0, 0xFF, 0xFF, 0x5F, 0x00, 0x00, 0xF2, 0xFF, 0xFF, 0x6F, 0x00, 0x00, 0x00,
    0x00, 0x00, 0x00, 0xF9, 0xFF, 0xFF, 0x0D, 0x00, 0x00, 0x80, 0xFF, 0xFF, 0xFF, 0x3B, 0x00, 0x00,
    0x00, 0x00, 0xD5, 0xFF, 0xFF, 0xFF, 0x03, 0x00, 0x00, 0x00, 0xFA, 0xFF, 0xFF, 0xFF, 0xAE, 0x78,
    0x98, 0xFB, 0xFF, 0xFF, 0xFF, 0x5F, 0x00, 0x00, 0x00, 0x00, 0xA0, 0xFF, 0xFF, 0xFF, 0xFF, 0xFF,
    0xFF, 0xFF, 0xFF, 0xFF, 0xFF, 0x04, 0x00, 0x00, 0x00, 0x00, 0x00, 0xF6, 0xFF, 0xFF, 0xFF, 0xFF,
    0xFF, 0xFF, 0xFF, 0xFF, 0x2C, 0x00, 0x00, 0x00, 0x00, 0x00, 0x00, 0x10, 0xE8, 0xFF, 0xFF, 0xFF,
    0xFF, 0xFF, 0xFF, 0x5C, 0x00, 0x00, 0x00, 0x00, 0x00, 0x00, 0x00, 0x00, 0x00, 0x84, 0xDB, 0xFE,
    0xEF, 0x9C, 0x16, 0x00, 0x00, 0x00, 0x00, 0x00, 0xF0, 0xFF, 0xFF, 0x0E, 0x00, 0x00, 0x00, 0x00,
    0x00, 0x00, 0x00, 0x00, 0x00, 0x00, 0x00, 0xFE, 0xFF, 0xFF, 0x00, 0xA0, 0xFF, 0xFF, 0x3F, 0x00,
    0x00, 0x00, 0x00, 0x00, 0x00, 0x00, 0x00, 0x00, 0x00, 0x40, 0xFF, 0xFF, 0x9F, 0x00, 0x40, 0xFF,
    0xFF, 0x9F, 0x00, 0x00, 0x00, 0x00, 0x00, 0x00, 0x00, 0x00, 0x00, 0x00, 0xA0, 0xFF, 0xFF, 0x3F,
    0x00, 0x00, 0xFE, 0xFF, 0xEF, 0x00, 0x00, 0x00, 0x00, 0x00, 0x00, 0x00, 0x00, 0x00, 0x00, 0xF0,
    0xFF, 0xFF, 0x0D, 0x00, 0x00, 0xF8, 0xFF, 0xFF, 0x04, 0x00, 0x00, 0x00, 0x00, 0x00, 0x00, 0x00,
    0x00, 0x00, 0xF5, 0xFF, 0xFF, 0x07, 0x00, 0x00, 0xF2, 0xFF, 0xFF, 0x09, 0x00, 0x00, 0x00, 0x00,
    0x00, 0x00, 0x00, 0x00, 0x00, 0xFB, 0xFF, 0xFF, 0x02, 0x00, 0x00, 0xC0, 0xFF, 0xFF, 0x0F, 0x00,
    0x00, 0x00, 0x00, 0x00, 0x00, 0x00, 0x00, 0x10, 0xFF, 0xFF, 0xBF, 0x00, 0x00, 0x00, 0x60, 0xFF,
    0xFF, 0x5F, 0x00, 0x00, 0x00, 0x00, 0x00, 0x00, 0x00, 0x00, 0x60, 0xFF, 0xFF, 0x5F, 0x00, 0x00,
    0x00, 0x10, 0xFF, 0xFF, 0xAF, 0x00, 0x00, 0x00, 0x00, 0x00, 0x00, 0x00, 0x00, 0xB0, 0xFF, 0xFF,
    0x0F, 0x00, 0x00, 0x00, 0x00, 0xFA, 0xFF, 0xFF, 0x00, 0x00, 0x00, 0x00, 0x00, 0x00, 0x00, 0x00,
    0xF1, 0xFF, 0xFF, 0x0A, 0x00, 0x00, 0x00, 0x00, 0xF4, 0xFF, 0xFF, 0x05, 0x00, 0x00, 0x00, 0x00,
    0x00, 0x00, 0x00, 0xF7, 0xFF, 0xFF, 0x04, 0x00, 0x00, 0x00, 0x00, 0xE0, 0xFF, 0xFF, 0x0B, 0x00,
    0x00, 0x00, 0x00, 0x00, 0x00, 0x00, 0xFC, 0xFF, 0xDF, 0x00, 0x00, 0x00, 0x00, 0x00, 0x80, 0xFF,
    0xFF, 0x1F, 0x00, 0x00, 0x00, 0x00, 0x00, 0x00, 0x20, 0xFF, 0xFF, 0x8F, 0x00, 0x00, 0x00, 0x00,
    0x00, 0x20, 0xFF, 0xFF, 0x6F, 0x00, 0x00, 0x00, 0x00, 0x00, 0x00, 0x70, 0xFF, 0xFF, 0x2F, 0x00,
    0x00, 0x00, 0x00, 0x00, 0x00, 0xFC, 0xFF, 0xBF, 0x00, 0x00, 0x00, 0x00, 0x00, 0x00, 0xD0, 0xFF,
    0xFF, 0x0C, 0x00, 0x00, 0x00, 0x00, 0x00, 0x00, 0xF6, 0xFF, 0xFF, 0x01, 0x00, 0x00, 0x00, 0x00,
    0x00, 0xF2, 0xFF, 0xFF, 0x06, 0x00, 0x00, 0x00, 0x00, 0x00, 0x00, 0xF1, 0xFF, 0xFF, 0x06, 0x00,
    0x00, 0x00, 0x00, 0x00, 0xF8, 0xFF, 0xFF, 0x00, 0x00, 0x00, 0x00, 0x00, 0x00, 0x00, 0xB0, 0xFF,
    0xFF, 0x0C, 0x00, 0x00, 0x00, 0x00, 0x00, 0xFE, 0xFF, 0xAF, 0x00, 0x00, 0x00, 0x00, 0x00, 0x00,
    0x00, 0x50, 0xFF, 0xFF, 0x2F, 0x00, 0x00, 0x00, 0x00, 0x30, 0xFF, 0xFF, 0x4F, 0x00, 0x00, 0x00,
    0x00, 0x00, 0x00, 0x00, 0x00, 0xFE, 0xFF, 0x7F, 0x00, 0x00, 0x00, 0x00, 0x90, 0xFF, 0xFF, 0x0E,
    0x00, 0x00, 0x00, 0x00, 0x00, 0x00, 0x00, 0x00, 0xF9, 0xFF, 0xDF, 0x00, 0x00, 0x00, 0x00, 0xE0,
    0xFF, 0xFF, 0x08, 0x00, 0x00, 0x00, 0x00, 0x00, 0x00, 0x00, 0x00, 0xF3, 0xFF, 0xFF, 0x02, 0x00,
    0x00, 0x00, 0xF4, 0xFF, 0xFF, 0x02, 0x00, 0x00, 0x00, 0x00, 0x00, 0x00, 0x00, 0x00, 0xD0, 0xFF,
    0xFF, 0x08, 0x00, 0x00, 0x00, 0xF9, 0xFF, 0xCF, 0x00, 0x00, 0x00, 0x00, 0x00, 0x00, 0x00, 0x00,
    0x00, 0x70, 0xFF, 0xFF, 0x0D, 0x00, 0x00, 0x00, 0xFF, 0xFF, 0x6F, 0x00, 0x00, 0x00, 0x00, 0x00,
    0x00, 0x00, 0x00, 0x00, 0x10, 0xFF, 0xFF, 0x3F, 0x00, 0x00, 0x50, 0xFF, 0xFF, 0x1F, 0x00, 0x00,
    0x00, 0x00, 0x00, 0x00, 0x00, 0x00, 0x00, 0x00, 0xFB, 0xFF, 0x8F, 0x00, 0x00, 0xA0, 0xFF, 0xFF,
    0x0A, 0x00, 0x00, 0x00, 0x00, 0x00, 0x00, 0x00, 0x00, 0x00, 0x00, 0xF5, 0xFF, 0xEF, 0x00, 0x00,
    0xF0, 0xFF, 0xFF, 0x04, 0x00, 0x00, 0x00, 0x00, 0x00, 0x00, 0x00, 0x00, 0x00, 0x00, 0xE0, 0xFF,
    0xFF, 0x03, 0x00, 0xF5, 0xFF, 0xEF, 0x00, 0x00, 0x00, 0x00, 0x00, 0x00, 0x00, 0x00, 0x00, 0x00,
    0x00, 0x90, 0xFF, 0xFF, 0x09, 0x00, 0xFB, 0xFF, 0x8F, 0x00, 0x00, 0x00, 0x00, 0x00, 0x00, 0x00,
    0x00, 0x00, 0x00, 0x00, 0x30, 0xFF, 0xFF, 0x0E, 0x10, 0xFF, 0xFF, 0x2F, 0x00, 0x00, 0x00, 0x00,
    0x00, 0x00, 0x00, 0x00, 0x00, 0x00, 0x00, 0x00, 0xFD, 0xFF, 0x4F, 0x60, 0xFF, 0xFF, 0x0C, 0x00,
    0x00, 0x00, 0x00, 0x00, 0x00, 0x00, 0x00, 0x00, 0x00, 0x00, 0x00, 0xF7, 0xFF, 0xAF, 0xC0, 0xFF,
    0xFF, 0x06, 0x00, 0x00, 0x00, 0x00, 0x00, 0x00, 0x00, 0x00, 0x00, 0x00, 0x00, 0x00, 0xF1, 0xFF,
    0xFF, 0xF2, 0xFF, 0xFF, 0x01, 0x00, 0x00, 0x00, 0x00, 0x00, 0x00, 0x00, 0x00, 0x00, 0x00, 0x00,
    0x00, 0xB0, 0xFF, 0xFF, 0xFC, 0xFF, 0xAF, 0x00, 0x00, 0x00, 0x00, 0x00, 0x00, 0x00, 0x00, 0x00,
    0x00, 0x00, 0x00, 0x00, 0x50, 0xFF, 0xFF, 0xFF, 0xFF, 0x4F, 0x00, 0x00, 0x00, 0x00, 0x00, 0x00,
    0x00, 0x00, 0x00, 0x00, 0x00, 0x00, 0x00, 0x00, 0xFF, 0xFF, 0xFF, 0xFF, 0x0E, 0x00, 0x00, 0x00,
    0x00, 0x00, 0x00, 0x00, 0x00, 0x00, 0x00, 0x00, 0x00, 0x00, 0x00, 0xF9, 0xFF, 0xFF, 0xFF, 0x08,
    0x00, 0x00, 0x00, 0x00, 0x00, 0x00, 0x00, 0x00, 0x00, 0x00, 0x00, 0x00, 0x00, 0x00, 0xF3, 0xFF,
    0xFF, 0xFF, 0x02, 0x00, 0x00, 0x00, 0x00, 0x00, 0x00, 0x00, 0x00, 0x00, 0x00, 0x00, 0x00, 0x00,
    0x00, 0xD0, 0xFF, 0xFF, 0xCF, 0x00, 0x00, 0x00, 0x00, 0x00, 0x00, 0x00, 0x00, 0x00, 0x00, 0x00,
    0x00, 0x00, 0x00, 0x00, 0x70, 0xFF, 0xFF, 0x6F, 0x00, 0x00, 0x00, 0x00, 0x00, 0x00, 0x00, 0x00,
    0x00, 0x00, 0x00, 0x00, 0x00, 0x00, 0x00, 0x20, 0xFF, 0xFF, 0x1F, 0x00, 0x00, 0x00, 0x00, 0x00,
    0x00, 0x00, 0x00, 0xF2, 0xFF, 0xFF, 0x04, 0x00, 0x00, 0x00, 0x00, 0x00, 0x00, 0x00, 0xF5, 0xFF,
    0x8F, 0x00, 0x00, 0x00, 0x00, 0x00, 0x00, 0x00, 0x50, 0xFF, 0xFF, 0x1F, 0xE0, 0xFF, 0xFF, 0x08,
    0x00, 0x00, 0x00, 0x00, 0x00, 0x00, 0x00, 0xFA, 0xFF, 0xCF, 0x00, 0x00, 0x00, 0x00, 0x00, 0x00,
    0x00, 0x90, 0xFF, 0xFF, 0x0D, 0xA0, 0xFF, 0xFF, 0x0B, 0x00, 0x00, 0x00, 0x00, 0x00, 0x00, 0x00,
    0xFE, 0xFF, 0xFF, 0x01, 0x00, 0x00, 0x00, 0x00, 0x00, 0x00, 0xD0, 0xFF, 0xFF, 0x09, 0x60, 0xFF,
    0xFF, 0x0F, 0x00, 0x00, 0x00, 0x00, 0x00, 0x00, 0x30, 0xFF, 0xFF, 0xFF, 0x05, 0x00, 0x00, 0x00,
    0x00, 0x00, 0x00, 0xF0, 0xFF, 0xFF, 0x05, 0x20, 0xFF, 0xFF, 0x3F, 0x00, 0x00, 0x00, 0x00, 0x00,
    0x00, 0x70, 0xFF, 0xFF, 0xFF, 0x09, 0x00, 0x00, 0x00, 0x00, 0x00, 0x00, 0xF4, 0xFF, 0xFF, 0x01,
    0x00, 0xFE, 0xFF, 0x7F, 0x00, 0x00, 0x00, 0x00, 0x00, 0x00, 0xC0, 0xFF, 0xFF, 0xFF, 0x0E, 0x00,
    0x00, 0x00, 0x00, 0x00, 0x00, 0xF8, 0xFF, 0xEF, 0x00, 0x00, 0xFB, 0xFF, 0xAF, 0x00, 0x00, 0x00,
    0x00, 0x00, 0x00, 0xF1, 0xFF, 0xFF, 0xFF, 0x2F, 0x00, 0x00, 0x00, 0x00, 0x00, 0x00, 0xFB, 0xFF,
    0xAF, 0x00, 0x00, 0xF7, 0xFF, 0xEF, 0x00, 0x00, 0x00, 0x00, 0x00, 0x00, 0xF5, 0xFF, 0xFF, 0xFF,
    0x7F, 0x00, 0x00, 0x00, 0x00, 0x00, 0x00, 0xFF, 0xFF, 0x6F, 0x00, 0x00, 0xF3, 0xFF, 0xFF, 0x02,
    0x00, 0x00, 0x00, 0x00, 0x00, 0xFA, 0xFF, 0xDF, 0xFF, 0xBF, 0x00, 0x00, 0x00, 0x00, 0x00, 0x30,
    0xFF, 0xFF, 0x2F, 0x00, 0x00, 0xF0, 0xFF, 0xFF, 0x05, 0x00, 0x00, 0x00, 0x00, 0x00, 0xFE, 0xFF,
    0x9C, 0xFF, 0xFF, 0x00, 0x00, 0x00, 0x00, 0x00, 0x60, 0xFF, 0xFF, 0x0E, 0x00, 0x00, 0xB0, 0xFF,
    0xFF, 0x09, 0x00, 0x00, 0x00, 0x00, 0x30, 0xFF, 0xFF, 0x59, 0xFF, 0xFF, 0x04, 0x00, 0x00, 0x00,
    0x00, 0xA0, 0xFF, 0xFF, 0x0A, 0x00, 0x00, 0x70, 0xFF, 0xFF, 0x0D, 0x00, 0x00, 0x00, 0x00, 0x70,
    0xFF, 0xFF, 0x25, 0xFF, 0xFF, 0x09, 0x00, 0x00, 0x00, 0x00, 0xE0, 0xFF, 0xFF, 0x06, 0x00, 0x00,
    0x30, 0xFF, 0xFF, 0x1F, 0x00, 0x00, 0x00, 0x00, 0xC0, 0xFF, 0xFF, 0x01, 0xFD, 0xFF, 0x0D, 0x00,
    0x00, 0x00, 0x00, 0xF1, 0xFF, 0xFF, 0x02, 0x00, 0x00, 0x00, 0xFF, 0xFF, 0x4F, 0x00, 0x00, 0x00,
    0x00, 0xF1, 0xFF, 0xCF, 0x00, 0xF8, 0xFF, 0x2F, 0x00, 0x00, 0x00, 0x00, 0xF5, 0xFF, 0xEF, 0x00,
    0x00, 0x00, 0x00, 0xFB, 0xFF, 0x8F, 0x00, 0x00, 0x00, 0x00, 0xF5, 0xFF, 0x7F, 0x00, 0xF4, 0xFF,
    0x6F, 0x00, 0x00, 0x00, 0x00, 0xF9, 0xFF, 0xAF, 0x00, 0x00, 0x00, 0x00, 0xF8, 0xFF, 0xCF, 0x00,
    0x00, 0x00, 0x00, 0xF9, 0xFF, 0x2F, 0x00, 0xF0, 0xFF, 0xAF, 0x00, 0x00, 0x00, 0x00, 0xFC, 0xFF,
    0x6F, 0x00, 0x00, 0x00, 0x00, 0xF4, 0xFF, 0xFF, 0x00, 0x00, 0x00, 0x00, 0xFE, 0xFF, 0x0D, 0x00,
    0xB0, 0xFF, 0xFF, 0x00, 0x00, 0x00, 0x00, 0xFF, 0xFF, 0x3F, 0x00, 0x00, 0x00, 0x00, 0xF0, 0xFF,
    0xFF, 0x03, 0x00, 0x00, 0x30, 0xFF, 0xFF, 0x09, 0x00, 0x60, 0xFF, 0xFF, 0x03, 0x00, 0x00, 0x40,
    0xFF, 0xFF, 0x0F, 0x00, 0x00, 0x00, 0x00, 0xC0, 0xFF, 0xFF, 0x07, 0x00, 0x00, 0x70, 0xFF, 0xFF,
    0x04, 0x00, 0x20, 0xFF, 0xFF, 0x08, 0x00, 0x00, 0x70, 0xFF, 0xFF, 0x0B, 0x00, 0x00, 0x00, 0x00,
    0x80, 0xFF, 0xFF, 0x0A, 0x00, 0x00, 0xC0, 0xFF, 0xFF, 0x00, 0x00, 0x00, 0xFD, 0xFF, 0x0C, 0x00,
    0x00, 0xB0, 0xFF, 0xFF, 0x07, 0x00, 0x00, 0x00, 0x00, 0x40, 0xFF, 0xFF, 0x0E, 0x00, 0x00, 0xF1,
    0xFF, 0xBF, 0x00, 0x00, 0x00, 0xF9, 0xFF, 0x1F, 0x00, 0x00, 0xE0, 0xFF, 0xFF, 0x03, 0x00, 0x00,
    0x00, 0x00, 0x00, 0xFF, 0xFF, 0x2F, 0x00, 0x00, 0xF5, 0xFF, 0x6F, 0x00, 0x00, 0x00, 0xF4, 0xFF,
    0x5F, 0x00, 0x00, 0xF2, 0xFF, 0xFF, 0x00, 0x00, 0x00, 0x00, 0x00, 0x00, 0xFC, 0xFF, 0x6F, 0x00,
    0x00, 0xF9, 0xFF, 0x1F, 0x00, 0x00, 0x00, 0xF0, 0xFF, 0xAF, 0x00, 0x00, 0xF6, 0xFF, 0xBF, 0x00,
    0x00, 0x00, 0x00, 0x00, 0x00, 0xF8, 0xFF, 0x9F, 0x00, 0x00, 0xFE, 0xFF, 0x0C, 0x00, 0x00, 0x00,
    0xB0, 0xFF, 0xEF, 0x00, 0x00, 0xF9, 0xFF, 0x7F, 0x00, 0x00, 0x00, 0x00, 0x00, 0x00, 0xF4, 0xFF,
    0xDF, 0x00, 0x30, 0xFF, 0xFF, 0x08, 0x00, 0x00, 0x00, 0x60, 0xFF, 0xFF, 0x02, 0x00, 0xFD, 0xFF,
    0x3F, 0x00, 0x00, 0x00, 0x00, 0x00, 0x00, 0xF1, 0xFF, 0xFF, 0x01, 0x70, 0xFF, 0xFF, 0x03, 0x00,
    0x00, 0x00, 0x20, 0xFF, 0xFF, 0x07, 0x10, 0xFF, 0xFF, 0x0F, 0x00, 0x00, 0x00, 0x00, 0x00, 0x00,
    0xD0, 0xFF, 0xFF, 0x04, 0xC0, 0xFF, 0xEF, 0x00, 0x00, 0x00, 0x00, 0x00, 0xFD, 0xFF, 0x0B, 0x40,
    0xFF, 0xFF, 0x0C, 0x00, 0x00, 0x00, 0x00, 0x00, 0x00, 0x90, 0xFF, 0xFF, 0x08, 0xF0, 0xFF, 0xAF,
    0x00, 0x00, 0x00, 0x00, 0x00, 0xF9, 0xFF, 0x0F, 0x80, 0xFF, 0xFF, 0x08, 0x00, 0x00, 0x00, 0x00,
    0x00, 0x00, 0x50, 0xFF, 0xFF, 0x0B, 0xF5, 0xFF, 0x5F, 0x00, 0x00, 0x00, 0x00, 0x00, 0xF4, 0xFF,
    0x4F, 0xB0, 0xFF, 0xFF, 0x04, 0x00, 0x00, 0x00, 0x00, 0x00, 0x00, 0x10, 0xFF, 0xFF, 0x0E, 0xF9,
    0xFF, 0x0F, 0x00, 0x00, 0x00, 0x00, 0x00, 0xF0, 0xFF, 0x8F, 0xE0, 0xFF, 0xFF, 0x00, 0x00, 0x00,
    0x00, 0x00, 0x00, 0x00, 0x00, 0xFD, 0xFF, 0x0F, 0xFD, 0xFF, 0x0B, 0x00, 0x00, 0x00, 0x00, 0x00,
    0xB0, 0xFF, 0xCF, 0xF0, 0xFF, 0xCF, 0x00, 0x00, 0x00, 0x00, 0x00, 0x00, 0x00, 0x00, 0xF9, 0xFF,
    0x3F, 0xFF, 0xFF, 0x07, 0x00, 0x00, 0x00, 0x00, 0x00, 0x70, 0xFF, 0xFF, 0xF3, 0xFF, 0x8F, 0x00,
    0x00, 0x00, 0x00, 0x00, 0x00, 0x00, 0x00, 0xF5, 0xFF, 0x9F, 0xFF, 0xFF, 0x02, 0x00, 0x00, 0x00,
    0x00, 0x00, 0x20, 0xFF, 0xFF, 0xF9, 0xFF, 0x4F, 0x00, 0x00, 0x00, 0x00, 0x00, 0x00, 0x00, 0x00,
    0xF1, 0xFF, 0xFF, 0xFF, 0xDF, 0x00, 0x00, 0x00, 0x00, 0x00, 0x00, 0x00, 0xFD, 0xFF, 0xFF, 0xFF,
    0x0F, 0x00, 0x00, 0x00, 0x00, 0x00, 0x00, 0x00, 0x00, 0xE0, 0xFF, 0xFF, 0xFF, 0x9F, 0x00, 0x00,
    0x00, 0x00, 0x00, 0x00, 0x00, 0xF9, 0xFF, 0xFF, 0xFF, 0x0C, 0x00, 0x00, 0x00, 0x00, 0x00, 0x00,
    0x00, 0x00, 0xA0, 0xFF, 0xFF, 0xFF, 0x4F, 0x00, 0x00, 0x00, 0x00, 0x00, 0x00, 0x00, 0xF4, 0xFF,
    0xFF, 0xFF, 0x08, 0x00, 0x00, 0x00, 0x00, 0x00, 0x00, 0x00, 0x00, 0x60, 0xFF, 0xFF, 0xFF, 0x0F,
    0x00, 0x00, 0x00, 0x00, 0x00, 0x00, 0x00, 0xF0, 0xFF, 0xFF, 0xFF, 0x05, 0x00, 0x00, 0x00, 0x00,
    0x00, 0x00, 0x00, 0x00, 0x20, 0xFF, 0xFF, 0xFF, 0x0A, 0x00, 0x00, 0x00, 0x00, 0x00, 0x00, 0x00,
    0xB0, 0xFF, 0xFF, 0xFF, 0x01, 0x00, 0x00, 0x00, 0x00, 0x00, 0x00, 0x00, 0x00, 0x00, 0xFE, 0xFF,
    0xFF, 0x06, 0x00, 0x00, 0x00, 0x00, 0x00, 0x00, 0x00, 0x70, 0xFF, 0xFF, 0xDF, 0x00, 0x00, 0x00,
    0x00, 0x00, 0x00, 0x00, 0x00, 0x00, 0x00, 0xFA, 0xFF, 0xFF, 0x01, 0x00, 0x00, 0x00, 0x00, 0x00,
    0x00, 0x00, 0x20, 0xFF, 0xFF, 0x9F, 0x00, 0x00, 0x00, 0x00, 0x00, 0x00, 0x00, 0x00, 0x00, 0x00,
    0xF6, 0xFF, 0xCF, 0x00, 0x00, 0x00, 0x00, 0x00, 0x00, 0x00, 0x00, 0x00, 0xFE, 0xFF, 0x5F, 0x00,
    0x00, 0x00, 0x00, 0x00, 0xC0, 0xFF, 0xFF, 0x9F, 0x00, 0x00, 0x00, 0x00, 0x00, 0x00, 0x00, 0x00,
    0x00, 0xF3, 0xFF, 0xFF, 0x3F, 0x20, 0xFF, 0xFF, 0xFF, 0x03, 0x00, 0x00, 0x00, 0x00, 0x00, 0x00,
    0x00, 0x00, 0xFC, 0xFF, 0xFF, 0x08, 0x00, 0xF7, 0xFF, 0xFF, 0x0D, 0x00, 0x00, 0x00, 0x00, 0x00,
    0x00, 0x00, 0x70, 0xFF, 0xFF, 0xDF, 0x00, 0x00, 0xC0, 0xFF, 0xFF, 0x8F, 0x00, 0x00, 0x00, 0x00,
    0x00, 0x00, 0x00, 0xF1, 0xFF, 0xFF, 0x4F, 0x00, 0x00, 0x30, 0xFF, 0xFF, 0xFF, 0x02, 0x00, 0x00,
    0x00, 0x00, 0x00, 0x00, 0xFB, 0xFF, 0xFF, 0x0A, 0x00, 0x00, 0x00, 0xF8, 0xFF, 0xFF, 0x0C, 0x00,
    0x00, 0x00, 0x00, 0x00, 0x50, 0xFF, 0xFF, 0xEF, 0x01, 0x00, 0x00, 0x00, 0xD0, 0xFF, 0xFF, 0x6F,
    0x00, 0x00, 0x00, 0x00, 0x00, 0xE0, 0xFF, 0xFF, 0x5F, 0x00, 0x00, 0x00, 0x00, 0x40, 0xFF, 0xFF,
    0xFF, 0x01, 0x00, 0x00, 0x00, 0x00, 0xF9, 0xFF, 0xFF, 0x0B, 0x00, 0x00, 0x00, 0x00, 0x00, 0xF9,
    0xFF, 0xFF, 0x0A, 0x00, 0x00, 0x00, 0x30, 0xFF, 0xFF, 0xFF, 0x01, 0x00, 0x00, 0x00, 0x00, 0x00,
    0xE1, 0xFF, 0xFF, 0x4F, 0x00, 0x00, 0x00, 0xD0, 0xFF, 0xFF, 0x6F, 0x00, 0x00, 0x00, 0x00, 0x00,
    0x00, 0x50, 0xFF, 0xFF, 0xEF, 0x00, 0x00, 0x00, 0xF7, 0xFF, 0xFF, 0x0C, 0x00, 0x00, 0x00, 0x00,
    0x00, 0x00, 0x00, 0xFB, 0xFF, 0xFF, 0x09, 0x00, 0x20, 0xFF, 0xFF, 0xFF, 0x02, 0x00, 0x00, 0x00,
    0x00, 0x00, 0x00, 0x00, 0xF1, 0xFF, 0xFF, 0x3F, 0x00, 0xB0, 0xFF, 0xFF, 0x8F, 0x00, 0x00, 0x00,
    0x00, 0x00, 0x00, 0x00, 0x00, 0x60, 0xFF, 0xFF, 0xCF, 0x00, 0xF5, 0xFF, 0xFF, 0x0D, 0x00, 0x00,
    0x00, 0x00, 0x00, 0x00, 0x00, 0x00, 0x00, 0xFC, 0xFF, 0xFF, 0x17, 0xFE, 0xFF, 0xFF, 0x03, 0x00,
    0x00, 0x00, 0x00, 0x00, 0x00, 0x00, 0x00, 0x00, 0xF2, 0xFF, 0xFF, 0xBF, 0xFF, 0xFF, 0x9F, 0x00,
    0x00, 0x00, 0x00, 0x00, 0x00, 0x00, 0x00, 0x00, 0x00, 0x70, 0xFF, 0xFF, 0xFF, 0xFF, 0xFF, 0x0E,
    0x00, 0x00, 0x00, 0x00, 0x00, 0x00, 0x00, 0x00, 0x00, 0x00, 0x00, 0xFD, 0xFF, 0xFF, 0xFF, 0xFF,
    0x04, 0x00, 0x00, 0x00, 0x00, 0x00, 0x00, 0x00, 0x00, 0x00, 0x00, 0x00, 0xF3, 0xFF, 0xFF, 0xFF,
    0xAF, 0x00, 0x00, 0x00, 0x00, 0x00, 0x00, 0x00, 0x00, 0x00, 0x00, 0x00, 0x00, 0x80, 0xFF, 0xFF,
    0xFF, 0x1E, 0x00, 0x00, 0x00, 0x00, 0x00, 0x00, 0x00, 0x00, 0x00, 0x00, 0x00, 0x00, 0x30, 0xFF,
    0xFF, 0xFF, 0x0A, 0x00, 0x00, 0x00, 0x00, 0x00, 0x00, 0x00, 0x00, 0x00, 0x00, 0x00, 0x00, 0xC0,
    0xFF, 0xFF, 0xFF, 0x4F, 0x00, 0x00, 0x00, 0x00, 0x00, 0x00, 0x00, 0x00, 0x00, 0x00, 0x00, 0x00,
    0xF6, 0xFF, 0xFF, 0xFF, 0xDF, 0x00, 0x00, 0x00, 0x00, 0x00, 0x00, 0x00, 0x00, 0x00, 0x00, 0x00,
    0x10, 0xFF, 0xFF, 0xFF, 0xFF, 0xFF, 0x08, 0x00, 0x00, 0x00, 0x00, 0x00, 0x00, 0x00, 0x00, 0x00,
    0x00, 0xB0, 0xFF, 0xFF, 0xFF, 0xFF, 0xFF, 0x3F, 0x00, 0x00, 0x00, 0x00, 0x00, 0x00, 0x00, 0x00,
    0x00, 0x00, 0xF5, 0xFF, 0xFF, 0x7D, 0xFF, 0xFF, 0xDF, 0x00, 0x00, 0x00, 0x00, 0x00, 0x00, 0x00,
    0x00, 0x00, 0x10, 0xFE, 0xFF, 0xFF, 0x04, 0xFC, 0xFF, 0xFF, 0x07, 0x00, 0x00, 0x00, 0x00, 0x00,
    0x00, 0x00, 0x00, 0xA0, 0xFF, 0xFF, 0xAF, 0x00, 0xF3, 0xFF, 0xFF, 0x2F, 0x00, 0x00, 0x00, 0x00,
    0x00, 0x00, 0x00, 0x00, 0xF4, 0xFF, 0xFF, 0x1E, 0x00, 0x80, 0xFF, 0xFF, 0xCF, 0x00, 0x00, 0x00,
    0x00, 0x00, 0x00, 0x00, 0x00, 0xFE, 0xFF, 0xFF, 0x05, 0x00, 0x00, 0xFD, 0xFF, 0xFF, 0x06, 0x00,
    0x00, 0x00, 0x00, 0x00, 0x00, 0x90, 0xFF, 0xFF, 0xBF, 0x00, 0x00, 0x00, 0xF4, 0xFF, 0xFF, 0x1F,
    0x00, 0x00, 0x00, 0x00, 0x00, 0x00, 0xF3, 0xFF, 0xFF, 0x2F, 0x00, 0x00, 0x00, 0xA0, 0xFF, 0xFF,
    0xBF, 0x00, 0x00, 0x00, 0x00, 0x00, 0x00, 0xFD, 0xFF, 0xFF, 0x07, 0x00, 0x00, 0x00, 0x10, 0xFE,
    0xFF, 0xFF, 0x05, 0x00, 0x00, 0x00, 0x00, 0x80, 0xFF, 0xFF, 0xCF, 0x00, 0x00, 0x00, 0x00, 0x00,
    0xF6, 0xFF, 0xFF, 0x1E, 0x00, 0x00, 0x00, 0x00, 0xF3, 0xFF, 0xFF, 0x3F, 0x00, 0x00, 0x00, 0x00,
    0x00, 0xB0, 0xFF, 0xFF, 0xAF, 0x00, 0x00, 0x00, 0x00, 0xFD, 0xFF, 0xFF, 0x08, 0x00, 0x00, 0x00,
    0x00, 0x00, 0x20, 0xFF, 0xFF, 0xFF, 0x04, 0x00, 0x00, 0x70, 0xFF, 0xFF, 0xDF, 0x00, 0x00, 0x00,
    0x00, 0x00, 0x00, 0x00, 0xF7, 0xFF, 0xFF, 0x0E, 0x00, 0x00, 0xF2, 0xFF, 0xFF, 0x4F, 0x00, 0x00,
    0x00, 0x00, 0x00, 0x00, 0x00, 0xD0, 0xFF, 0xFF, 0x9F, 0x00, 0x00, 0xFC, 0xFF, 0xFF, 0x0A, 0x00,
    0x00, 0x00, 0x00, 0x00, 0x00, 0x00, 0x30, 0xFF, 0xFF, 0xFF, 0x03, 0x60, 0xFF, 0xFF, 0xEF, 0x01,
    0x00, 0x00, 0x00, 0x00, 0x00, 0x00, 0x00, 0x00, 0xF9, 0xFF, 0xFF, 0x0D, 0xF1, 0xFF, 0xFF, 0x5F,
    0x00, 0x00, 0x00, 0x00, 0x00, 0x00, 0x00, 0x00, 0x00, 0xE0, 0xFF, 0xFF, 0x8F, 0xF4, 0xFF, 0xFF,
    0x0E, 0x00, 0x00, 0x00, 0x00, 0x00, 0x00, 0x00, 0x00, 0x00, 0x20, 0xFF, 0xFF, 0xFF, 0x01, 0xB0,
    0xFF, 0xFF, 0x6F, 0x00, 0x00, 0x00, 0x00, 0x00, 0x00, 0x00, 0x00, 0x00, 0xA0, 0xFF, 0xFF, 0x7F,
    0x00, 0x30, 0xFF, 0xFF, 0xEF, 0x00, 0x00, 0x00, 0x00, 0x00, 0x00, 0x00, 0x00, 0x00, 0xF3, 0xFF,
    0xFF, 0x0E, 0x00, 0x00, 0xFA, 0xFF, 0xFF, 0x07, 0x00, 0x00, 0x00, 0x00, 0x00, 0x00, 0x00, 0x00,
    0xFB, 0xFF, 0xFF, 0x05, 0x00, 0x00, 0xF1, 0xFF, 0xFF, 0x0E, 0x00, 0x00, 0x00, 0x00, 0x00, 0x00,
    0x00, 0x30, 0xFF, 0xFF, 0xCF, 0x00, 0x00, 0x00, 0x80, 0xFF, 0xFF, 0x8F, 0x00, 0x00, 0x00, 0x00,
    0x00, 0x00, 0x00, 0xC0, 0xFF, 0xFF, 0x4F, 0x00, 0x00, 0x00, 0x00, 0xFE, 0xFF, 0xFF, 0x01, 0x00,
    0x00, 0x00, 0x00, 0x00, 0x00, 0xF4, 0xFF, 0xFF, 0x0B, 0x00, 0x00, 0x00, 0x00, 0xF6, 0xFF, 0xFF,
    0x08, 0x00, 0x00, 0x00, 0x00, 0x00, 0x00, 0xFC, 0xFF, 0xFF, 0x02, 0x00, 0x00, 0x00, 0x00, 0xD0,
    0xFF, 0xFF, 0x1F, 0x00, 0x00, 0x00, 0x00, 0x00, 0x50, 0xFF, 0xFF, 0x9F, 0x00, 0x00, 0x00, 0x00,
    0x00, 0x50, 0xFF, 0xFF, 0x9F, 0x00, 0x00, 0x00, 0x00, 0x00, 0xD0, 0xFF, 0xFF, 0x1F, 0x00, 0x00,
    0x00, 0x00, 0x00, 0x00, 0xFC, 0xFF, 0xFF, 0x02, 0x00, 0x00, 0x00, 0x00, 0xF5, 0xFF, 0xFF, 0x07,
    0x00, 0x00, 0x00, 0x00, 0x00, 0x00, 0xF3, 0xFF, 0xFF, 0x0A, 0x00, 0x00, 0x00, 0x00, 0xFD, 0xFF,
    0xEF, 0x00, 0x00, 0x00, 0x00, 0x00, 0x00, 0x00, 0xA0, 0xFF, 0xFF, 0x2F, 0x00, 0x00, 0x00, 0x60,
    0xFF, 0xFF, 0x6F, 0x00, 0x00, 0x00, 0x00, 0x00, 0x00, 0x00, 0x20, 0xFF, 0xFF, 0xAF, 0x00, 0x00,
    0x00, 0xE0, 0xFF, 0xFF, 0x0D, 0x00, 0x00, 0x00, 0x00, 0x00, 0x00, 0x00, 0x00, 0xF8, 0xFF, 0xFF,
    0x03, 0x00, 0x00, 0xF7, 0xFF, 0xFF, 0x04, 0x00, 0x00, 0x00, 0x00, 0x00, 0x00, 0x00, 0x00, 0xE1,
    0xFF, 0xFF, 0x0B, 0x00, 0x00, 0xFE, 0xFF, 0xBF, 0x00, 0x00, 0x00, 0x00, 0x00, 0x00, 0x00, 0x00,
    0x00, 0x70, 0xFF, 0xFF, 0x3F, 0x00, 0x80, 0xFF, 0xFF, 0x2F, 0x00, 0x00, 0x00, 0x00, 0x00, 0x00,
    0x00, 0x00, 0x00, 0x00, 0xFD, 0xFF, 0xCF, 0x00, 0xF1, 0xFF, 0xFF, 0x09, 0x00, 0x00, 0x00, 0x00,
    0x00, 0x00, 0x00, 0x00, 0x00, 0x00, 0xF5, 0xFF, 0xFF, 0x04, 0xF8, 0xFF, 0xFF, 0x01, 0x00, 0x00,
    0x00, 0x00, 0x00, 0x00, 0x00, 0x00, 0x00, 0x00, 0xC0, 0xFF, 0xFF, 0x1C, 0xFF, 0xFF, 0x8F, 0x00,
    0x00, 0x00, 0x00, 0x00, 0x00, 0x00, 0x00, 0x00, 0x00, 0x00, 0x30, 0xFF, 0xFF, 0xDF, 0xFF, 0xFF,
    0x0E, 0x00, 0x00, 0x00, 0x00, 0x00, 0x00, 0x00, 0x00, 0x00, 0x00, 0x00, 0x00, 0xFB, 0xFF, 0xFF,
    0xFF, 0xFF, 0x06, 0x00, 0x00, 0x00, 0x00, 0x00, 0x00, 0x00, 0x00, 0x00, 0x00, 0x00, 0x00, 0xF2,
    0xFF, 0xFF, 0xFF, 0xDF, 0x00, 0x00, 0x00, 0x00, 0x00, 0x00, 0x00, 0x00, 0x00, 0x00, 0x00, 0x00,
    0x00, 0x90, 0xFF, 0xFF, 0xFF, 0x4F, 0x00, 0x00, 0x00, 0x00, 0x00, 0x00, 0x00, 0x00, 0x00, 0x00,
    0x00, 0x00, 0x00, 0x10, 0xFF, 0xFF, 0xFF, 0x0B, 0x00, 0x00, 0x00, 0x00, 0x00, 0x00, 0x00, 0x00,
    0x00, 0x00, 0x00, 0x00, 0x00, 0x00, 0xF7, 0xFF, 0xFF, 0x03, 0x00, 0x00, 0x00, 0x00, 0x00, 0x00,
    0x00, 0x00, 0x00, 0x00, 0x00, 0x00, 0x00, 0x00, 0xF5, 0xFF, 0xFF, 0x01, 0x00, 0x00, 0x00, 0x00,
    0x00, 0x00, 0x00, 0x00, 0x00, 0x00, 0x00, 0x00, 0x00, 0x00, 0xF5, 0xFF, 0xFF, 0x01, 0x00, 0x00,
    0x00, 0x00, 0x00, 0x00, 0x00, 0x00, 0x00, 0x00, 0x00, 0x00, 0x00, 0x00, 0xF5, 0xFF, 0xFF, 0x01,
    0x00, 0x00, 0x00, 0x00, 0x00, 0x00, 0x00, 0x00, 0x00, 0x00, 0x00, 0x00, 0x00, 0x00, 0xF5, 0xFF,
    0xFF, 0x01, 0x00, 0x00, 0x00, 0x00, 0x00, 0x00, 0x00, 0x00, 0x00, 0x00, 0x00, 0x00, 0x00, 0x00,
    0xF5, 0xFF, 0xFF, 0x01, 0x00, 0x00, 0x00, 0x00, 0x00, 0x00, 0x00, 0x00, 0x00, 0x00, 0x00, 0x00,
    0x00, 0x00, 0xF5, 0xFF, 0xFF, 0x01, 0x00, 0x00, 0x00, 0x00, 0x00, 0x00, 0x00, 0x00, 0x00, 0x00,
    0x00, 0x00, 0x00, 0x00, 0xF5, 0xFF, 0xFF, 0x01, 0x00, 0x00, 0x00, 0x00, 0x00, 0x00, 0x00, 0x00,
    0x00, 0x00, 0x00, 0x00, 0x00, 0x00, 0xF5, 0xFF, 0xFF, 0x01, 0x00, 0x00, 0x00, 0x00, 0x00, 0x00,
    0x00, 0x00, 0x00, 0x00, 0x00, 0x00, 0x00, 0x00, 0xF5, 0xFF, 0xFF, 0x01, 0x00, 0x00, 0x00, 0x00,
    0x00, 0x00, 0x00, 0x00, 0x00, 0x00, 0x00, 0x00, 0x00, 0x00, 0xF5, 0xFF, 0xFF, 0x01, 0x00, 0x00,
    0x00, 0x00, 0x00, 0x00, 0x00, 0x00, 0x00, 0x00, 0x00, 0x00, 0x00, 0x00, 0xF5, 0xFF, 0xFF, 0x01,
    0x00, 0x00, 0x00, 0x00, 0x00, 0x00, 0x00, 0x00, 0x00, 0x00, 0x00, 0x00, 0x00, 0x00, 0xF5, 0xFF,
    0xFF, 0x01, 0x00, 0x00, 0x00, 0x00, 0x00, 0x00, 0x00, 0x00, 0x00, 0x00, 0x00, 0x00, 0x00, 0x00,
    0xF5, 0xFF, 0xFF, 0x01, 0x00, 0x00, 0x00, 0x00, 0x00, 0x00, 0x00, 0x00, 0x00, 0x00, 0x00, 0x00,
    0x00, 0x00, 0xF5, 0xFF, 0xFF, 0x01, 0x00, 0x00, 0x00, 0x00, 0x00, 0x00, 0x00, 0x00, 0x00, 0x00,
    0x00, 0x00, 0x00, 0x00, 0xF5, 0xFF, 0xFF, 0x01, 0x00, 0x00, 0x00, 0x00, 0x00, 0x00, 0x00, 0xF3,
    0xFF, 0xFF, 0xFF, 0xFF, 0xFF, 0xFF, 0xFF, 0xFF, 0xFF, 0xFF, 0xFF, 0xFF, 0xFF, 0x8F, 0x00, 0xF3,
    0xFF, 0xFF, 0xFF, 0xFF, 0xFF, 0xFF, 0xFF, 0xFF, 0xFF, 0xFF, 0xFF, 0xFF, 0xFF, 0x8F, 0x00, 0xF3,
    0xFF, 0xFF, 0xFF, 0xFF, 0xFF, 0xFF, 0xFF, 0xFF, 0xFF, 0xFF, 0xFF, 0xFF, 0xFF, 0x8F, 0x00, 0xF3,
    0xFF, 0xFF, 0xFF, 0xFF, 0xFF, 0xFF, 0xFF, 0xFF, 0xFF, 0xFF, 0xFF, 0xFF, 0xFF, 0x8F, 0x00, 0x71,
    0x77, 0x77, 0x77, 0x77, 0x77, 0x77, 0x77, 0x77, 0x77, 0x77, 0xF8, 0xFF, 0xFF, 0x3F, 0x00, 0x00,
    0x00, 0x00, 0x00, 0x00, 0x00, 0x00, 0x00, 0x00, 0x00, 0x00, 0xFA, 0xFF, 0xFF, 0x07, 0x00, 0x00,
    0x00, 0x00, 0x00, 0x00, 0x00, 0x00, 0x00, 0x00, 0x00, 0x60, 0xFF, 0xFF, 0xCF, 0x00, 0x00, 0x00,
    0x00, 0x00, 0x00, 0x00, 0x00, 0x00, 0x00, 0x00, 0x00, 0xF2, 0xFF, 0xFF, 0x2F, 0x00, 0x00, 0x00,
    0x00, 0x00, 0x00, 0x00, 0x00, 0x00, 0x00, 0x00, 0x00, 0xFC, 0xFF, 0xFF, 0x06, 0x00, 0x00, 0x00,
    0x00, 0x00, 0x00, 0x00, 0x00, 0x00, 0x00, 0x00, 0x70, 0xFF, 0xFF, 0xBF, 0x00, 0x00, 0x00, 0x00,
    0x00, 0x00, 0x00, 0x00, 0x00, 0x00, 0x00, 0x00, 0xF3, 0xFF, 0xFF, 0x1E, 0x00, 0x00, 0x00, 0x00,
    0x00, 0x00, 0x00, 0x00, 0x00, 0x00, 0x00, 0x00, 0xFD, 0xFF, 0xFF, 0x04, 0x00, 0x00, 0x00, 0x00,
    0x00, 0x00, 0x00, 0x00, 0x00, 0x00, 0x00, 0x90, 0xFF, 0xFF, 0x9F, 0x00, 0x00, 0x00, 0x00, 0x00,
    0x00, 0x00, 0x00, 0x00, 0x00, 0x00, 0x00, 0xF4, 0xFF, 0xFF, 0x0D, 0x00, 0x00, 0x00, 0x00, 0x00,
    0x00, 0x00, 0x00, 0x00, 0x00, 0x00, 0x10, 0xFE, 0xFF, 0xFF, 0x03, 0x00, 0x00, 0x00, 0x00, 0x00,
    0x00, 0x00, 0x00, 0x00, 0x00, 0x00, 0xA0, 0xFF, 0xFF, 0x8F, 0x00, 0x00, 0x00, 0x00, 0x00, 0x00,
    0x00, 0x00, 0x00, 0x00, 0x00, 0x00, 0xF5, 0xFF, 0xFF, 0x0C, 0x00, 0x00, 0x00, 0x00, 0x00, 0x00,
    0x00, 0x00, 0x00, 0x00, 0x00, 0x10, 0xFE, 0xFF, 0xFF, 0x02, 0x00, 0x00, 0x00, 0x00, 0x00, 0x00,
    0x00, 0x00, 0x00, 0x00, 0x00, 0xB0, 0xFF, 0xFF, 0x6F, 0x00, 0x00, 0x00, 0x00, 0x00, 0x00, 0x00,
    0x00, 0x00, 0x00, 0x00, 0x00, 0xF6, 0xFF, 0xFF, 0x0B, 0x00, 0x00, 0x00, 0x00, 0x00, 0x00, 0x00,
    0x00, 0x00, 0x00, 0x00, 0x20, 0xFF, 0xFF, 0xEF, 0x01, 0x00, 0x00, 0x00, 0x00, 0x00, 0x00, 0x00,
    0x00, 0x00, 0x00, 0x00, 0xC0, 0xFF, 0xFF, 0x5F, 0x00, 0x00, 0x00, 0x00, 0x00, 0x00, 0x00, 0x00,
    0x00, 0x00, 0x00, 0x00, 0xF8, 0xFF, 0xFF, 0x0A, 0x00, 0x00, 0x00, 0x00, 0x00, 0x00, 0x00, 0x00,
    0x00, 0x00, 0x00, 0x30, 0xFF, 0xFF, 0xEF, 0x01, 0x00, 0x00, 0x00, 0x00, 0x00, 0x00, 0x00, 0x00,
    0x00, 0x00, 0x00, 0xD0, 0xFF, 0xFF, 0x4F, 0x00, 0x00, 0x00, 0x00, 0x00, 0x00, 0x00, 0x00, 0x00,
    0x00, 0x00, 0x00, 0xF9, 0xFF, 0xFF, 0x08, 0x00, 0x00, 0x00, 0x00, 0x00, 0x00, 0x00, 0x00, 0x00,
    0x00, 0x00, 0x40, 0xFF, 0xFF, 0xDF, 0x00, 0x00, 0x00, 0x00, 0x00, 0x00, 0x00, 0x00, 0x00, 0x00,
    0x00, 0x00, 0xE1, 0xFF, 0xFF, 0x2F, 0x00, 0x00, 0x00, 0x00, 0x00, 0x00, 0x00, 0x00, 0x00, 0x00,
    0x00, 0x00, 0xFB, 0xFF, 0xFF, 0x07, 0x00, 0x00, 0x00, 0x00, 0x00, 0x00, 0x00, 0x00, 0x00, 0x00,
    0x00, 0x60, 0xFF, 0xFF, 0xCF, 0x00, 0x00, 0x00, 0x00, 0x00, 0x00, 0x00, 0x00, 0x00, 0x00, 0x00,
    0x00, 0xF2, 0xFF, 0xFF, 0x2F, 0x00, 0x00, 0x00, 0x00, 0x00, 0x00, 0x00, 0x00, 0x00, 0x00, 0x00,
    0x00, 0xFC, 0xFF, 0xFF, 0x06, 0x00, 0x00, 0x00, 0x00, 0x00, 0x00, 0x00, 0x00, 0x00, 0x00, 0x00,
    0x70, 0xFF, 0xFF, 0xAF, 0x00, 0x00, 0x00, 0x00, 0x00, 0x00, 0x00, 0x00, 0x00, 0x00, 0x00, 0x00,
    0xF3, 0xFF, 0xFF, 0x1E, 0x00, 0x00, 0x00, 0x00, 0x00, 0x00, 0x00, 0x00, 0x00, 0x00, 0x00, 0x00,
    0xFD, 0xFF, 0xFF, 0x04, 0x00, 0x00, 0x00, 0x00, 0x00, 0x00, 0x00, 0x00, 0x00, 0x00, 0x00, 0x90,
    0xFF, 0xFF, 0x9F, 0x00, 0x00, 0x00, 0x00, 0x00, 0x00, 0x00, 0x00, 0x00, 0x00, 0x00, 0x00, 0xF4,
    0xFF, 0xFF, 0x7F, 0x77, 0x77, 0x77, 0x77, 0x77, 0x77, 0x77, 0x77, 0x77, 0x77, 0x77, 0x03, 0xF9,
    0xFF, 0xFF, 0xFF, 0xFF, 0xFF, 0xFF, 0xFF, 0xFF, 0xFF, 0xFF, 0xFF, 0xFF, 0xFF, 0xFF, 0x07, 0xF9,
    0xFF, 0xFF, 0xFF, 0xFF, 0xFF, 0xFF, 0xFF, 0xFF, 0xFF, 0xFF, 0xFF, 0xFF, 0xFF, 0xFF, 0x07, 0xF9,
    0xFF, 0xFF, 0xFF, 0xFF, 0xFF, 0xFF, 0xFF, 0xFF, 0xFF, 0xFF, 0xFF, 0xFF, 0xFF, 0xFF, 0x07, 0xF9,
    0xFF, 0xFF, 0xFF, 0xFF, 0xFF, 0xFF, 0xFF, 0xFF, 0xFF, 0xFF, 0xFF, 0xFF, 0xFF, 0xFF, 0x07, 0xFD,
    0xFF, 0xFF, 0xFF, 0xFF, 0x0D, 0xFD, 0xFF, 0xFF, 0xFF, 0xFF, 0x0D, 0xFD, 0xFF, 0xFF, 0xFF, 0xFF,
    0x0D, 0xFD, 0xFF, 0xFF, 0xFF, 0xFF, 0x0D, 0xFD, 0xFF, 0x9F, 0x55, 0x55, 0x04, 0xFD, 0xFF, 0x6F,
    0x00, 0x00, 0x00, 0xFD, 0xFF, 0x6F, 0x00, 0x00, 0x00, 0xFD, 0xFF, 0x6F, 0x00, 0x00, 0x00, 0xFD,
    0xFF, 0x6F, 0x00, 0x00, 0x00, 0xFD, 0xFF, 0x6F, 0x00, 0x00, 0x00, 0xFD, 0xFF, 0x6F, 0x00, 0x00,
    0x00, 0xFD, 0xFF, 0x6F, 0x00, 0x00, 0x00, 0xFD, 0xFF, 0x6F, 0x00, 0x00, 0x00, 0xFD, 0xFF, 0x6F,
    0x00, 0x00, 0x00, 0xFD, 0xFF, 0x6F, 0x00, 0x00, 0x00, 0xFD, 0xFF, 0x6F, 0x00, 0x00, 0x00, 0xFD,
    0xFF, 0x6F, 0x00, 0x00, 0x00, 0xFD, 0xFF, 0x6F, 0x00, 0x00, 0x00, 0xFD, 0xFF, 0x6F, 0x00, 0x00,
    0x00, 0xFD, 0xFF, 0x6F, 0x00, 0x00, 0x00, 0xFD, 0xFF, 0x6F, 0x00, 0x00, 0x00, 0xFD, 0xFF, 0x6F,
    0x00, 0x00, 0x00, 0xFD, 0xFF, 0x6F, 0x00, 0x00, 0x00, 0xFD, 0xFF, 0x6F, 0x00, 0x00, 0x00, 0xFD,
    0xFF, 0x6F, 0x00, 0x00, 0x00, 0xFD, 0xFF, 0x6F, 0x00, 0x00, 0x00, 0xFD, 0xFF, 0x6F, 0x00, 0x00,
    0x00, 0xFD, 0xFF, 0x6F, 0x00, 0x00, 0x00, 0xFD, 0xFF, 0x6F, 0x00, 0x00, 0x00, 0xFD, 0xFF, 0x6F,
    0x00, 0x00, 0x00, 0xFD, 0xFF, 0x6F, 0x00, 0x00, 0x00, 0xFD, 0xFF, 0x6F, 0x00, 0x00, 0x00, 0xFD,
    0xFF, 0x6F, 0x00, 0x00, 0x00, 0xFD, 0xFF, 0x6F, 0x00, 0x00, 0x00, 0xFD, 0xFF, 0x6F, 0x00, 0x00,
    0x00, 0xFD, 0xFF, 0x6F, 0x00, 0x00, 0x00, 0xFD, 0xFF, 0x6F, 0x00, 0x00, 0x00, 0xFD, 0xFF, 0x6F,
    0x00, 0x00, 0x00, 0xFD, 0xFF, 0x6F, 0x00, 0x00, 0x00, 0xFD, 0xFF, 0x6F, 0x00, 0x00, 0x00, 0xFD,
    0xFF, 0x6F, 0x00, 0x00, 0x00, 0xFD, 0xFF, 0x6F, 0x00, 0x00, 0x00, 0xFD, 0xFF, 0x6F, 0x00, 0x00,
    0x00, 0xFD, 0xFF, 0x6F, 0x00, 0x00, 0x00, 0xFD, 0xFF, 0x6F, 0x00, 0x00, 0x00, 0xFD, 0xFF, 0x6F,
    0x00, 0x00, 0x00, 0xFD, 0xFF, 0x6F, 0x00, 0x00, 0x00, 0xFD, 0xFF, 0x6F, 0x00, 0x00, 0x00, 0xFD,
    0xFF, 0x6F, 0x00, 0x00, 0x00, 0xFD, 0xFF, 0x6F, 0x00, 0x00, 0x00, 0xFD, 0xFF, 0x6F, 0x00, 0x00,
    0x00, 0xFD, 0xFF, 0x9F, 0x55, 0x55, 0x04, 0xFD, 0xFF, 0xFF, 0xFF, 0xFF, 0x0D, 0xFD, 0xFF, 0xFF,
    0xFF, 0xFF, 0x0D, 0xFD, 0xFF, 0xFF, 0xFF, 0xFF, 0x0D, 0xFD, 0xFF, 0xFF, 0xFF, 0xFF, 0x0D, 0xFA,
    0xFF, 0x5F, 0x00, 0x00, 0x00, 0x00, 0x00, 0x00, 0x00, 0x00, 0x00, 0xF4, 0xFF, 0xBF, 0x00, 0x00,
    0x00, 0x00, 0x00, 0x00, 0x00, 0x00, 0x00, 0xE0, 0xFF, 0xFF, 0x01, 0x00, 0x00, 0x00, 0x00, 0x00,
    0x00, 0x00, 0x00, 0x80, 0xFF, 0xFF, 0x07, 0x00, 0x00, 0x00, 0x00, 0x00, 0x00, 0x00, 0x00, 0x20,
    0xFF, 0xFF, 0x0D, 0x00, 0x00, 0x00, 0x00, 0x00, 0x00, 0x00, 0x00, 0x00, 0xFC, 0xFF, 0x3F, 0x00,
    0x00, 0x00, 0x00, 0x00, 0x00, 0x00, 0x00, 0x00, 0xF6, 0xFF, 0x9F, 0x00, 0x00, 0x00, 0x00, 0x00,
    0x00, 0x00, 0x00, 0x00, 0xF0, 0xFF, 0xFF, 0x00, 0x00, 0x00, 0x00, 0x00, 0x00, 0x00, 0x00, 0x00,
    0x90, 0xFF, 0xFF, 0x06, 0x00, 0x00, 0x00, 0x00, 0x00, 0x00, 0x00, 0x00, 0x30, 0xFF, 0xFF, 0x0C,
    0x00, 0x00, 0x00, 0x00, 0x00, 0x00, 0x00, 0x00, 0x00, 0xFD, 0xFF, 0x2F, 0x00, 0x00, 0x00, 0x00,
    0x00, 0x00, 0x00, 0x00, 0x00, 0xF7, 0xFF, 0x8F, 0x00, 0x00, 0x00, 0x00, 0x00, 0x00, 0x00, 0x00,
    0x00, 0xF1, 0xFF, 0xEF, 0x00, 0x00, 0x00, 0x00, 0x00, 0x00, 0x00, 0x00, 0x00, 0xB0, 0xFF, 0xFF,
    0x04, 0x00, 0x00, 0x00, 0x00, 0x00, 0x00, 0x00, 0x00, 0x50, 0xFF, 0xFF, 0x0A, 0x00, 0x00, 0x00,
    0x00, 0x00, 0x00, 0x00, 0x00, 0x00, 0xFE, 0xFF, 0x1F, 0x00, 0x00, 0x00, 0x00, 0x00, 0x00, 0x00,
    0x00, 0x00, 0xF8, 0xFF, 0x7F, 0x00, 0x00, 0x00, 0x00, 0x00, 0x00, 0x00, 0x00, 0x00, 0xF2, 0xFF,
    0xDF, 0x00, 0x00, 0x00, 0x00, 0x00, 0x00, 0x00, 0x00, 0x00, 0xC0, 0xFF, 0xFF, 0x03, 0x00, 0x00,
    0x00, 0x00, 0x00, 0x00, 0x00, 0x00, 0x60, 0xFF, 0xFF, 0x09, 0x00, 0x00, 0x00, 0x00, 0x00, 0x00,
    0x00, 0x00, 0x00, 0xFF, 0xFF, 0x0E, 0x00, 0x00, 0x00, 0x00, 0x00, 0x00, 0x00, 0x00, 0x00, 0xFA,
    0xFF, 0x5F, 0x00, 0x00, 0x00, 0x00, 0x00, 0x00, 0x00, 0x00, 0x00, 0xF4, 0xFF, 0xBF, 0x00, 0x00,
    0x00, 0x00, 0x00, 0x00, 0x00, 0x00, 0x00, 0xD0, 0xFF, 0xFF, 0x01, 0x00, 0x00, 0x00, 0x00, 0x00,
    0x00, 0x00, 0x00, 0x70, 0xFF, 0xFF, 0x07, 0x00, 0x00, 0x00, 0x00, 0x00, 0x00, 0x00, 0x00, 0x10,
    0xFF, 0xFF, 0x0D, 0x00, 0x00, 0x00, 0x00, 0x00, 0x00, 0x00, 0x00, 0x00, 0xFB, 0xFF, 0x4F, 0x00,
    0x00, 0x00, 0x00, 0x00, 0x00, 0x00, 0x00, 0x00, 0xF5, 0xFF, 0xAF, 0x00, 0x00, 0x00, 0x00, 0x00,
    0x00, 0x00, 0x00, 0x00, 0xE0, 0xFF, 0xFF, 0x01, 0x00, 0x00, 0x00, 0x00, 0x00, 0x00, 0x00, 0x00,
    0x90, 0xFF, 0xFF, 0x06, 0x00, 0x00, 0x00, 0x00, 0x00, 0x00, 0x00, 0x00, 0x30, 0xFF, 0xFF, 0x0C,
    0x00, 0x00, 0x00, 0x00, 0x00, 0x00, 0x00, 0x00, 0x00, 0xFC, 0xFF, 0x2F, 0x00, 0x00, 0x00, 0x00,
    0x00, 0x00, 0x00, 0x00, 0x00, 0xF6, 0xFF, 0x8F, 0x00, 0x00, 0x00, 0x00, 0x00, 0x00, 0x00, 0x00,
    0x00, 0xF1, 0xFF, 0xEF, 0x00, 0x00, 0x00, 0x00, 0x00, 0x00, 0x00, 0x00, 0x00, 0xA0, 0xFF, 0xFF,
    0x05, 0x00, 0x00, 0x00, 0x00, 0x00, 0x00, 0x00, 0x00, 0x40, 0xFF, 0xFF, 0x0B, 0x00, 0x00, 0x00,
    0x00, 0x00, 0x00, 0x00, 0x00, 0x00, 0xFE, 0xFF, 0x1F, 0x00, 0x00, 0x00, 0x00, 0x00, 0x00, 0x00,
    0x00, 0x00, 0xF8, 0xFF, 0x7F, 0x00, 0x00, 0x00, 0x00, 0x00, 0x00, 0x00, 0x00, 0x00, 0xF2, 0xFF,
    0xDF, 0x00, 0x00, 0x00, 0x00, 0x00, 0x00, 0x00, 0x00, 0x00, 0xB0, 0xFF, 0xFF, 0x03, 0x00, 0x00,
    0x00, 0x00, 0x00, 0x00, 0x00, 0x00, 0x50, 0xFF, 0xFF, 0x09, 0x00, 0x00, 0x00, 0x00, 0x00, 0x00,
    0x00, 0x00, 0x00, 0xFF, 0xFF, 0x0F, 0x00, 0x00, 0x00, 0x00, 0x00, 0x00, 0x00, 0x00, 0x00, 0xF9,
    0xFF, 0x6F, 0x00, 0x00, 0x00, 0x00, 0x00, 0x00, 0x00, 0x00, 0x00, 0xF3, 0xFF, 0xCF, 0x00, 0x00,
    0x00, 0x00, 0x00, 0x00, 0x00, 0x00, 0x00, 0xD0, 0xFF, 0xFF, 0x02, 0xFC, 0xFF, 0xFF, 0xFF, 0xFF,
    0x0F, 0xFC, 0xFF, 0xFF, 0xFF, 0xFF, 0x0F, 0xFC, 0xFF, 0xFF, 0xFF, 0xFF, 0x0F, 0xFC, 0xFF, 0xFF,
    0xFF, 0xFF, 0x0F, 0x53, 0x55, 0x85, 0xFF, 0xFF, 0x0F, 0x00, 0x00, 0x40, 0xFF, 0xFF, 0x0F, 0x00,
    0x00, 0x40, 0xFF, 0xFF, 0x0F, 0x00, 0x00, 0x40, 0xFF, 0xFF, 0x0F, 0x00, 0x00, 0x40, 0xFF, 0xFF,
    0x0F, 0x00, 0x00, 0x40, 0xFF, 0xFF, 0x0F, 0x00, 0x00, 0x40, 0xFF, 0xFF, 0x0F, 0x00, 0x00, 0x40,
    0xFF, 0xFF, 0x0F, 0x00, 0x00, 0x40, 0xFF, 0xFF, 0x0F, 0x00, 0x00, 0x40, 0xFF, 0xFF, 0x0F, 0x00,
    0x00, 0x40, 0xFF, 0xFF, 0x0F, 0x00, 0x00, 0x40, 0xFF, 0xFF, 0x0F, 0x00, 0x00, 0x40, 0xFF, 0xFF,
    0x0F, 0x00, 0x00, 0x40, 0xFF, 0xFF, 0x0F, 0x00, 0x00, 0x40, 0xFF, 0xFF, 0x0F, 0x00, 0x00, 0x40,
    0xFF, 0xFF, 0x0F, 0x00, 0x00, 0x40, 0xFF, 0xFF, 0x0F, 0x00, 0x00, 0x40, 0xFF, 0xFF, 0x0F, 0x00,
    0x00, 0x40, 0xFF, 0xFF, 0x0F, 0x00, 0x00, 0x40, 0xFF, 0xFF, 0x0F, 0x00, 0x00, 0x40, 0xFF, 0xFF,
    0x0F, 0x00, 0x00, 0x40, 0xFF, 0xFF, 0x0F, 0x00, 0x00, 0x40, 0xFF, 0xFF, 0x0F, 0x00, 0x00, 0x40,
    0xFF, 0xFF, 0x0F, 0x00, 0x00, 0x40, 0xFF, 0xFF, 0x0F, 0x00, 0x00, 0x40, 0xFF, 0xFF, 0x0F, 0x00,
    0x00, 0x40, 0xFF, 0xFF, 0x0F, 0x00, 0x00, 0x40, 0xFF, 0xFF, 0x0F, 0x00, 0x00, 0x40, 0xFF, 0xFF,
    0x0F, 0x00, 0x00, 0x40, 0xFF, 0xFF, 0x0F, 0x00, 0x00, 0x40, 0xFF, 0xFF, 0x0F, 0x00, 0x00, 0x40,
    0xFF, 0xFF, 0x0F, 0x00, 0x00, 0x40, 0xFF, 0xFF, 0x0F, 0x00, 0x00, 0x40, 0xFF, 0xFF, 0x0F, 0x00,
    0x00, 0x40, 0xFF, 0xFF, 0x0F, 0x00, 0x00, 0x40, 0xFF, 0xFF, 0x0F, 0x00, 0x00, 0x40, 0xFF, 0xFF,
    0x0F, 0x00, 0x00, 0x40, 0xFF, 0xFF, 0x0F, 0x00, 0x00, 0x40, 0xFF, 0xFF, 0x0F, 0x00, 0x00, 0x40,
    0xFF, 0xFF, 0x0F, 0x00, 0x00, 0x40, 0xFF, 0xFF, 0x0F, 0x00, 0x00, 0x40, 0xFF, 0xFF, 0x0F, 0x00,
    0x00, 0x40, 0xFF, 0xFF, 0x0F, 0x00, 0x00, 0x40, 0xFF, 0xFF, 0x0F, 0x00, 0x00, 0x40, 0xFF, 0xFF,
    0x0F, 0x00, 0x00, 0x40, 0xFF, 0xFF, 0x0F, 0x00, 0x00, 0x40, 0xFF, 0xFF, 0x0F, 0x53, 0x55, 0x85,
    0xFF, 0xFF, 0x0F, 0xFC, 0xFF, 0xFF, 0xFF, 0xFF, 0x0F, 0xFC, 0xFF, 0xFF, 0xFF, 0xFF, 0x0F, 0xFC,
    0xFF, 0xFF, 0xFF, 0xFF, 0x0F, 0xFC, 0xFF, 0xFF, 0xFF, 0xFF, 0x0F, 0x00, 0x00, 0x00, 0x00, 0xE0,
    0xFF, 0x1F, 0x00, 0x00, 0x00, 0x00, 0x00, 0x00, 0x00, 0x00, 0xF5, 0xFF, 0x8F, 0x00, 0x00, 0x00,
    0x00, 0x00, 0x00, 0x00, 0x00, 0xFC, 0xFF, 0xEF, 0x00, 0x00, 0x00, 0x00, 0x00, 0x00, 0x00, 0x30,
    0xFF, 0xFF, 0xFF, 0x05, 0x00, 0x00, 0x00, 0x00, 0x00, 0x00, 0xA0, 0xFF, 0xFF, 0xFF, 0x0C, 0x00,
    0x00, 0x00, 0x00, 0x00, 0x00, 0xF1, 0xFF, 0xFF, 0xFF, 0x3F, 0x00, 0x00, 0x00, 0x00, 0x00, 0x00,
    0xF7, 0xFF, 0xFF, 0xFF, 0x9F, 0x00, 0x00, 0x00, 0x00, 0x00, 0x00, 0xFE, 0xFF, 0xBD, 0xFF, 0xFF,
    0x01, 0x00, 0x00, 0x00, 0x00, 0x50, 0xFF, 0xFF, 0x46, 0xFF, 0xFF, 0x07, 0x00, 0x00, 0x00, 0x00,
    0xB0, 0xFF, 0xFF, 0x00, 0xFD, 0xFF, 0x0D, 0x00, 0x00, 0x00, 0x00, 0xF2, 0xFF, 0x9F, 0x00, 0xF7,
    0xFF, 0x4F, 0x00, 0x00, 0x00, 0x00, 0xF9, 0xFF, 0x2F, 0x00, 0xF1, 0xFF, 0xBF, 0x00, 0x00, 0x00,
    0x00, 0xFF, 0xFF, 0x0C, 0x00, 0xA0, 0xFF, 0xFF, 0x02, 0x00, 0x00, 0x70, 0xFF, 0xFF, 0x05, 0x00,
    0x30, 0xFF, 0xFF, 0x09, 0x00, 0x00, 0xD0, 0xFF, 0xEF, 0x00, 0x00, 0x00, 0xFC, 0xFF, 0x0F, 0x00,
    0x00, 0xF4, 0xFF, 0x8F, 0x00, 0x00, 0x00, 0xF6, 0xFF, 0x6F, 0x00, 0x00, 0xFB, 0xFF, 0x2F, 0x00,
    0x00, 0x00, 0xF0, 0xFF, 0xDF, 0x00, 0x20, 0xFF, 0xFF, 0x0B, 0x00, 0x00, 0x00, 0x90, 0xFF, 0xFF,
    0x04, 0x80, 0xFF, 0xFF, 0x04, 0x00, 0x00, 0x00, 0x20, 0xFF, 0xFF, 0x0A, 0xE0, 0xFF, 0xEF, 0x00,
    0x00, 0x00, 0x00, 0x00, 0xFB, 0xFF, 0x1F, 0xFE, 0xFF, 0xFF, 0xFF, 0xFF, 0xFF, 0xFF, 0xFF, 0xFF,
    0xFF, 0xFF, 0xFF, 0xFF, 0x01, 0xFE, 0xFF, 0xFF, 0xFF, 0xFF, 0xFF, 0xFF, 0xFF, 0xFF, 0xFF, 0xFF,
    0xFF, 0xFF, 0x01, 0xFE, 0xFF, 0xFF, 0xFF, 0xFF, 0xFF, 0xFF, 0xFF, 0xFF, 0xFF, 0xFF, 0xFF, 0xFF,
    0x01, 0xFE, 0xFF, 0xFF, 0xFF, 0xFF, 0xFF, 0xFF, 0xFF, 0xFF, 0xFF, 0xFF, 0xFF, 0xFF, 0x01, 0x44,
    0x44, 0x44, 0x44, 0x44, 0x44, 0x44, 0x44, 0x44, 0x44, 0x44, 0x44, 0x44, 0x00, 0xD1, 0xFF, 0xFF,
    0x4F, 0x00, 0x00, 0x00, 0x20, 0xFE, 0xFF, 0xEF, 0x01, 0x00, 0x00, 0x00, 0xE2, 0xFF, 0xFF, 0x0C,
    0x00, 0x00, 0x00, 0x30, 0xFF, 0xFF, 0x7F, 0x00, 0x00, 0x00, 0x00, 0xF4, 0xFF, 0xFF, 0x03, 0x00,
    0x00, 0x00, 0x50, 0xFF, 0xFF, 0x1E, 0x00, 0x00, 0x00, 0x00, 0xF7, 0xFF, 0xAF, 0x00, 0x00, 0x00,
    0x00, 0x80, 0xDF, 0x9B, 0x02, 0x00, 0x00, 0x00, 0x00, 0x95, 0xEC, 0xFF, 0xCE, 0x59, 0x00, 0x00,
    0x00, 0x00, 0x00, 0x00, 0x10, 0xF9, 0xFF, 0xFF, 0xFF, 0xFF, 0xFF, 0x8E, 0x00, 0x00, 0x00, 0x00,
    0x00, 0xF5, 0xFF, 0xFF, 0xFF, 0xFF, 0xFF, 0xFF, 0xFF, 0x2D, 0x00, 0x00, 0x00, 0x80, 0xFF, 0xFF,
    0xFF, 0xFF, 0xFF, 0xFF, 0xFF, 0xFF, 0xDF, 0x01, 0x00, 0x00, 0xF7, 0xFF, 0xFF, 0xCF, 0x47, 0x43,
    0xB6, 0xFF, 0xFF, 0xFF, 0x0B, 0x00, 0x20, 0xFF, 0xFF, 0xEF, 0x04, 0x00, 0x00, 0x00, 0xE3, 0xFF,
    0xFF, 0x4F, 0x00, 0xA0, 0xFF, 0xFF, 0x2E, 0x00, 0x00, 0x00, 0x00, 0x20, 0xFF, 0xFF, 0xBF, 0x00,
    0xF0, 0xFF, 0xFF, 0x06, 0x00, 0x00, 0x00, 0x00, 0x00, 0xF8, 0xFF, 0xFF, 0x00, 0xF3, 0xFF, 0xFF,
    0x01, 0x00, 0x00, 0x00, 0x00, 0x00, 0xF3, 0xFF, 0xFF, 0x02, 0x51, 0x55, 0x55, 0x00, 0x00, 0x00,
    0x00, 0x00, 0x00, 0xF0, 0xFF, 0xFF, 0x04, 0x00, 0x00, 0x00, 0x00, 0x00, 0x00, 0x00, 0x00, 0x00,
    0xF0, 0xFF, 0xFF, 0x04, 0x00, 0x00, 0x00, 0x00, 0x00, 0x00, 0x00, 0x00, 0x00, 0xF0, 0xFF, 0xFF,
    0x04, 0x00, 0x00, 0x00, 0x00, 0x00, 0x00, 0x00, 0x00, 0x00, 0xF0, 0xFF, 0xFF, 0x04, 0x00, 0x00,
    0x00, 0x20, 0x96, 0xDC, 0xFE, 0xFF, 0xFF, 0xFF, 0xFF, 0xFF, 0x04, 0x00, 0x00, 0x60, 0xFC, 0xFF,
    0xFF, 0xFF, 0xFF, 0xFF, 0xFF, 0xFF, 0xFF, 0x04, 0x00, 0x30, 0xFC, 0xFF, 0xFF, 0xFF, 0xFF, 0xFF,
    0xFF, 0xFF, 0xFF, 0xFF, 0x04, 0x00, 0xF4, 0xFF, 0xFF, 0xFF, 0xFF, 0xCD, 0xBB, 0xBB, 0xFB, 0xFF,
    0xFF, 0x04, 0x20, 0xFF, 0xFF, 0xFF, 0x6C, 0x01, 0x00, 0x00, 0x00, 0xF0, 0xFF, 0xFF, 0x04, 0xC0,
    0xFF, 0xFF, 0x4E, 0x00, 0x00, 0x00, 0x00, 0x00, 0xF0, 0xFF, 0xFF, 0x04, 0xF4, 0xFF, 0xFF, 0x03,
    0x00, 0x00, 0x00, 0x00, 0x00, 0xF0, 0xFF, 0xFF, 0x04, 0xF9, 0xFF, 0xAF, 0x00, 0x00, 0x00, 0x00,
    0x00, 0x00, 0xF0, 0xFF, 0xFF, 0x04, 0xFC, 0xFF, 0x6F, 0x00, 0x00, 0x00, 0x00, 0x00, 0x00, 0xF0,
    0xFF, 0xFF, 0x04, 0xFD, 0xFF, 0x5F, 0x00, 0x00, 0x00, 0x00, 0x00, 0x00, 0xF0, 0xFF, 0xFF, 0x04,
    0xFD, 0xFF, 0x7F, 0x00, 0x00, 0x00, 0x00, 0x00, 0x00, 0xF4, 0xFF, 0xFF, 0x04, 0xFC, 0xFF, 0xCF,
    0x00, 0x00, 0x00, 0x00, 0x00, 0x20, 0xFE, 0xFF, 0xFF, 0x05, 0xF8, 0xFF, 0xFF, 0x06, 0x00, 0x00,
    0x00, 0x00, 0xE3, 0xFF, 0xFF, 0xFF, 0x05, 0xF2, 0xFF, 0xFF, 0x9F, 0x01, 0x00, 0x00, 0xA3, 0xFF,
    0xFF, 0xFF, 0xFF, 0x06, 0xA0, 0xFF, 0xFF, 0xFF, 0xBF, 0x99, 0xDA, 0xFF, 0xFF, 0xFF, 0xFF, 0xFF,
    0x08, 0x10, 0xFD, 0xFF, 0xFF, 0xFF, 0xFF, 0xFF, 0xFF, 0xFF, 0xDB, 0xFF, 0xFF, 0x0B, 0x00, 0xC1,
    0xFF, 0xFF, 0xFF, 0xFF, 0xFF, 0xFF, 0x9F, 0x90, 0xFF, 0xFF, 0x0F, 0x00, 0x00, 0xF8, 0xFF, 0xFF,
    0xFF, 0xFF, 0xDF, 0x04, 0x50, 0xFF, 0xFF, 0x5F, 0x00, 0x00, 0x00, 0xA6, 0xED, 0xEF, 0x9C, 0x03,
    0x00, 0x00, 0x00, 0x00, 0x00, 0xF0, 0xFF, 0xFF, 0x03, 0x00, 0x00, 0x00, 0x00, 0x00, 0x00, 0x00,
    0x00, 0x00, 0x00, 0xF0, 0xFF, 0xFF, 0x03, 0x00, 0x00, 0x00, 0x00, 0x00, 0x00, 0x00, 0x00, 0x00,
    0x00, 0xF0, 0xFF, 0xFF, 0x03, 0x00, 0x00, 0x00, 0x00, 0x00, 0x00, 0x00, 0x00, 0x00, 0x00, 0xF0,
    0xFF, 0xFF, 0x03, 0x00, 0x00, 0x00, 0x00, 0x00, 0x00, 0x00, 0x00, 0x00, 0x00, 0xF0, 0xFF, 0xFF,
    0x03, 0x00, 0x00, 0x00, 0x00, 0x00, 0x00, 0x00, 0x00, 0x00, 0x00, 0xF0, 0xFF, 0xFF, 0x03, 0x00,
    0x00, 0x00, 0x00, 0x00, 0x00, 0x00, 0x00, 0x00, 0x00, 0xF0, 0xFF, 0xFF, 0x03, 0x00, 0x00, 0x00,
    0x00, 0x00, 0x00, 0x00, 0x00, 0x00, 0x00, 0xF0, 0xFF, 0xFF, 0x03, 0x00, 0x00, 0x00, 0x00, 0x00,
    0x00, 0x00, 0x00, 0x00, 0x00, 0xF0, 0xFF, 0xFF, 0x03, 0x00, 0x00, 0x00, 0x00, 0x00, 0x00, 0x00,
    0x00, 0x00, 0x00, 0xF0, 0xFF, 0xFF, 0x03, 0x00, 0x00, 0x00, 0x00, 0x00, 0x00, 0x00, 0x00, 0x00,
    0x00, 0xF0, 0xFF, 0xFF, 0x03, 0x00, 0x00, 0x00, 0x00, 0x00, 0x00, 0x00, 0x00, 0x00, 0x00, 0xF0,
    0xFF, 0xFF, 0x03, 0x00, 0x00, 0x00, 0x00, 0x00, 0x00, 0x00, 0x00, 0x00, 0x00, 0xF0, 0xFF, 0xFF,
    0x03, 0x00, 0x00, 0x00, 0x00, 0x00, 0x00, 0x00, 0x00, 0x00, 0x00, 0xF0, 0xFF, 0xFF, 0x03, 0x00,
    0x72, 0xDC, 0xFF, 0xBE, 0x17, 0x00, 0x00, 0x00, 0x00, 0xF0, 0xFF, 0xFF, 0x03, 0xB2, 0xFF, 0xFF,
    0xFF, 0xFF, 0xFF, 0x19, 0x00, 0x00, 0x00, 0xF0, 0xFF, 0xFF, 0x53, 0xFF, 0xFF, 0xFF, 0xFF, 0xFF,
    0xFF, 0xEF, 0x02, 0x00, 0x00, 0xF0, 0xFF, 0xFF, 0xF8, 0xFF, 0xFF, 0xFF, 0xFF, 0xFF, 0xFF, 0xFF,
    0x2E, 0x00, 0x00, 0xF0, 0xFF, 0xFF, 0xFF, 0xFF, 0xBF, 0x78, 0xA8, 0xFF, 0xFF, 0xFF, 0xDF, 0x00,
    0x00, 0xF0, 0xFF, 0xFF, 0xFF, 0x8F, 0x00, 0x00, 0x00, 0x70, 0xFF, 0xFF, 0xFF, 0x07, 0x00, 0xF0,
    0xFF, 0xFF, 0xFF, 0x03, 0x00, 0x00, 0x00, 0x00, 0xF3, 0xFF, 0xFF, 0x1F, 0x00, 0xF0, 0xFF, 0xFF,
    0x4F, 0x00, 0x00, 0x00, 0x00, 0x00, 0x60, 0xFF, 0xFF, 0x7F, 0x00, 0xF0, 0xFF, 0xFF, 0x0A, 0x00,
    0x00, 0x00, 0x00, 0x00, 0x00, 0xFC, 0xFF, 0xDF, 0x00, 0xF0, 0xFF, 0xFF, 0x03, 0x00, 0x00, 0x00,
    0x00, 0x00, 0x00, 0xF5, 0xFF, 0xFF, 0x02, 0xF0, 0xFF, 0xFF, 0x03, 0x00, 0x00, 0x00, 0x00, 0x00,
    0x00, 0xF0, 0xFF, 0xFF, 0x05, 0xF0, 0xFF, 0xFF, 0x03, 0x00, 0x00, 0x00, 0x00, 0x00, 0x00, 0xC0,
    0xFF, 0xFF, 0x08, 0xF0, 0xFF, 0xFF, 0x03, 0x00, 0x00, 0x00, 0x00, 0x00, 0x00, 0x90, 0xFF, 0xFF,
    0x0B, 0xF0, 0xFF, 0xFF, 0x03, 0x00, 0x00, 0x00, 0x00, 0x00, 0x00, 0x70, 0xFF, 0xFF, 0x0C, 0xF0,
    0xFF, 0xFF, 0x03, 0x00, 0x00, 0x00, 0x00, 0x00, 0x00, 0x60, 0xFF, 0xFF, 0x0D, 0xF0, 0xFF, 0xFF,
    0x03, 0x00, 0x00, 0x00, 0x00, 0x00, 0x00, 0x50, 0xFF, 0xFF, 0x0E, 0xF0, 0xFF, 0xFF, 0x03, 0x00,
    0x00, 0x00, 0x00, 0x00, 0x00, 0x50, 0xFF, 0xFF, 0x0E, 0xF0, 0xFF, 0xFF, 0x03, 0x00, 0x00, 0x00,
    0x00, 0x00, 0x00, 0x60, 0xFF, 0xFF, 0x0D, 0xF0, 0xFF, 0xFF, 0x03, 0x00, 0x00, 0x00, 0x00, 0x00,
    0x00, 0x70, 0xFF, 0xFF, 0x0C, 0xF0, 0xFF, 0xFF, 0x03, 0x00, 0x00, 0x00, 0x00, 0x00, 0x00, 0xA0,
    0xFF, 0xFF, 0x0B, 0xF0, 0xFF, 0xFF, 0x03, 0x00, 0x00, 0x00, 0x00, 0x00, 0x00, 0xC0, 0xFF, 0xFF,
    0x08, 0xF0, 0xFF, 0xFF, 0x03, 0x00, 0x00, 0x00, 0x00, 0x00, 0x00, 0xF1, 0xFF, 0xFF, 0x05, 0xF0,
    0xFF, 0xFF, 0x03, 0x00, 0x00, 0x00, 0x00, 0x00, 0x00, 0xF5, 0xFF, 0xFF, 0x02, 0xF0, 0xFF, 0xFF,
    0x0A, 0x00, 0x00, 0x00, 0x00, 0x00, 0x00, 0xFD, 0xFF, 0xCF, 0x00, 0xF0, 0xFF, 0xFF, 0x5F, 0x00,
    0x00, 0x00, 0x00, 0x00, 0x60, 0xFF, 0xFF, 0x6F, 0x00, 0xF0, 0xFF, 0xFF, 0xFF, 0x04, 0x00, 0x00,
    0x00, 0x00, 0xF4, 0xFF, 0xFF, 0x1E, 0x00, 0xF0, 0xFF, 0xFF, 0xFF, 0x8F, 0x01, 0x00, 0x00, 0x70,
    0xFF, 0xFF, 0xFF, 0x06, 0x00, 0xF0, 0xFF, 0xFF, 0xFF, 0xFF, 0xBF, 0x78, 0xA8, 0xFF, 0xFF, 0xFF,
    0xCF, 0x00, 0x00, 0xF0, 0xFF, 0xFF, 0xF6, 0xFF, 0xFF, 0xFF, 0xFF, 0xFF, 0xFF, 0xFF, 0x1E, 0x00,
    0x00, 0xF0, 0xFF, 0xEF, 0x60, 0xFF, 0xFF, 0xFF, 0xFF, 0xFF, 0xFF, 0xDF, 0x02, 0x00, 0x00, 0xF0,
    0xFF, 0xDF, 0x00, 0xC3, 0xFF, 0xFF, 0xFF, 0xFF, 0xFF, 0x09, 0x00, 0x00, 0x00, 0x00, 0x00, 0x00,
    0x00, 0x00, 0x83, 0xEC, 0xFF, 0xBE, 0x17, 0x00, 0x00, 0x00, 0x00, 0x00, 0x00, 0x00, 0x00, 0x30,
    0xB8, 0xFE, 0xEF, 0x9C, 0x05, 0x00, 0x00, 0x00, 0x00, 0x00, 0x00, 0x00, 0x50, 0xFD, 0xFF, 0xFF,
    0xFF, 0xFF, 0xEF, 0x07, 0x00, 0x00, 0x00, 0x00, 0x00, 0x10, 0xFB, 0xFF, 0xFF, 0xFF, 0xFF, 0xFF,
    0xFF, 0xDF, 0x02, 0x00, 0x00, 0x00, 0x00, 0xD1, 0xFF, 0xFF, 0xFF, 0xFF, 0xFF, 0xFF, 0xFF, 0xFF,
    0x3F, 0x00, 0x00, 0x00, 0x00, 0xFD, 0xFF, 0xFF, 0xCF, 0x67, 0x65, 0xFA, 0xFF, 0xFF, 0xEF, 0x02,
    0x00, 0x00, 0xA0, 0xFF, 0xFF, 0xCF, 0x02, 0x00, 0x00, 0x10, 0xFA, 0xFF, 0xFF, 0x0B, 0x00, 0x00,
    0xF4, 0xFF, 0xFF, 0x0B, 0x00, 0x00, 0x00, 0x00, 0x80, 0xFF, 0xFF, 0x4F, 0x00, 0x00, 0xFC, 0xFF,
    0xDF, 0x00, 0x00, 0x00, 0x00, 0x00, 0x00, 0xFB, 0xFF, 0xBF, 0x00, 0x30, 0xFF, 0xFF, 0x4F, 0x00,
    0x00, 0x00, 0x00, 0x00, 0x00, 0xF2, 0xFF, 0xFF, 0x00, 0x80, 0xFF, 0xFF, 0x0D, 0x00, 0x00, 0x00,
    0x00, 0x00, 0x00, 0xD0, 0xFF, 0xFF, 0x03, 0xD0, 0xFF, 0xFF, 0x07, 0x00, 0x00, 0x00, 0x00, 0x00,
    0x00, 0x90, 0xFF, 0xFF, 0x05, 0xF0, 0xFF, 0xFF, 0x04, 0x00, 0x00, 0x00, 0x00, 0x00, 0x00, 0x00,
    0x11, 0x11, 0x00, 0xF2, 0xFF, 0xFF, 0x01, 0x00, 0x00, 0x00, 0x00, 0x00, 0x00, 0x00, 0x00, 0x00,
    0x00, 0xF4, 0xFF, 0xFF, 0x00, 0x00, 0x00, 0x00, 0x00, 0x00, 0x00, 0x00, 0x00, 0x00, 0x00, 0xF5,
    0xFF, 0xEF, 0x00, 0x00, 0x00, 0x00, 0x00, 0x00, 0x00, 0x00, 0x00, 0x00, 0x00, 0xF6, 0xFF, 0xDF,
    0x00, 0x00, 0x00, 0x00, 0x00, 0x00, 0x00, 0x00, 0x00, 0x00, 0x00, 0xF5, 0xFF, 0xDF, 0x00, 0x00,
    0x00, 0x00, 0x00, 0x00, 0x00, 0x00, 0x00, 0x00, 0x00, 0xF4, 0xFF, 0xEF, 0x00, 0x00, 0x00, 0x00,
    0x00, 0x00, 0x00, 0x00, 0x00, 0x00, 0x00, 0xF3, 0xFF, 0xFF, 0x00, 0x00, 0x00, 0x00, 0x00, 0x00,
    0x00, 0x00, 0x00, 0x00, 0x00, 0xF2, 0xFF, 0xFF, 0x00, 0x00, 0x00, 0x00, 0x00, 0x00, 0x00, 0x00,
    0x00, 0x00, 0x00, 0xF0, 0xFF, 0xFF, 0x03, 0x00, 0x00, 0x00, 0x00, 0x00, 0x00, 0x00, 0x00, 0x00,
    0x00, 0xC0, 0xFF, 0xFF, 0x07, 0x00, 0x00, 0x00, 0x00, 0x00, 0x00, 0x10, 0x33, 0x33, 0x01, 0x80,
    0xFF, 0xFF, 0x0C, 0x00, 0x00, 0x00, 0x00, 0x00, 0x00, 0xA0, 0xFF, 0xFF, 0x05, 0x20, 0xFF, 0xFF,
    0x3F, 0x00, 0x00, 0x00, 0x00, 0x00, 0x00, 0xE0, 0xFF, 0xFF, 0x02, 0x00, 0xFC, 0xFF, 0xCF, 0x00,
    0x00, 0x00, 0x00, 0x00, 0x00, 0xF7, 0xFF, 0xDF, 0x00, 0x00, 0xF4, 0xFF, 0xFF, 0x0A, 0x00, 0x00,
    0x00, 0x00, 0x50, 0xFF, 0xFF, 0x6F, 0x00, 0x00, 0x90, 0xFF, 0xFF, 0xBF, 0x02, 0x00, 0x00, 0x00,
    0xF8, 0xFF, 0xFF, 0x0C, 0x00, 0x00, 0x00, 0xFD, 0xFF, 0xFF, 0xBF, 0x57, 0x64, 0xE9, 0xFF, 0xFF,
    0xEF, 0x02, 0x00, 0x00, 0x00, 0xE2, 0xFF, 0xFF, 0xFF, 0xFF, 0xFF, 0xFF, 0xFF, 0xFF, 0x3E, 0x00,
    0x00, 0x00, 0x00, 0x10, 0xFB, 0xFF, 0xFF, 0xFF, 0xFF, 0xFF, 0xFF, 0xCF, 0x02, 0x00, 0x00, 0x00,
    0x00, 0x00, 0x60, 0xFD, 0xFF, 0xFF, 0xFF, 0xFF, 0xDF, 0x06, 0x00, 0x00, 0x00, 0x00, 0x00, 0x00,
    0x00, 0x40, 0xC8, 0xFE, 0xEF, 0x9C, 0x04, 0x00, 0x00, 0x00, 0x00, 0x00, 0x00, 0x00, 0x00, 0x00,
    0x00, 0x00, 0x00, 0x00, 0x00, 0xB0, 0xFF, 0xFF, 0x08, 0x00, 0x00, 0x00, 0x00, 0x00, 0x00, 0x00,
    0x00, 0x00, 0x00, 0xB0, 0xFF, 0xFF, 0x08, 0x00, 0x00, 0x00, 0x00, 0x00, 0x00, 0x00, 0x00, 0x00,
    0x00, 0xB0, 0xFF, 0xFF, 0x08, 0x00, 0x00, 0x00, 0x00, 0x00, 0x00, 0x00, 0x00, 0x00, 0x00, 0xB0,
    0xFF, 0xFF, 0x08, 0x00, 0x00, 0x00, 0x00, 0x00, 0x00, 0x00, 0x00, 0x00, 0x00, 0xB0, 0xFF, 0xFF,
    0x08, 0x00, 0x00, 0x00, 0x00, 0x00, 0x00, 0x00, 0x00, 0x00, 0x00, 0xB0, 0xFF, 0xFF, 0x08, 0x00,
    0x00, 0x00, 0x00, 0x00, 0x00, 0x00, 0x00, 0x00, 0x00, 0xB0, 0xFF, 0xFF, 0x08, 0x00, 0x00, 0x00,
    0x00, 0x00, 0x00, 0x00, 0x00, 0x00, 0x00, 0xB0, 0xFF, 0xFF, 0x08, 0x00, 0x00, 0x00, 0x00, 0x00,
    0x00, 0x00, 0x00, 0x00, 0x00, 0xB0, 0xFF, 0xFF, 0x08, 0x00, 0x00, 0x00, 0x00, 0x00, 0x00, 0x00,
    0x00, 0x00, 0x00, 0xB0, 0xFF, 0xFF, 0x08, 0x00, 0x00, 0x00, 0x00, 0x00, 0x00, 0x00, 0x00, 0x00,
    0x00, 0xB0, 0xFF, 0xFF, 0x08, 0x00, 0x00, 0x00, 0x00, 0x00, 0x00, 0x00, 0x00, 0x00, 0x00, 0xB0,
    0xFF, 0xFF, 0x08, 0x00, 0x00, 0x00, 0x00, 0x00, 0x00, 0x00, 0x00, 0x00, 0x00, 0xB0, 0xFF, 0xFF,
    0x08, 0x00, 0x00, 0x00, 0x00, 0x82, 0xEC, 0xEF, 0xBD, 0x16, 0x00, 0xB0, 0xFF, 0xFF, 0x08, 0x00,
    0x00, 0x00, 0xB2, 0xFF, 0xFF, 0xFF, 0xFF, 0xFF, 0x08, 0xB0, 0xFF, 0xFF, 0x08, 0x00, 0x00, 0x40,
    0xFE, 0xFF, 0xFF, 0xFF, 0xFF, 0xFF, 0xEF, 0xB2, 0xFF, 0xFF, 0x08, 0x00, 0x00, 0xF4, 0xFF, 0xFF,
    0xFF, 0xFF, 0xFF, 0xFF, 0xFF, 0xDE, 0xFF, 0xFF, 0x08, 0x00, 0x10, 0xFF, 0xFF, 0xFF, 0xEF, 0x8A,
    0x97, 0xFC, 0xFF, 0xFF, 0xFF, 0xFF, 0x08, 0x00, 0xB0, 0xFF, 0xFF, 0xEF, 0x05, 0x00, 0x00, 0x20,
    0xFA, 0xFF, 0xFF, 0xFF, 0x08, 0x00, 0xF5, 0xFF, 0xFF, 0x1D, 0x00, 0x00, 0x00, 0x00, 0x70, 0xFF,
    0xFF, 0xFF, 0x08, 0x00, 0xFC, 0xFF, 0xFF, 0x02, 0x00, 0x00, 0x00, 0x00, 0x00, 0xF9, 0xFF, 0xFF,
    0x08, 0x20, 0xFF, 0xFF, 0x7F, 0x00, 0x00, 0x00, 0x00, 0x00, 0x00, 0xD0, 0xFF, 0xFF, 0x08, 0x80,
    0xFF, 0xFF, 0x0F, 0x00, 0x00, 0x00, 0x00, 0x00, 0x00, 0xB0, 0xFF, 0xFF, 0x08, 0xB0, 0xFF, 0xFF,
    0x0B, 0x00, 0x00, 0x00, 0x00, 0x00, 0x00, 0xB0, 0xFF, 0xFF, 0x08, 0xE0, 0xFF, 0xFF, 0x06, 0x00,
    0x00, 0x00, 0x00, 0x00, 0x00, 0xB0, 0xFF, 0xFF, 0x08, 0xF1, 0xFF, 0xFF, 0x03, 0x00, 0x00, 0x00,
    0x00, 0x00, 0x00, 0xB0, 0xFF, 0xFF, 0x08, 0xF2, 0xFF, 0xFF, 0x01, 0x00, 0x00, 0x00, 0x00, 0x00,
    0x00, 0xB0, 0xFF, 0xFF, 0x08, 0xF3, 0xFF, 0xFF, 0x00, 0x00, 0x00, 0x00, 0x00, 0x00, 0x00, 0xB0,
    0xFF, 0xFF, 0x08, 0xF4, 0xFF, 0xFF, 0x00, 0x00, 0x00, 0x00, 0x00, 0x00, 0x00, 0xB0, 0xFF, 0xFF,
    0x08, 0xF4, 0xFF, 0xFF, 0x00, 0x00, 0x00, 0x00, 0x00, 0x00, 0x00, 0xB0, 0xFF, 0xFF, 0x08, 0xF3,
    0xFF, 0xFF, 0x00, 0x00, 0x00, 0x00, 0x00, 0x00, 0x00, 0xB0, 0xFF, 0xFF, 0x08, 0xF2, 0xFF, 0xFF,
    0x00, 0x00, 0x00, 0x00, 0x00, 0x00, 0x00, 0xB0, 0xFF, 0xFF, 0x08, 0xF1, 0xFF, 0xFF, 0x03, 0x00,
    0x00, 0x00, 0x00, 0x00, 0x00, 0xB0, 0xFF, 0xFF, 0x08, 0xE0, 0xFF, 0xFF, 0x05, 0x00, 0x00, 0x00,
    0x00, 0x00, 0x00, 0xB0, 0xFF, 0xFF, 0x08, 0xB0, 0xFF, 0xFF, 0x0A, 0x00, 0x00, 0x00, 0x00, 0x00,
    0x00, 0xB0, 0xFF, 0xFF, 0x08, 0x70, 0xFF, 0xFF, 0x0F, 0x00, 0x00, 0x00, 0x00, 0x00, 0x00, 0xB0,
    0xFF, 0xFF, 0x08, 0x10, 0xFF, 0xFF, 0x7F, 0x00, 0x00, 0x00, 0x00, 0x00, 0x00, 0xE0, 0xFF, 0xFF,
    0x08, 0x00, 0xFB, 0xFF, 0xFF, 0x01, 0x00, 0x00, 0x00, 0x00, 0x00, 0xF9, 0xFF, 0xFF, 0x08, 0x00,
    0xF4, 0xFF, 0xFF, 0x1D, 0x00, 0x00, 0x00, 0x00, 0x80, 0xFF, 0xFF, 0xFF, 0x08, 0x00, 0xA0, 0xFF,
    0xFF, 0xEF, 0x04, 0x00, 0x00, 0x20, 0xFB, 0xFF, 0xFF, 0xFF, 0x08, 0x00, 0x10, 0xFE, 0xFF, 0xFF,
    0xEF, 0x89, 0x97, 0xFC, 0xFF, 0xFF, 0xFF, 0xFF, 0x08, 0x00, 0x00, 0xF3, 0xFF, 0xFF, 0xFF, 0xFF,
    0xFF, 0xFF, 0xFF, 0xAE, 0xFF, 0xFF, 0x08, 0x00, 0x00, 0x30, 0xFE, 0xFF, 0xFF, 0xFF, 0xFF, 0xFF,
    0xEF, 0x62, 0xFF, 0xFF, 0x08, 0x00, 0x00, 0x00, 0xA1, 0xFF, 0xFF, 0xFF, 0xFF, 0xFF, 0x09, 0x40,
    0xFF, 0xFF, 0x08, 0x00, 0x00, 0x00, 0x00, 0x82, 0xEC, 0xEF, 0xBD, 0x16, 0x00, 0x00, 0x00, 0x00,
    0x00, 0x00, 0x00, 0x00, 0x00, 0x10, 0xB7, 0xFE, 0xDF, 0x8C, 0x04, 0x00, 0x00, 0x00, 0x00, 0x00,
    0x00, 0x00, 0x10, 0xFA, 0xFF, 0xFF, 0xFF, 0xFF, 0xEF, 0x05, 0x00, 0x00, 0x00, 0x00, 0x00, 0x00,
    0xF6, 0xFF, 0xFF, 0xFF, 0xFF, 0xFF, 0xFF, 0xBF, 0x00, 0x00, 0x00, 0x00, 0x00, 0x80, 0xFF, 0xFF,
    0xFF, 0xFF, 0xFF, 0xFF, 0xFF, 0xFF, 0x1C, 0x00, 0x00, 0x00, 0x00, 0xF8, 0xFF, 0xFF, 0xCF, 0x57,
    0x75, 0xFB, 0xFF, 0xFF, 0xBF, 0x00, 0x00, 0x00, 0x40, 0xFF, 0xFF, 0xDF, 0x03, 0x00, 0x00, 0x20,
    0xFC, 0xFF, 0xFF, 0x05, 0x00, 0x00, 0xE0, 0xFF, 0xFF, 0x1C, 0x00, 0x00, 0x00, 0x00, 0xC0, 0xFF,
    0xFF, 0x0E, 0x00, 0x00, 0xF8, 0xFF, 0xEF, 0x01, 0x00, 0x00, 0x00, 0x00, 0x10, 0xFF, 0xFF, 0x5F,
    0x00, 0x00, 0xFE, 0xFF, 0x6F, 0x00, 0x00, 0x00, 0x00, 0x00, 0x00, 0xF8, 0xFF, 0xBF, 0x00, 0x50,
    0xFF, 0xFF, 0x0E, 0x00, 0x00, 0x00, 0x00, 0x00, 0x00, 0xF2, 0xFF, 0xFF, 0x00, 0xA0, 0xFF, 0xFF,
    0x09, 0x00, 0x00, 0x00, 0x00, 0x00, 0x00, 0xE0, 0xFF, 0xFF, 0x02, 0xE0, 0xFF, 0xFF, 0x05, 0x00,
    0x00, 0x00, 0x00, 0x00, 0x00, 0xB0, 0xFF, 0xFF, 0x05, 0xF1, 0xFF, 0xFF, 0x02, 0x00, 0x00, 0x00,
    0x00, 0x00, 0x00, 0xA0, 0xFF, 0xFF, 0x07, 0xF3, 0xFF, 0xFF, 0xFF, 0xFF, 0xFF, 0xFF, 0xFF, 0xFF,
    0xFF, 0xFF, 0xFF, 0xFF, 0x08, 0xF4, 0xFF, 0xFF, 0xFF, 0xFF, 0xFF, 0xFF, 0xFF, 0xFF, 0xFF, 0xFF,
    0xFF, 0xFF, 0x09, 0xF5, 0xFF, 0xFF, 0xFF, 0xFF, 0xFF, 0xFF, 0xFF, 0xFF, 0xFF, 0xFF, 0xFF, 0xFF,
    0x09, 0xF5, 0xFF, 0xFF, 0xFF, 0xFF, 0xFF, 0xFF, 0xFF, 0xFF, 0xFF, 0xFF, 0xFF, 0xFF, 0x0A, 0xF5,
    0xFF, 0xEF, 0x55, 0x55, 0x55, 0x55, 0x55, 0x55, 0x55, 0x55, 0x55, 0x55, 0x03, 0xF3, 0xFF, 0xFF,
    0x00, 0x00, 0x00, 0x00, 0x00, 0x00, 0x00, 0x00, 0x00, 0x00, 0x00, 0xF2, 0xFF, 0xFF, 0x01, 0x00,
    0x00, 0x00, 0x00, 0x00, 0x00, 0x00, 0x00, 0x00, 0x00, 0xF0, 0xFF, 0xFF, 0x05, 0x00, 0x00, 0x00,
    0x00, 0x00, 0x00, 0x00, 0x00, 0x00, 0x00, 0xC0, 0xFF, 0xFF, 0x09, 0x00, 0x00, 0x00, 0x00, 0x00,
    0x00, 0x00, 0x00, 0x00, 0x00, 0x80, 0xFF, 0xFF, 0x1F, 0x00, 0x00, 0x00, 0x00, 0x00, 0x00, 0x00,
    0x00, 0x00, 0x00, 0x20, 0xFF, 0xFF, 0x8F, 0x00, 0x00, 0x00, 0x00, 0x00, 0x00, 0x00, 0x21, 0x00,
    0x00, 0x00, 0xFB, 0xFF, 0xFF, 0x04, 0x00, 0x00, 0x00, 0x00, 0x00, 0x00, 0xFC, 0x05, 0x00, 0x00,
    0xF3, 0xFF, 0xFF, 0x4F, 0x00, 0x00, 0x00, 0x00, 0x00, 0xC1, 0xFF, 0x8F, 0x00, 0x00, 0x80, 0xFF,
    0xFF, 0xFF, 0x08, 0x00, 0x00, 0x00, 0x50, 0xFE, 0xFF, 0xDF, 0x00, 0x00, 0x00, 0xFB, 0xFF, 0xFF,
    0xFF, 0x6A, 0x45, 0x96, 0xFE, 0xFF, 0xFF, 0x3F, 0x00, 0x00, 0x00, 0xB0, 0xFF, 0xFF, 0xFF, 0xFF,
    0xFF, 0xFF, 0xFF, 0xFF, 0xFF, 0x03, 0x00, 0x00, 0x00, 0x00, 0xF8, 0xFF, 0xFF, 0xFF, 0xFF, 0xFF,
    0xFF, 0xFF, 0x2D, 0x00, 0x00, 0x00, 0x00, 0x00, 0x30, 0xFB, 0xFF, 0xFF, 0xFF, 0xFF, 0xFF, 0x7E,
    0x00, 0x00, 0x00, 0x00, 0x00, 0x00, 0x00, 0x20, 0xB7, 0xFD, 0xFF, 0xCE, 0x49, 0x00, 0x00, 0x00,
    0x00, 0x00, 0x00, 0x00, 0x00, 0x00, 0x50, 0xDA, 0xFE, 0xDF, 0x1A, 0x00, 0x00, 0x00, 0x00, 0x60,
    0xFE, 0xFF, 0xFF, 0xFF, 0x2F, 0x00, 0x00, 0x00, 0x00, 0xFA, 0xFF, 0xFF, 0xFF, 0xFF, 0x1F, 0x00,
    0x00, 0x00, 0x80, 0xFF, 0xFF, 0xFF, 0xFF, 0xFF, 0x0F, 0x00, 0x00, 0x00, 0xF3, 0xFF, 0xFF, 0xFF,
    0x8A, 0x87, 0x0A, 0x00, 0x00, 0x00, 0xFA, 0xFF, 0xFF, 0x0A, 0x00, 0x00, 0x00, 0x00, 0x00, 0x00,
    0xFF, 0xFF, 0xBF, 0x00, 0x00, 0x00, 0x00, 0x00, 0x00, 0x30, 0xFF, 0xFF, 0x3F, 0x00, 0x00, 0x00,
    0x00, 0x00, 0x00, 0x50, 0xFF, 0xFF, 0x0E, 0x00, 0x00, 0x00, 0x00, 0x00, 0x00, 0x60, 0xFF, 0xFF,
    0x0C, 0x00, 0x00, 0x00, 0x00, 0x00, 0x00, 0x70, 0xFF, 0xFF, 0x0C, 0x00, 0x00, 0x00, 0x00, 0x00,
    0x00, 0x70, 0xFF, 0xFF, 0x0C, 0x00, 0x00, 0x00, 0x00, 0x00, 0x00, 0x70, 0xFF, 0xFF, 0x0C, 0x00,
    0x00, 0x00, 0x00, 0xF4, 0xFF, 0xFF, 0xFF, 0xFF, 0xFF, 0xFF, 0xFF, 0x5F, 0x00, 0xF4, 0xFF, 0xFF,
    0xFF, 0xFF, 0xFF, 0xFF, 0xFF, 0x5F, 0x00, 0xF4, 0xFF, 0xFF, 0xFF, 0xFF, 0xFF, 0xFF, 0xFF, 0x5F,
    0x00, 0xF4, 0xFF, 0xFF, 0xFF, 0xFF, 0xFF, 0xFF, 0xFF, 0x5F, 0x00, 0x00, 0x00, 0x70, 0xFF, 0xFF,
    0x0C, 0x00, 0x00, 0x00, 0x00, 0x00, 0x00, 0x70, 0xFF, 0xFF, 0x0C, 0x00, 0x00, 0x00, 0x00, 0x00,
    0x00, 0x70, 0xFF, 0xFF, 0x0C, 0x00, 0x00, 0x00, 0x00, 0x00, 0x00, 0x70, 0xFF, 0xFF, 0x0C, 0x00,
    0x00, 0x00, 0x00, 0x00, 0x00, 0x70, 0xFF, 0xFF, 0x0C, 0x00, 0x00, 0x00, 0x00, 0x00, 0x00, 0x70,
    0xFF, 0xFF, 0x0C, 0x00, 0x00, 0x00, 0x00, 0x00, 0x00, 0x70, 0xFF, 0xFF, 0x0C, 0x00, 0x00, 0x00,
    0x00, 0x00, 0x00, 0x70, 0xFF, 0xFF, 0x0C, 0x00, 0x00, 0x00, 0x00, 0x00, 0x00, 0x70, 0xFF, 0xFF,
    0x0C, 0x00, 0x00, 0x00, 0x00, 0x00, 0x00, 0x70, 0xFF, 0xFF, 0x0C, 0x00, 0x00, 0x00, 0x00, 0x00,
    0x00, 0x70, 0xFF, 0xFF, 0x0C, 0x00, 0x00, 0x00, 0x00, 0x00, 0x00, 0x70, 0xFF, 0xFF, 0x0C, 0x00,
    0x00, 0x00, 0x00, 0x00, 0x00, 0x70, 0xFF, 0xFF, 0x0C, 0x00, 0x00, 0x00, 0x00, 0x00, 0x00, 0x70,
    0xFF, 0xFF, 0x0C, 0x00, 0x00, 0x00, 0x00, 0x00, 0x00, 0x70, 0xFF, 0xFF, 0x0C, 0x00, 0x00, 0x00,
    0x00, 0x00, 0x00, 0x70, 0xFF, 0xFF, 0x0C, 0x00, 0x00, 0x00, 0x00, 0x00, 0x00, 0x70, 0xFF, 0xFF,
    0x0C, 0x00, 0x00, 0x00, 0x00, 0x00, 0x00, 0x70, 0xFF, 0xFF, 0x0C, 0x00, 0x00, 0x00, 0x00, 0x00,
    0x00, 0x70, 0xFF, 0xFF, 0x0C, 0x00, 0x00, 0x00, 0x00, 0x00, 0x00, 0x70, 0xFF, 0xFF, 0x0C, 0x00,
    0x00, 0x00, 0x00, 0x00, 0x00, 0x70, 0xFF, 0xFF, 0x0C, 0x00, 0x00, 0x00, 0x00, 0x00, 0x00, 0x70,
    0xFF, 0xFF, 0x0C, 0x00, 0x00, 0x00, 0x00, 0x00, 0x00, 0x70, 0xFF, 0xFF, 0x0C, 0x00, 0x00, 0x00,
    0x00, 0x00, 0x00, 0x70, 0xFF, 0xFF, 0x0C, 0x00, 0x00, 0x00, 0x00, 0x00, 0x00, 0x70, 0xFF, 0xFF,
    0x0C, 0x00, 0x00, 0x00, 0x00, 0x00, 0x00, 0x70, 0xFF, 0xFF, 0x0C, 0x00, 0x00, 0x00, 0x00, 0x00,
    0x00, 0x70, 0xFF, 0xFF, 0x0C, 0x00, 0x00, 0x00, 0x00, 0x00, 0x00, 0x00, 0x00, 0x82, 0xEC, 0xEF,
    0xBD, 0x16, 0x00, 0x30, 0xFF, 0xFF, 0x09, 0x00, 0x00, 0x00, 0xB2, 0xFF, 0xFF, 0xFF, 0xFF, 0xFF,
    0x09, 0x40, 0xFF, 0xFF, 0x09, 0x00, 0x00, 0x40, 0xFF, 0xFF, 0xFF, 0xFF, 0xFF, 0xFF, 0xEF, 0x52,
    0xFF, 0xFF, 0x09, 0x00, 0x00, 0xF5, 0xFF, 0xFF, 0xFF, 0xFF, 0xFF, 0xFF, 0xFF, 0x9E, 0xFF, 0xFF,
    0x09, 0x00, 0x20, 0xFF, 0xFF, 0xFF, 0xEF, 0x8A, 0x97, 0xFC, 0xFF, 0xFF, 0xFF, 0xFF, 0x09, 0x00,
    0xB0, 0xFF, 0xFF, 0xEF, 0x05, 0x00, 0x00, 0x20, 0xFB, 0xFF, 0xFF, 0xFF, 0x09, 0x00, 0xF5, 0xFF,
    0xFF, 0x1E, 0x00, 0x00, 0x00, 0x00, 0x70, 0xFF, 0xFF, 0xFF, 0x09, 0x00, 0xFC, 0xFF, 0xFF, 0x02,
    0x00, 0x00, 0x00, 0x00, 0x00, 0xF9, 0xFF, 0xFF, 0x09, 0x20, 0xFF, 0xFF, 0x8F, 0x00, 0x00, 0x00,
    0x00, 0x00, 0x00, 0xD0, 0xFF, 0xFF, 0x09, 0x70, 0xFF, 0xFF, 0x1F, 0x00, 0x00, 0x00, 0x00, 0x00,
    0x00, 0xA0, 0xFF, 0xFF, 0x09, 0xB0, 0xFF, 0xFF, 0x0B, 0x00, 0x00, 0x00, 0x00, 0x00, 0x00, 0xA0,
    0xFF, 0xFF, 0x09, 0xE0, 0xFF, 0xFF, 0x07, 0x00, 0x00, 0x00, 0x00, 0x00, 0x00, 0xA0, 0xFF, 0xFF,
    0x09, 0xF1, 0xFF, 0xFF, 0x04, 0x00, 0x00, 0x00, 0x00, 0x00, 0x00, 0xA0, 0xFF, 0xFF, 0x09, 0xF2,
    0xFF, 0xFF, 0x02, 0x00, 0x00, 0x00, 0x00, 0x00, 0x00, 0xA0, 0xFF, 0xFF, 0x09, 0xF3, 0xFF, 0xFF,
    0x01, 0x00, 0x00, 0x00, 0x00, 0x00, 0x00, 0xA0, 0xFF, 0xFF, 0x09, 0xF4, 0xFF, 0xFF, 0x00, 0x00,
    0x00, 0x00, 0x00, 0x00, 0x00, 0xA0, 0xFF, 0xFF, 0x09, 0xF3, 0xFF, 0xFF, 0x00, 0x00, 0x00, 0x00,
    0x00, 0x00, 0x00, 0xA0, 0xFF, 0xFF, 0x09, 0xF2, 0xFF, 0xFF, 0x00, 0x00, 0x00, 0x00, 0x00, 0x00,
    0x00, 0xA0, 0xFF, 0xFF, 0x09, 0xF1, 0xFF, 0xFF, 0x01, 0x00, 0x00, 0x00, 0x00, 0x00, 0x00, 0xA0,
    0xFF, 0xFF, 0x09, 0xF0, 0xFF, 0xFF, 0x03, 0x00, 0x00, 0x00, 0x00, 0x00, 0x00, 0xA0, 0xFF, 0xFF,
    0x09, 0xD0, 0xFF, 0xFF, 0x06, 0x00, 0x00, 0x00, 0x00, 0x00, 0x00, 0xA0, 0xFF, 0xFF, 0x09, 0xA0,
    0xFF, 0xFF, 0x0A, 0x00, 0x00, 0x00, 0x00, 0x00, 0x00, 0xA0, 0xFF, 0xFF, 0x09, 0x60, 0xFF, 0xFF,
    0x0F, 0x00, 0x00, 0x00, 0x00, 0x00, 0x00, 0xA0, 0xFF, 0xFF, 0x09, 0x10, 0xFF, 0xFF, 0x8F, 0x00,
    0x00, 0x00, 0x00, 0x00, 0x00, 0xE0, 0xFF, 0xFF, 0x09, 0x00, 0xFB, 0xFF, 0xFF, 0x02, 0x00, 0x00,
    0x00, 0x00, 0x00, 0xF9, 0xFF, 0xFF, 0x09, 0x00, 0xF4, 0xFF, 0xFF, 0x1D, 0x00, 0x00, 0x00, 0x00,
    0x80, 0xFF, 0xFF, 0xFF, 0x09, 0x00, 0xA0, 0xFF, 0xFF, 0xEF, 0x05, 0x00, 0x00, 0x20, 0xFB, 0xFF,
    0xFF, 0xFF, 0x09, 0x00, 0x10, 0xFE, 0xFF, 0xFF, 0xEF, 0x89, 0x97, 0xFC, 0xFF, 0xFF, 0xFF, 0xFF,
    0x09, 0x00, 0x00, 0xF4, 0xFF, 0xFF, 0xFF, 0xFF, 0xFF, 0xFF, 0xFF, 0xDF, 0xFF, 0xFF, 0x09, 0x00,
    0x00, 0x40, 0xFE, 0xFF, 0xFF, 0xFF, 0xFF, 0xFF, 0xEF, 0xA3, 0xFF, 0xFF, 0x09, 0x00, 0x00, 0x00,
    0xB1, 0xFF, 0xFF, 0xFF, 0xFF, 0xFF, 0x19, 0xA0, 0xFF, 0xFF, 0x09, 0x00, 0x00, 0x00, 0x00, 0x82,
    0xEC, 0xEF, 0xBD, 0x16, 0x00, 0xB0, 0xFF, 0xFF, 0x07, 0x00, 0x00, 0x00, 0x00, 0x00, 0x00, 0x00,
    0x00, 0x00, 0x00, 0xC0, 0xFF, 0xFF, 0x06, 0x00, 0x00, 0x00, 0x00, 0x00, 0x00, 0x00, 0x00, 0x00,
    0x00, 0xF0, 0xFF, 0xFF, 0x03, 0x00, 0x00, 0x00, 0x00, 0x00, 0x00, 0x00, 0x00, 0x00, 0x00, 0xF5,
    0xFF, 0xFF, 0x00, 0x00, 0x00, 0x98, 0x00, 0x00, 0x00, 0x00, 0x00, 0x00, 0x00, 0xFD, 0xFF, 0xAF,
    0x00, 0x00, 0x60, 0xFF, 0x1A, 0x00, 0x00, 0x00, 0x00, 0x00, 0xA0, 0xFF, 0xFF, 0x3F, 0x00, 0x00,
    0xF5, 0xFF, 0xEF, 0x06, 0x00, 0x00, 0x00, 0x30, 0xFC, 0xFF, 0xFF, 0x0A, 0x00, 0x00, 0xF4, 0xFF,
    0xFF, 0xFF, 0x7A, 0x45, 0x85, 0xFC, 0xFF, 0xFF, 0xDF, 0x01, 0x00, 0x00, 0x50, 0xFF, 0xFF, 0xFF,
    0xFF, 0xFF, 0xFF, 0xFF, 0xFF, 0xFF, 0x2E, 0x00, 0x00, 0x00, 0x00, 0xC2, 0xFF, 0xFF, 0xFF, 0xFF,
    0xFF, 0xFF, 0xFF, 0xCF, 0x01, 0x00, 0x00, 0x00, 0x00, 0x00, 0xC5, 0xFF, 0xFF, 0xFF, 0xFF, 0xFF,
    0xDF, 0x06, 0x00, 0x00, 0x00, 0x00, 0x00, 0x00, 0x00, 0x72, 0xDA, 0xFF, 0xDE, 0x8C, 0x04, 0x00,
    0x00, 0x00, 0x00, 0xF0, 0xFF, 0xFF, 0x03, 0x00, 0x00, 0x00, 0x00, 0x00, 0x00, 0x00, 0x00, 0x00,
    0xF0, 0xFF, 0xFF, 0x03, 0x00, 0x00, 0x00, 0x00, 0x00, 0x00, 0x00, 0x00, 0x00, 0xF0, 0xFF, 0xFF,
    0x03, 0x00, 0x00, 0x00, 0x00, 0x00, 0x00, 0x00, 0x00, 0x00, 0xF0, 0xFF, 0xFF, 0x03, 0x00, 0x00,
    0x00, 0x00, 0x00, 0x00, 0x00, 0x00, 0x00, 0xF0, 0xFF, 0xFF, 0x03, 0x00, 0x00, 0x00, 0x00, 0x00,
    0x00, 0x00, 0x00, 0x00, 0xF0, 0xFF, 0xFF, 0x03, 0x00, 0x00, 0x00, 0x00, 0x00, 0x00, 0x00, 0x00,
    0x00, 0xF0, 0xFF, 0xFF, 0x03, 0x00, 0x00, 0x00, 0x00, 0x00, 0x00, 0x00, 0x00, 0x00, 0xF0, 0xFF,
    0xFF, 0x03, 0x00, 0x00, 0x00, 0x00, 0x00, 0x00, 0x00, 0x00, 0x00, 0xF0, 0xFF, 0xFF, 0x03, 0x00,
    0x00, 0x00, 0x00, 0x00, 0x00, 0x00, 0x00, 0x00, 0xF0, 0xFF, 0xFF, 0x03, 0x00, 0x00, 0x00, 0x00,
    0x00, 0x00, 0x00, 0x00, 0x00, 0xF0, 0xFF, 0xFF, 0x03, 0x00, 0x00, 0x00, 0x00, 0x00, 0x00, 0x00,
    0x00, 0x00, 0xF0, 0xFF, 0xFF, 0x03, 0x00, 0x00, 0x00, 0x00, 0x00, 0x00, 0x00, 0x00, 0x00, 0xF0,
    0xFF, 0xFF, 0x03, 0x00, 0x00, 0x00, 0x00, 0x00, 0x00, 0x00, 0x00, 0x00, 0xF0, 0xFF, 0xFF, 0x03,
    0x00, 0x61, 0xDB, 0xFF, 0xCE, 0x49, 0x00, 0x00, 0x00, 0xF0, 0xFF, 0xFF, 0x03, 0x80, 0xFF, 0xFF,
    0xFF, 0xFF, 0xFF, 0x3C, 0x00, 0x00, 0xF0, 0xFF, 0xFF, 0x23, 0xFD, 0xFF, 0xFF, 0xFF, 0xFF, 0xFF,
    0xFF, 0x05, 0x00, 0xF0, 0xFF, 0xFF, 0xE6, 0xFF, 0xFF, 0xFF, 0xFF, 0xFF, 0xFF, 0xFF, 0x2F, 0x00,
    0xF0, 0xFF, 0xFF, 0xFF, 0xFF, 0xCF, 0x78, 0xA8, 0xFE, 0xFF, 0xFF, 0xBF, 0x00, 0xF0, 0xFF, 0xFF,
    0xFF, 0xAF, 0x01, 0x00, 0x00, 0x60, 0xFF, 0xFF, 0xFF, 0x02, 0xF0, 0xFF, 0xFF, 0xFF, 0x07, 0x00,
    0x00, 0x00, 0x00, 0xF5, 0xFF, 0xFF, 0x07, 0xF0, 0xFF, 0xFF, 0x6F, 0x00, 0x00, 0x00, 0x00, 0x00,
    0xC0, 0xFF, 0xFF, 0x0B, 0xF0, 0xFF, 0xFF, 0x0B, 0x00, 0x00, 0x00, 0x00, 0x00, 0x70, 0xFF, 0xFF,
    0x0E, 0xF0, 0xFF, 0xFF, 0x03, 0x00, 0x00, 0x00, 0x00, 0x00, 0x40, 0xFF, 0xFF, 0x0F, 0xF0, 0xFF,
    0xFF, 0x03, 0x00, 0x00, 0x00, 0x00, 0x00, 0x30, 0xFF, 0xFF, 0x0F, 0xF0, 0xFF, 0xFF, 0x03, 0x00,
    0x00, 0x00, 0x00, 0x00, 0x20, 0xFF, 0xFF, 0x1F, 0xF0, 0xFF, 0xFF, 0x03, 0x00, 0x00, 0x00, 0x00,
    0x00, 0x20, 0xFF, 0xFF, 0x1F, 0xF0, 0xFF, 0xFF, 0x03, 0x00, 0x00, 0x00, 0x00, 0x00, 0x20, 0xFF,
    0xFF, 0x1F, 0xF0, 0xFF, 0xFF, 0x03, 0x00, 0x00, 0x00, 0x00, 0x00, 0x20, 0xFF, 0xFF, 0x1F, 0xF0,
    0xFF, 0xFF, 0x03, 0x00, 0x00, 0x00, 0x00, 0x00, 0x20, 0xFF, 0xFF, 0x1F, 0xF0, 0xFF, 0xFF, 0x03,
    0x00, 0x00, 0x00, 0x00, 0x00, 0x20, 0xFF, 0xFF, 0x1F, 0xF0, 0xFF, 0xFF, 0x03, 0x00, 0x00, 0x00,
    0x00, 0x00, 0x20, 0xFF, 0xFF, 0x1F, 0xF0, 0xFF, 0xFF, 0x03, 0x00, 0x00, 0x00, 0x00, 0x00, 0x20,
    0xFF, 0xFF, 0x1F, 0xF0, 0xFF, 0xFF, 0x03, 0x00, 0x00, 0x00, 0x00, 0x00, 0x20, 0xFF, 0xFF, 0x1F,
    0xF0, 0xFF, 0xFF, 0x03, 0x00, 0x00, 0x00, 0x00, 0x00, 0x20, 0xFF, 0xFF, 0x1F, 0xF0, 0xFF, 0xFF,
    0x03, 0x00, 0x00, 0x00, 0x00, 0x00, 0x20, 0xFF, 0xFF, 0x1F, 0xF0, 0xFF, 0xFF, 0x03, 0x00, 0x00,
    0x00, 0x00, 0x00, 0x20, 0xFF, 0xFF, 0x1F, 0xF0, 0xFF, 0xFF, 0x03, 0x00, 0x00, 0x00, 0x00, 0x00,
    0x20, 0xFF, 0xFF, 0x1F, 0xF0, 0xFF, 0xFF, 0x03, 0x00, 0x00, 0x00, 0x00, 0x00, 0x20, 0xFF, 0xFF,
    0x1F, 0xF0, 0xFF, 0xFF, 0x03, 0x00, 0x00, 0x00, 0x00, 0x00, 0x20, 0xFF, 0xFF, 0x1F, 0xF0, 0xFF,
    0xFF, 0x03, 0x00, 0x00, 0x00, 0x00, 0x00, 0x20, 0xFF, 0xFF, 0x1F, 0xF0, 0xFF, 0xFF, 0x03, 0x00,
    0x00, 0x00, 0x00, 0x00, 0x20, 0xFF, 0xFF, 0x1F, 0xF0, 0xFF, 0xFF, 0x03, 0x00, 0x00, 0x00, 0x00,
    0x00, 0x20, 0xFF, 0xFF, 0x1F, 0xF0, 0xFF, 0xFF, 0x03, 0x00, 0x00, 0x00, 0x00, 0x00, 0x20, 0xFF,
    0xFF, 0x1F, 0xF0, 0xFF, 0xFF, 0x03, 0x00, 0x00, 0x00, 0x00, 0x00, 0x20, 0xFF, 0xFF, 0x1F, 0x90,
    0xEE, 0x1A, 0x00, 0xF9, 0xFF, 0xCF, 0x00, 0xFE, 0xFF, 0xFF, 0x01, 0xFE, 0xFF, 0xFF, 0x01, 0xF9,
    0xFF, 0xCF, 0x00, 0x90, 0xEE, 0x1B, 0x00, 0x00, 0x00, 0x00, 0x00, 0x00, 0x00, 0x00, 0x00, 0x00,
    0x00, 0x00, 0x00, 0x00, 0x00, 0x00, 0x00, 0x00, 0x00, 0x00, 0x00, 0xF9, 0xFF, 0xAF, 0x00, 0xF9,
    0xFF, 0xAF, 0x00, 0xF9, 0xFF, 0xAF, 0x00, 0xF9, 0xFF, 0xAF, 0x00, 0xF9, 0xFF, 0xAF, 0x00, 0xF9,
    0xFF, 0xAF, 0x00, 0xF9, 0xFF, 0xAF, 0x00, 0xF9, 0xFF, 0xAF, 0x00, 0xF9, 0xFF, 0xAF, 0x00, 0xF9,
    0xFF, 0xAF, 0x00, 0xF9, 0xFF, 0xAF, 0x00, 0xF9, 0xFF, 0xAF, 0x00, 0xF9, 0xFF, 0xAF, 0x00, 0xF9,
    0xFF, 0xAF, 0x00, 0xF9, 0xFF, 0xAF, 0x00, 0xF9, 0xFF, 0xAF, 0x00, 0xF9, 0xFF, 0xAF, 0x00, 0xF9,
    0xFF, 0xAF, 0x00, 0xF9, 0xFF, 0xAF, 0x00, 0xF9, 0xFF, 0xAF, 0x00, 0xF9, 0xFF, 0xAF, 0x00, 0xF9,
    0xFF, 0xAF, 0x00, 0xF9, 0xFF, 0xAF, 0x00, 0xF9, 0xFF, 0xAF, 0x00, 0xF9, 0xFF, 0xAF, 0x00, 0xF9,
    0xFF, 0xAF, 0x00, 0xF9, 0xFF, 0xAF, 0x00, 0xF9, 0xFF, 0xAF, 0x00, 0xF9, 0xFF, 0xAF, 0x00, 0xF9,
    0xFF, 0xAF, 0x00, 0xF9, 0xFF, 0xAF, 0x00, 0x00, 0x00, 0x00, 0xC3, 0xDF, 0x07, 0x00, 0x00, 0x10,
    0xFE, 0xFF, 0x5F, 0x00, 0x00, 0x50, 0xFF, 0xFF, 0xAF, 0x00, 0x00, 0x50, 0xFF, 0xFF, 0xAF, 0x00,
    0x00, 0x10, 0xFF, 0xFF, 0x5F, 0x00, 0x00, 0x00, 0xC3, 0xDF, 0x07, 0x00, 0x00, 0x00, 0x00, 0x00,
    0x00, 0x00, 0x00, 0x00, 0x00, 0x00, 0x00, 0x00, 0x00, 0x00, 0x00, 0x00, 0x00, 0x00, 0x00, 0x00,
    0x00, 0x00, 0x00, 0x00, 0x00, 0x00, 0x00, 0x00, 0x00, 0x00, 0x00, 0x00, 0xFD, 0xFF, 0x6F, 0x00,
    0x00, 0x00, 0xFD, 0xFF, 0x6F, 0x00, 0x00, 0x00, 0xFD, 0xFF, 0x6F, 0x00, 0x00, 0x00, 0xFD, 0xFF,
    0x6F, 0x00, 0x00, 0x00, 0xFD, 0xFF, 0x6F, 0x00, 0x00, 0x00, 0xFD, 0xFF, 0x6F, 0x00, 0x00, 0x00,
    0xFD, 0xFF, 0x6F, 0x00, 0x00, 0x00, 0xFD, 0xFF, 0x6F, 0x00, 0x00, 0x00, 0xFD, 0xFF, 0x6F, 0x00,
    0x00, 0x00, 0xFD, 0xFF, 0x6F, 0x00, 0x00, 0x00, 0xFD, 0xFF, 0x6F, 0x00, 0x00, 0x00, 0xFD, 0xFF,
    0x6F, 0x00, 0x00, 0x00, 0xFD, 0xFF, 0x6F, 0x00, 0x00, 0x00, 0xFD, 0xFF, 0x6F, 0x00, 0x00, 0x00,
    0xFD, 0xFF, 0x6F, 0x00, 0x00, 0x00, 0xFD, 0xFF, 0x6F, 0x00, 0x00, 0x00, 0xFD, 0xFF, 0x6F, 0x00,
    0x00, 0x00, 0xFD, 0xFF, 0x6F, 0x00, 0x00, 0x00, 0xFD, 0xFF, 0x6F, 0x00, 0x00, 0x00, 0xFD, 0xFF,
    0x6F, 0x00, 0x00, 0x00, 0xFD, 0xFF, 0x6F, 0x00, 0x00, 0x00, 0xFD, 0xFF, 0x6F, 0x00, 0x00, 0x00,
    0xFD, 0xFF, 0x6F, 0x00, 0x00, 0x00, 0xFD, 0xFF, 0x6F, 0x00, 0x00, 0x00, 0xFD, 0xFF, 0x6F, 0x00,
    0x00, 0x00, 0xFD, 0xFF, 0x6F, 0x00, 0x00, 0x00, 0xFD, 0xFF, 0x6F, 0x00, 0x00, 0x00, 0xFD, 0xFF,
    0x6F, 0x00, 0x00, 0x00, 0xFD, 0xFF, 0x6F, 0x00, 0x00, 0x00, 0xFD, 0xFF, 0x6F, 0x00, 0x00, 0x00,
    0xFD, 0xFF, 0x6F, 0x00, 0x00, 0x00, 0xFD, 0xFF, 0x6F, 0x00, 0x00, 0x00, 0xFD, 0xFF, 0x6F, 0x00,
    0x00, 0x00, 0xFD, 0xFF, 0x6F, 0x00, 0x00, 0x00, 0xFD, 0xFF, 0x5F, 0x00, 0x00, 0x00, 0xFF, 0xFF,
    0x4F, 0x00, 0x00, 0x20, 0xFF, 0xFF, 0x2F, 0x00, 0x00, 0xB0, 0xFF, 0xFF, 0x0F, 0x88, 0x97, 0xFE,
    0xFF, 0xFF, 0x0A, 0xFD, 0xFF, 0xFF, 0xFF, 0xFF, 0x03, 0xFD, 0xFF, 0xFF, 0xFF, 0x9F, 0x00, 0xFD,
    0xFF, 0xFF, 0xFF, 0x08, 0x00, 0xD7, 0xFE, 0xCE, 0x28, 0x00, 0x00, 0xFF, 0xFF, 0x3F, 0x00, 0x00,
    0x00, 0x00, 0x00, 0x00, 0x00, 0x00, 0x00, 0x00, 0xFF, 0xFF, 0x3F, 0x00, 0x00, 0x00, 0x00, 0x00,
    0x00, 0x00, 0x00, 0x00, 0x00, 0xFF, 0xFF, 0x3F, 0x00, 0x00, 0x00, 0x00, 0x00, 0x00, 0x00, 0x00,
    0x00, 0x00, 0xFF, 0xFF, 0x3F, 0x00, 0x00, 0x00, 0x00, 0x00, 0x00, 0x00, 0x00, 0x00, 0x00, 0xFF,
    0xFF, 0x3F, 0x00, 0x00, 0x00, 0x00, 0x00, 0x00, 0x00, 0x00, 0x00, 0x00, 0xFF, 0xFF, 0x3F, 0x00,
    0x00, 0x00, 0x00, 0x00, 0x00, 0x00, 0x00, 0x00, 0x00, 0xFF, 0xFF, 0x3F, 0x00, 0x00, 0x00, 0x00,
    0x00, 0x00, 0x00, 0x00, 0x00, 0x00, 0xFF, 0xFF, 0x3F, 0x00, 0x00, 0x00, 0x00, 0x00, 0x00, 0x00,
    0x00, 0x00, 0x00, 0xFF, 0xFF, 0x3F, 0x00, 0x00, 0x00, 0x00, 0x00, 0x00, 0x00, 0x00, 0x00, 0x00,
    0xFF, 0xFF, 0x3F, 0x00, 0x00, 0x00, 0x00, 0x00, 0x00, 0x00, 0x00, 0x00, 0x00, 0xFF, 0xFF, 0x3F,
    0x00, 0x00, 0x00, 0x00, 0x00, 0x00, 0x00, 0x00, 0x00, 0x00, 0xFF, 0xFF, 0x3F, 0x00, 0x00, 0x00,
    0x00, 0x00, 0x00, 0x00, 0x00, 0x00, 0x00, 0xFF, 0xFF, 0x3F, 0x00, 0x00, 0x00, 0x00, 0x00, 0x00,
    0x00, 0x00, 0x00, 0x00, 0xFF, 0xFF, 0x3F, 0x00, 0x00, 0x00, 0x00, 0x00, 0xD1, 0xFF, 0xFF, 0x7F,
    0x00, 0xFF, 0xFF, 0x3F, 0x00, 0x00, 0x00, 0x00, 0x00, 0xFC, 0xFF, 0xFF, 0x09, 0x00, 0xFF, 0xFF,
    0x3F, 0x00, 0x00, 0x00, 0x00, 0xB0, 0xFF, 0xFF, 0xAF, 0x00, 0x00, 0xFF, 0xFF, 0x3F, 0x00, 0x00,
    0x00, 0x00, 0xFA, 0xFF, 0xFF, 0x0B, 0x00, 0x00, 0xFF, 0xFF, 0x3F, 0x00, 0x00, 0x00, 0xA0, 0xFF,
    0xFF, 0xCF, 0x00, 0x00, 0x00, 0xFF, 0xFF, 0x3F, 0x00, 0x00, 0x00, 0xF9, 0xFF, 0xFF, 0x1D, 0x00,
    0x00, 0x00, 0xFF, 0xFF, 0x3F, 0x00, 0x00, 0x80, 0xFF, 0xFF, 0xDF, 0x01, 0x00, 0x00, 0x00, 0xFF,
    0xFF, 0x3F, 0x00, 0x00, 0xF7, 0xFF, 0xFF, 0x2E, 0x00, 0x00, 0x00, 0x00, 0xFF, 0xFF, 0x3F, 0x00,
    0x60, 0xFF, 0xFF, 0xFF, 0x03, 0x00, 0x00, 0x00, 0x00, 0xFF, 0xFF, 0x3F, 0x00, 0xF5, 0xFF, 0xFF,
    0x3F, 0x00, 0x00, 0x00, 0x00, 0x00, 0xFF, 0xFF, 0x3F, 0x30, 0xFF, 0xFF, 0xFF, 0x04, 0x00, 0x00,
    0x00, 0x00, 0x00, 0xFF, 0xFF, 0x3F, 0xE1, 0xFF, 0xFF, 0x5F, 0x00, 0x00, 0x00, 0x00, 0x00, 0x00,
    0xFF, 0xFF, 0x4F, 0xFC, 0xFF, 0xFF, 0x07, 0x00, 0x00, 0x00, 0x00, 0x00, 0x00, 0xFF, 0xFF, 0xDF,
    0xFF, 0xFF, 0xFF, 0x06, 0x00, 0x00, 0x00, 0x00, 0x00, 0x00, 0xFF, 0xFF, 0xFF, 0xFF, 0xFF, 0xFF,
    0x3F, 0x00, 0x00, 0x00, 0x00, 0x00, 0x00, 0xFF, 0xFF, 0xFF, 0xFF, 0xFF, 0xFF, 0xDF, 0x00, 0x00,
    0x00, 0x00, 0x00, 0x00, 0xFF, 0xFF, 0xFF, 0xFF, 0xFE, 0xFF, 0xFF, 0x0A, 0x00, 0x00, 0x00, 0x00,
    0x00, 0xFF, 0xFF, 0xFF, 0xAF, 0xD0, 0xFF, 0xFF, 0x6F, 0x00, 0x00, 0x00, 0x00, 0x00, 0xFF, 0xFF,
    0xFF, 0x0B, 0x20, 0xFF, 0xFF, 0xFF, 0x02, 0x00, 0x00, 0x00, 0x00, 0xFF, 0xFF, 0xCF, 0x00, 0x00,
    0xF5, 0xFF, 0xFF, 0x0D, 0x00, 0x00, 0x00, 0x00, 0xFF, 0xFF, 0x3F, 0x00, 0x00, 0x90, 0xFF, 0xFF,
    0x9F, 0x00, 0x00, 0x00, 0x00, 0xFF, 0xFF, 0x3F, 0x00, 0x00, 0x00, 0xFD, 0xFF, 0xFF, 0x05, 0x00,
    0x00, 0x00, 0xFF, 0xFF, 0x3F, 0x00, 0x00, 0x00, 0xF2, 0xFF, 0xFF, 0x2F, 0x00, 0x00, 0x00, 0xFF,
    0xFF, 0x3F, 0x00, 0x00, 0x00, 0x60, 0xFF, 0xFF, 0xCF, 0x00, 0x00, 0x00, 0xFF, 0xFF, 0x3F, 0x00,
    0x00, 0x00, 0x00, 0xFA, 0xFF, 0xFF, 0x08, 0x00, 0x00, 0xFF, 0xFF, 0x3F, 0x00, 0x00, 0x00, 0x00,
    0xD0, 0xFF, 0xFF, 0x4F, 0x00, 0x00, 0xFF, 0xFF, 0x3F, 0x00, 0x00, 0x00, 0x00, 0x30, 0xFF, 0xFF,
    0xEF, 0x01, 0x00, 0xFF, 0xFF, 0x3F, 0x00, 0x00, 0x00, 0x00, 0x00, 0xF6, 0xFF, 0xFF, 0x0B, 0x00,
    0xFF, 0xFF, 0x3F, 0x00, 0x00, 0x00, 0x00, 0x00, 0xA0, 0xFF, 0xFF, 0x7F, 0x00, 0xFF, 0xFF, 0x3F,
    0x00, 0x00, 0x00, 0x00, 0x00, 0x00, 0xFD, 0xFF, 0xFF, 0x03, 0xFF, 0xFF, 0x3F, 0x00, 0x00, 0x00,
    0x00, 0x00, 0x00, 0xF3, 0xFF, 0xFF, 0x1E, 0xF9, 0xFF, 0xAF, 0xF9, 0xFF, 0xAF, 0xF9, 0xFF, 0xAF,
    0xF9, 0xFF, 0xAF, 0xF9, 0xFF, 0xAF, 0xF9, 0xFF, 0xAF, 0xF9, 0xFF, 0xAF, 0xF9, 0xFF, 0xAF, 0xF9,
    0xFF, 0xAF, 0xF9, 0xFF, 0xAF, 0xF9, 0xFF, 0xAF, 0xF9, 0xFF, 0xAF, 0xF9, 0xFF, 0xAF, 0xF9, 0xFF,
    0xAF, 0xF9, 0xFF, 0xAF, 0xF9, 0xFF, 0xAF, 0xF9, 0xFF, 0xAF, 0xF9, 0xFF, 0xAF, 0xF9, 0xFF, 0xAF,
    0xF9, 0xFF, 0xAF, 0xF9, 0xFF, 0xAF, 0xF9, 0xFF, 0xAF, 0xF9, 0xFF, 0xAF, 0xF9, 0xFF, 0xAF, 0xF9,
    0xFF, 0xAF, 0xF9, 0xFF, 0xAF, 0xF9, 0xFF, 0xAF, 0xF9, 0xFF, 0xAF, 0xF9, 0xFF, 0xAF, 0xF9, 0xFF,
    0xAF, 0xF9, 0xFF, 0xAF, 0xF9, 0xFF, 0xAF, 0xF9, 0xFF, 0xAF, 0xF9, 0xFF, 0xAF, 0xF9, 0xFF, 0xAF,
    0xF9, 0xFF, 0xAF, 0xF9, 0xFF, 0xAF, 0xF9, 0xFF, 0xAF, 0xF9, 0xFF, 0xAF, 0xF9, 0xFF, 0xAF, 0xF9,
    0xFF, 0xAF, 0xF9, 0xFF, 0xAF, 0xF9, 0xFF, 0xAF, 0xF9, 0xFF, 0xAF, 0xF1, 0xFF, 0xEF, 0x00, 0x00,
    0x72, 0xDB, 0xFF, 0xCE, 0x39, 0x00, 0x00, 0x00, 0x00, 0x50, 0xDA, 0xFF, 0xDF, 0x7B, 0x02, 0x00,
    0x00, 0xF1, 0xFF, 0xFF, 0x00, 0xB2, 0xFF, 0xFF, 0xFF, 0xFF, 0xFF, 0x2C, 0x00, 0x00, 0x60, 0xFE,
    0xFF, 0xFF, 0xFF, 0xFF, 0xAF, 0x01, 0x00, 0xF1, 0xFF, 0xFF, 0x70, 0xFF, 0xFF, 0xFF, 0xFF, 0xFF,
    0xFF, 0xFF, 0x03, 0x10, 0xFB, 0xFF, 0xFF, 0xFF, 0xFF, 0xFF, 0xFF, 0x2D, 0x00, 0xF1, 0xFF, 0xFF,
    0xF8, 0xFF, 0xFF, 0xFF, 0xFF, 0xFF, 0xFF, 0xFF, 0x1E, 0xD0, 0xFF, 0xFF, 0xFF, 0xFF, 0xFF, 0xFF,
    0xFF, 0xDF, 0x00, 0xF1, 0xFF, 0xFF, 0xFF, 0xFF, 0x9D, 0x77, 0xB8, 0xFF, 0xFF, 0xFF, 0xAF, 0xFB,
    0xFF, 0xEF, 0x8A, 0x87, 0xFB, 0xFF, 0xFF, 0xFF, 0x08, 0xF1, 0xFF, 0xFF, 0xFF, 0x3C, 0x00, 0x00,
    0x00, 0x91, 0xFF, 0xFF, 0xFF, 0xFF, 0xEF, 0x05, 0x00, 0x00, 0x10, 0xF8, 0xFF, 0xFF, 0x0E, 0xF1,
    0xFF, 0xFF, 0xBF, 0x00, 0x00, 0x00, 0x00, 0x00, 0xF9, 0xFF, 0xFF, 0xFF, 0x1D, 0x00, 0x00, 0x00,
    0x00, 0x80, 0xFF, 0xFF, 0x5F, 0xF1, 0xFF, 0xFF, 0x0D, 0x00, 0x00, 0x00, 0x00, 0x00, 0xE0, 0xFF,
    0xFF, 0xFF, 0x03, 0x00, 0x00, 0x00, 0x00, 0x00, 0xFE, 0xFF, 0x8F, 0xF1, 0xFF, 0xFF, 0x05, 0x00,
    0x00, 0x00, 0x00, 0x00, 0x90, 0xFF, 0xFF, 0xAF, 0x00, 0x00, 0x00, 0x00, 0x00, 0x00, 0xFA, 0xFF,
    0xBF, 0xF1, 0xFF, 0xFF, 0x02, 0x00, 0x00, 0x00, 0x00, 0x00, 0x50, 0xFF, 0xFF, 0x4F, 0x00, 0x00,
    0x00, 0x00, 0x00, 0x00, 0xF7, 0xFF, 0xDF, 0xF1, 0xFF, 0xFF, 0x02, 0x00, 0x00, 0x00, 0x00, 0x00,
    0x40, 0xFF, 0xFF, 0x1F, 0x00, 0x00, 0x00, 0x00, 0x00, 0x00, 0xF5, 0xFF, 0xEF, 0xF1, 0xFF, 0xFF,
    0x02, 0x00, 0x00, 0x00, 0x00, 0x00, 0x30, 0xFF, 0xFF, 0x0F, 0x00, 0x00, 0x00, 0x00, 0x00, 0x00,
    0xF5, 0xFF, 0xEF, 0xF1, 0xFF, 0xFF, 0x02, 0x00, 0x00, 0x00, 0x00, 0x00, 0x30, 0xFF, 0xFF, 0x0F,
    0x00, 0x00, 0x00, 0x00, 0x00, 0x00, 0xF5, 0xFF, 0xEF, 0xF1, 0xFF, 0xFF, 0x02, 0x00, 0x00, 0x00,
    0x00, 0x00, 0x30, 0xFF, 0xFF, 0x0F, 0x00, 0x00, 0x00, 0x00, 0x00, 0x00, 0xF5, 0xFF, 0xEF, 0xF1,
    0xFF, 0xFF, 0x02, 0x00, 0x00, 0x00, 0x00, 0x00, 0x30, 0xFF, 0xFF, 0x0F, 0x00, 0x00, 0x00, 0x00,
    0x00, 0x00, 0xF5, 0xFF, 0xEF, 0xF1, 0xFF, 0xFF, 0x02, 0x00, 0x00, 0x00, 0x00, 0x00, 0x30, 0xFF,
    0xFF, 0x0F, 0x00, 0x00, 0x00, 0x00, 0x00, 0x00, 0xF5, 0xFF, 0xEF, 0xF1, 0xFF, 0xFF, 0x02, 0x00,
    0x00, 0x00, 0x00, 0x00, 0x30, 0xFF, 0xFF, 0x0F, 0x00, 0x00, 0x00, 0x00, 0x00, 0x00, 0xF5, 0xFF,
    0xEF, 0xF1, 0xFF, 0xFF, 0x02, 0x00, 0x00, 0x00, 0x00, 0x00, 0x30, 0xFF, 0xFF, 0x0F, 0x00, 0x00,
    0x00, 0x00, 0x00, 0x00, 0xF5, 0xFF, 0xEF, 0xF1, 0xFF, 0xFF, 0x02, 0x00, 0x00, 0x00, 0x00, 0x00,
    0x30, 0xFF, 0xFF, 0x0F, 0x00, 0x00, 0x00, 0x00, 0x00, 0x00, 0xF5, 0xFF, 0xEF, 0xF1, 0xFF, 0xFF,
    0x02, 0x00, 0x00, 0x00, 0x00, 0x00, 0x30, 0xFF, 0xFF, 0x0F, 0x00, 0x00, 0x00, 0x00, 0x00, 0x00,
    0xF5, 0xFF, 0xEF, 0xF1, 0xFF, 0xFF, 0x02, 0x00, 0x00, 0x00, 0x00, 0x00, 0x30, 0xFF, 0xFF, 0x0F,
    0x00, 0x00, 0x00, 0x00, 0x00, 0x00, 0xF5, 0xFF, 0xEF, 0xF1, 0xFF, 0xFF, 0x02, 0x00, 0x00, 0x00,
    0x00, 0x00, 0x30, 0xFF, 0xFF, 0x0F, 0x00, 0x00, 0x00, 0x00, 0x00, 0x00, 0xF5, 0xFF, 0xEF, 0xF1,
    0xFF, 0xFF, 0x02, 0x00, 0x00, 0x00, 0x00, 0x00, 0x30, 0xFF, 0xFF, 0x0F, 0x00, 0x00, 0x00, 0x00,
    0x00, 0x00, 0xF5, 0xFF, 0xEF, 0xF1, 0xFF, 0xFF, 0x02, 0x00, 0x00, 0x00, 0x00, 0x00, 0x30, 0xFF,
    0xFF, 0x0F, 0x00, 0x00, 0x00, 0x00, 0x00, 0x00, 0xF5, 0xFF, 0xEF, 0xF1, 0xFF, 0xFF, 0x02, 0x00,
    0x00, 0x00, 0x00, 0x00, 0x30, 0xFF, 0xFF, 0x0F, 0x00, 0x00, 0x00, 0x00, 0x00, 0x00, 0xF5, 0xFF,
    0xEF, 0xF1, 0xFF, 0xFF, 0x02, 0x00, 0x00, 0x00, 0x00, 0x00, 0x30, 0xFF, 0xFF, 0x0F, 0x00, 0x00,
    0x00, 0x00, 0x00, 0x00, 0xF5, 0xFF, 0xEF, 0xF1, 0xFF, 0xFF, 0x02, 0x00, 0x00, 0x00, 0x00, 0x00,
    0x30, 0xFF, 0xFF, 0x0F, 0x00, 0x00, 0x00, 0x00, 0x00, 0x00, 0xF5, 0xFF, 0xEF, 0xF1, 0xFF, 0xFF,
    0x02, 0x00, 0x00, 0x00, 0x00, 0x00, 0x30, 0xFF, 0xFF, 0x0F, 0x00, 0x00, 0x00, 0x00, 0x00, 0x00,
    0xF5, 0xFF, 0xEF, 0xF1, 0xFF, 0xFF, 0x02, 0x00, 0x00, 0x00, 0x00, 0x00, 0x30, 0xFF, 0xFF, 0x0F,
    0x00, 0x00, 0x00, 0x00, 0x00, 0x00, 0xF5, 0xFF, 0xEF, 0xF1, 0xFF, 0xFF, 0x02, 0x00, 0x00, 0x00,
    0x00, 0x00, 0x30, 0xFF, 0xFF, 0x0F, 0x00, 0x00, 0x00, 0x00, 0x00, 0x00, 0xF5, 0xFF, 0xEF, 0xF1,
    0xFF, 0xFF, 0x02, 0x00, 0x00, 0x00, 0x00, 0x00, 0x30, 0xFF, 0xFF, 0x0F, 0x00, 0x00, 0x00, 0x00,
    0x00, 0x00, 0xF5, 0xFF, 0xEF, 0xF0, 0xFF, 0xFF, 0x00, 0x00, 0x61, 0xDB, 0xFF, 0xCE, 0x49, 0x00,
    0x00, 0x00, 0xF0, 0xFF, 0xFF, 0x00, 0x80, 0xFF, 0xFF, 0xFF, 0xFF, 0xFF, 0x3C, 0x00, 0x00, 0xF0,
    0xFF, 0xFF, 0x20, 0xFD, 0xFF, 0xFF, 0xFF, 0xFF, 0xFF, 0xFF, 0x05, 0x00, 0xF0, 0xFF, 0xFF, 0xE3,
    0xFF, 0xFF, 0xFF, 0xFF, 0xFF, 0xFF, 0xFF, 0x2F, 0x00, 0xF0, 0xFF, 0xFF, 0xFE, 0xFF, 0xCF, 0x78,
    0xA8, 0xFE, 0xFF, 0xFF, 0xBF, 0x00, 0xF0, 0xFF, 0xFF, 0xFF, 0xAF, 0x01, 0x00, 0x00, 0x60, 0xFF,
    0xFF, 0xFF, 0x02, 0xF0, 0xFF, 0xFF, 0xFF, 0x07, 0x00, 0x00, 0x00, 0x00, 0xF5, 0xFF, 0xFF, 0x07,
    0xF0, 0xFF, 0xFF, 0x6F, 0x00, 0x00, 0x00, 0x00, 0x00, 0xC0, 0xFF, 0xFF, 0x0B, 0xF0, 0xFF, 0xFF,
    0x0B, 0x00, 0x00, 0x00, 0x00, 0x00, 0x70, 0xFF, 0xFF, 0x0E, 0xF0, 0xFF, 0xFF, 0x03, 0x00, 0x00,
    0x00, 0x00, 0x00, 0x40, 0xFF, 0xFF, 0x0F, 0xF0, 0xFF, 0xFF, 0x03, 0x00, 0x00, 0x00, 0x00, 0x00,
    0x30, 0xFF, 0xFF, 0x0F, 0xF0, 0xFF, 0xFF, 0x03, 0x00, 0x00, 0x00, 0x00, 0x00, 0x20, 0xFF, 0xFF,
    0x1F, 0xF0, 0xFF, 0xFF, 0x03, 0x00, 0x00, 0x00, 0x00, 0x00, 0x20, 0xFF, 0xFF, 0x1F, 0xF0, 0xFF,
    0xFF, 0x03, 0x00, 0x00, 0x00, 0x00, 0x00, 0x20, 0xFF, 0xFF, 0x1F, 0xF0, 0xFF, 0xFF, 0x03, 0x00,
    0x00, 0x00, 0x00, 0x00, 0x20, 0xFF, 0xFF, 0x1F, 0xF0, 0xFF, 0xFF, 0x03, 0x00, 0x00, 0x00, 0x00,
    0x00, 0x20, 0xFF, 0xFF, 0x1F, 0xF0, 0xFF, 0xFF, 0x03, 0x00, 0x00, 0x00, 0x00, 0x00, 0x20, 0xFF,
    0xFF, 0x1F, 0xF0, 0xFF, 0xFF, 0x03, 0x00, 0x00, 0x00, 0x00, 0x00, 0x20, 0xFF, 0xFF, 0x1F, 0xF0,
    0xFF, 0xFF, 0x03, 0x00, 0x00, 0x00, 0x00, 0x00, 0x20, 0xFF, 0xFF, 0x1F, 0xF0, 0xFF, 0xFF, 0x03,
    0x00, 0x00, 0x00, 0x00, 0x00, 0x20, 0xFF, 0xFF, 0x1F, 0xF0, 0xFF, 0xFF, 0x03, 0x00, 0x00, 0x00,
    0x00, 0x00, 0x20, 0xFF, 0xFF, 0x1F, 0xF0, 0xFF, 0xFF, 0x03, 0x00, 0x00, 0x00, 0x00, 0x00, 0x20,
    0xFF, 0xFF, 0x1F, 0xF0, 0xFF, 0xFF, 0x03, 0x00, 0x00, 0x00, 0x00, 0x00, 0x20, 0xFF, 0xFF, 0x1F,
    0xF0, 0xFF, 0xFF, 0x03, 0x00, 0x00, 0x00, 0x00, 0x00, 0x20, 0xFF, 0xFF, 0x1F, 0xF0, 0xFF, 0xFF,
    0x03, 0x00, 0x00, 0x00, 0x00, 0x00, 0x20, 0xFF, 0xFF, 0x1F, 0xF0, 0xFF, 0xFF, 0x03, 0x00, 0x00,
    0x00, 0x00, 0x00, 0x20, 0xFF, 0xFF, 0x1F, 0xF0, 0xFF, 0xFF, 0x03, 0x00, 0x00, 0x00, 0x00, 0x00,
    0x20, 0xFF, 0xFF, 0x1F, 0xF0, 0xFF, 0xFF, 0x03, 0x00, 0x00, 0x00, 0x00, 0x00, 0x20, 0xFF, 0xFF,
    0x1F, 0xF0, 0xFF, 0xFF, 0x03, 0x00, 0x00, 0x00, 0x00, 0x00, 0x20, 0xFF, 0xFF, 0x1F, 0xF0, 0xFF,
    0xFF, 0x03, 0x00, 0x00, 0x00, 0x00, 0x00, 0x20, 0xFF, 0xFF, 0x1F, 0xF0, 0xFF, 0xFF, 0x03, 0x00,
    0x00, 0x00, 0x00, 0x00, 0x20, 0xFF, 0xFF, 0x1F, 0x00, 0x00, 0x00, 0x00, 0x10, 0xA7, 0xED, 0xFF,
    0xBD, 0x27, 0x00, 0x00, 0x00, 0x00, 0x00, 0x00, 0x00, 0x00, 0x20, 0xFA, 0xFF, 0xFF, 0xFF, 0xFF,
    0xFF, 0x3B, 0x00, 0x00, 0x00, 0x00, 0x00, 0x00, 0x00, 0xF7, 0xFF, 0xFF, 0xFF, 0xFF, 0xFF, 0xFF,
    0xFF, 0x08, 0x00, 0x00, 0x00, 0x00, 0x00, 0xA0, 0xFF, 0xFF, 0xFF, 0xFF, 0xFF, 0xFF, 0xFF, 0xFF,
    0xBF, 0x00, 0x00, 0x00, 0x00, 0x00, 0xFA, 0xFF, 0xFF, 0xEF, 0x69, 0x65, 0xE9, 0xFF, 0xFF, 0xFF,
    0x0A, 0x00, 0x00, 0x00, 0x60, 0xFF, 0xFF, 0xFF, 0x06, 0x00, 0x00, 0x00, 0xF6, 0xFF, 0xFF, 0x6F,
    0x00, 0x00, 0x00, 0xF1, 0xFF, 0xFF, 0x2E, 0x00, 0x00, 0x00, 0x00, 0x20, 0xFE, 0xFF, 0xFF, 0x02,
    0x00, 0x00, 0xF9, 0xFF, 0xFF, 0x03, 0x00, 0x00, 0x00, 0x00, 0x00, 0xF3, 0xFF, 0xFF, 0x0A, 0x00,
    0x10, 0xFF, 0xFF, 0x9F, 0x00, 0x00, 0x00, 0x00, 0x00, 0x00, 0x80, 0xFF, 0xFF, 0x1F, 0x00, 0x60,
    0xFF, 0xFF, 0x1F, 0x00, 0x00, 0x00, 0x00, 0x00, 0x00, 0x00, 0xFF, 0xFF, 0x7F, 0x00, 0xB0, 0xFF,
    0xFF, 0x0B, 0x00, 0x00, 0x00, 0x00, 0x00, 0x00, 0x00, 0xF9, 0xFF, 0xBF, 0x00, 0xF0, 0xFF, 0xFF,
    0x06, 0x00, 0x00, 0x00, 0x00, 0x00, 0x00, 0x00, 0xF4, 0xFF, 0xFF, 0x00, 0xF2, 0xFF, 0xFF, 0x03,
    0x00, 0x00, 0x00, 0x00, 0x00, 0x00, 0x00, 0xF1, 0xFF, 0xFF, 0x03, 0xF4, 0xFF, 0xFF, 0x00, 0x00,
    0x00, 0x00, 0x00, 0x00, 0x00, 0x00, 0xE0, 0xFF, 0xFF, 0x04, 0xF5, 0xFF, 0xFF, 0x00, 0x00, 0x00,
    0x00, 0x00, 0x00, 0x00, 0x00, 0xD0, 0xFF, 0xFF, 0x05, 0xF6, 0xFF, 0xEF, 0x00, 0x00, 0x00, 0x00,
    0x00, 0x00, 0x00, 0x00, 0xC0, 0xFF, 0xFF, 0x06, 0xF6, 0xFF, 0xDF, 0x00, 0x00, 0x00, 0x00, 0x00,
    0x00, 0x00, 0x00, 0xC0, 0xFF, 0xFF, 0x07, 0xF5, 0xFF, 0xEF, 0x00, 0x00, 0x00, 0x00, 0x00, 0x00,
    0x00, 0x00, 0xD0, 0xFF, 0xFF, 0x06, 0xF4, 0xFF, 0xFF, 0x00, 0x00, 0x00, 0x00, 0x00, 0x00, 0x00,
    0x00, 0xF0, 0xFF, 0xFF, 0x05, 0xF2, 0xFF, 0xFF, 0x02, 0x00, 0x00, 0x00, 0x00, 0x00, 0x00, 0x00,
    0xF1, 0xFF, 0xFF, 0x03, 0xF0, 0xFF, 0xFF, 0x05, 0x00, 0x00, 0x00, 0x00, 0x00, 0x00, 0x00, 0xF4,
    0xFF, 0xFF, 0x00, 0xB0, 0xFF, 0xFF, 0x0A, 0x00, 0x00, 0x00, 0x00, 0x00, 0x00, 0x00, 0xF9, 0xFF,
    0xCF, 0x00, 0x70, 0xFF, 0xFF, 0x0F, 0x00, 0x00, 0x00, 0x00, 0x00, 0x00, 0x00, 0xFF, 0xFF, 0x8F,
    0x00, 0x10, 0xFF, 0xFF, 0x8F, 0x00, 0x00, 0x00, 0x00, 0x00, 0x00, 0x70, 0xFF, 0xFF, 0x2F, 0x00,
    0x00, 0xF9, 0xFF, 0xFF, 0x02, 0x00, 0x00, 0x00, 0x00, 0x00, 0xF2, 0xFF, 0xFF, 0x0B, 0x00, 0x00,
    0xF2, 0xFF, 0xFF, 0x2E, 0x00, 0x00, 0x00, 0x00, 0x10, 0xFE, 0xFF, 0xFF, 0x02, 0x00, 0x00, 0x60,
    0xFF, 0xFF, 0xEF, 0x05, 0x00, 0x00, 0x00, 0xE5, 0xFF, 0xFF, 0x8F, 0x00, 0x00, 0x00, 0x00, 0xFA,
    0xFF, 0xFF, 0xDF, 0x68, 0x64, 0xD8, 0xFF, 0xFF, 0xFF, 0x0B, 0x00, 0x00, 0x00, 0x00, 0xA0, 0xFF,
    0xFF, 0xFF, 0xFF, 0xFF, 0xFF, 0xFF, 0xFF, 0xBF, 0x00, 0x00, 0x00, 0x00, 0x00, 0x00, 0xF8, 0xFF,
    0xFF, 0xFF, 0xFF, 0xFF, 0xFF, 0xFF, 0x08, 0x00, 0x00, 0x00, 0x00, 0x00, 0x00, 0x30, 0xFB, 0xFF,
    0xFF, 0xFF, 0xFF, 0xFF, 0x3B, 0x00, 0x00, 0x00, 0x00, 0x00, 0x00, 0x00, 0x00, 0x20, 0xB7, 0xFD,
    0xFF, 0xBD, 0x27, 0x00, 0x00, 0x00, 0x00, 0x00, 0xF0, 0xFF, 0xCF, 0x00, 0x00, 0x83, 0xDC, 0xFF,
    0xBE, 0x17, 0x00, 0x00, 0x00, 0x00, 0xF0, 0xFF, 0xDF, 0x00, 0xC3, 0xFF, 0xFF, 0xFF, 0xFF, 0xFF,
    0x09, 0x00, 0x00, 0x00, 0xF0, 0xFF, 0xEF, 0x70, 0xFF, 0xFF, 0xFF, 0xFF, 0xFF, 0xFF, 0xDF, 0x02,
    0x00, 0x00, 0xF0, 0xFF, 0xFF, 0xF7, 0xFF, 0xFF, 0xFF, 0xFF, 0xFF, 0xFF, 0xFF, 0x1E, 0x00, 0x00,
    0xF0, 0xFF, 0xFF, 0xFF, 0xFF, 0xAE, 0x78, 0xC9, 0xFF, 0xFF, 0xFF, 0xCF, 0x00, 0x00, 0xF0, 0xFF,
    0xFF, 0xFF, 0x5E, 0x00, 0x00, 0x00, 0xB2, 0xFF, 0xFF, 0xFF, 0x06, 0x00, 0xF0, 0xFF, 0xFF, 0xDF,
    0x01, 0x00, 0x00, 0x00, 0x00, 0xF8, 0xFF, 0xFF, 0x0E, 0x00, 0xF0, 0xFF, 0xFF, 0x1E, 0x00, 0x00,
    0x00, 0x00, 0x00, 0xA0, 0xFF, 0xFF, 0x6F, 0x00, 0xF0, 0xFF, 0xFF, 0x05, 0x00, 0x00, 0x00, 0x00,
    0x00, 0x10, 0xFE, 0xFF, 0xCF, 0x00, 0xF0, 0xFF, 0xFF, 0x03, 0x00, 0x00, 0x00, 0x00, 0x00, 0x00,
    0xF8, 0xFF, 0xFF, 0x01, 0xF0, 0xFF, 0xFF, 0x03, 0x00, 0x00, 0x00, 0x00, 0x00, 0x00, 0xF2, 0xFF,
    0xFF, 0x04, 0xF0, 0xFF, 0xFF, 0x03, 0x00, 0x00, 0x00, 0x00, 0x00, 0x00, 0xD0, 0xFF, 0xFF, 0x07,
    0xF0, 0xFF, 0xFF, 0x03, 0x00, 0x00, 0x00, 0x00, 0x00, 0x00, 0xA0, 0xFF, 0xFF, 0x0A, 0xF0, 0xFF,
    0xFF, 0x03, 0x00, 0x00, 0x00, 0x00, 0x00, 0x00, 0x80, 0xFF, 0xFF, 0x0B, 0xF0, 0xFF, 0xFF, 0x03,
    0x00, 0x00, 0x00, 0x00, 0x00, 0x00, 0x70, 0xFF, 0xFF, 0x0C, 0xF0, 0xFF, 0xFF, 0x03, 0x00, 0x00,
    0x00, 0x00, 0x00, 0x00, 0x60, 0xFF, 0xFF, 0x0D, 0xF0, 0xFF, 0xFF, 0x03, 0x00, 0x00, 0x00, 0x00,
    0x00, 0x00, 0x60, 0xFF, 0xFF, 0x0D, 0xF0, 0xFF, 0xFF, 0x03, 0x00, 0x00, 0x00, 0x00, 0x00, 0x00,
    0x70, 0xFF, 0xFF, 0x0C, 0xF0, 0xFF, 0xFF, 0x03, 0x00, 0x00, 0x00, 0x00, 0x00, 0x00, 0x80, 0xFF,
    0xFF, 0x0B, 0xF0, 0xFF, 0xFF, 0x03, 0x00, 0x00, 0x00, 0x00, 0x00, 0x00, 0xB0, 0xFF, 0xFF, 0x0A,
    0xF0, 0xFF, 0xFF, 0x03, 0x00, 0x00, 0x00, 0x00, 0x00, 0x00, 0xD0, 0xFF, 0xFF, 0x07, 0xF0, 0xFF,
    0xFF, 0x03, 0x00, 0x00, 0x00, 0x00, 0x00, 0x00, 0xF2, 0xFF, 0xFF, 0x04, 0xF0, 0xFF, 0xFF, 0x03,
    0x00, 0x00, 0x00, 0x00, 0x00, 0x00, 0xF7, 0xFF, 0xFF, 0x01, 0xF0, 0xFF, 0xFF, 0x04, 0x00, 0x00,
    0x00, 0x00, 0x00, 0x00, 0xFE, 0xFF, 0xBF, 0x00, 0xF0, 0xFF, 0xFF, 0x0D, 0x00, 0x00, 0x00, 0x00,
    0x00, 0x80, 0xFF, 0xFF, 0x5F, 0x00, 0xF0, 0xFF, 0xFF, 0xBF, 0x00, 0x00, 0x00, 0x00, 0x00, 0xF5,
    0xFF, 0xFF, 0x0E, 0x00, 0xF0, 0xFF, 0xFF, 0xFF, 0x2C, 0x00, 0x00, 0x00, 0x80, 0xFF, 0xFF, 0xFF,
    0x05, 0x00, 0xF0, 0xFF, 0xFF, 0xFF, 0xFF, 0x7B, 0x45, 0x96, 0xFE, 0xFF, 0xFF, 0xBF, 0x00, 0x00,
    0xF0, 0xFF, 0xFF, 0xFD, 0xFF, 0xFF, 0xFF, 0xFF, 0xFF, 0xFF, 0xFF, 0x1E, 0x00, 0x00, 0xF0, 0xFF,
    0xFF, 0x93, 0xFF, 0xFF, 0xFF, 0xFF, 0xFF, 0xFF, 0xDF, 0x01, 0x00, 0x00, 0xF0, 0xFF, 0xFF, 0x03,
    0xD4, 0xFF, 0xFF, 0xFF, 0xFF, 0xFF, 0x09, 0x00, 0x00, 0x00, 0xF0, 0xFF, 0xFF, 0x03, 0x00, 0x84,
    0xEC, 0xFF, 0xBE, 0x17, 0x00, 0x00, 0x00, 0x00, 0xF0, 0xFF, 0xFF, 0x03, 0x00, 0x00, 0x00, 0x00,
    0x00, 0x00, 0x00, 0x00, 0x00, 0x00, 0xF0, 0xFF, 0xFF, 0x03, 0x00, 0x00, 0x00, 0x00, 0x00, 0x00,
    0x00, 0x00, 0x00, 0x00, 0xF0, 0xFF, 0xFF, 0x03, 0x00, 0x00, 0x00, 0x00, 0x00, 0x00, 0x00, 0x00,
    0x00, 0x00, 0xF0, 0xFF, 0xFF, 0x03, 0x00, 0x00, 0x00, 0x00, 0x00, 0x00, 0x00, 0x00, 0x00, 0x00,
    0xF0, 0xFF, 0xFF, 0x03, 0x00, 0x00, 0x00, 0x00, 0x00, 0x00, 0x00, 0x00, 0x00, 0x00, 0xF0, 0xFF,
    0xFF, 0x03, 0x00, 0x00, 0x00, 0x00, 0x00, 0x00, 0x00, 0x00, 0x00, 0x00, 0xF0, 0xFF, 0xFF, 0x03,
    0x00, 0x00, 0x00, 0x00, 0x00, 0x00, 0x00, 0x00, 0x00, 0x00, 0xF0, 0xFF, 0xFF, 0x03, 0x00, 0x00,
    0x00, 0x00, 0x00, 0x00, 0x00, 0x00, 0x00, 0x00, 0xF0, 0xFF, 0xFF, 0x03, 0x00, 0x00, 0x00, 0x00,
    0x00, 0x00, 0x00, 0x00, 0x00, 0x00, 0xF0, 0xFF, 0xFF, 0x03, 0x00, 0x00, 0x00, 0x00, 0x00, 0x00,
    0x00, 0x00, 0x00, 0x00, 0xF0, 0xFF, 0xFF, 0x03, 0x00, 0x00, 0x00, 0x00, 0x00, 0x00, 0x00, 0x00,
    0x00, 0x00, 0x00, 0x00, 0x00, 0x00, 0x83, 0xEC, 0xFF, 0xBD, 0x27, 0x00, 0x50, 0xFF, 0xFF, 0x08,
    0x00, 0x00, 0x00, 0xB2, 0xFF, 0xFF, 0xFF, 0xFF, 0xFF, 0x1A, 0x60, 0xFF, 0xFF, 0x08, 0x00, 0x00,
    0x50, 0xFF, 0xFF, 0xFF, 0xFF, 0xFF, 0xFF, 0xFF, 0x74, 0xFF, 0xFF, 0x08, 0x00, 0x00, 0xF5, 0xFF,
    0xFF, 0xFF, 0xFF, 0xFF, 0xFF, 0xFF, 0xCF, 0xFF, 0xFF, 0x08, 0x00, 0x20, 0xFF, 0xFF, 0xFF, 0xDF,
    0x68, 0x65, 0xEA, 0xFF, 0xFF, 0xFF, 0xFF, 0x08, 0x00, 0xC0, 0xFF, 0xFF, 0xEF, 0x04, 0x00, 0x00,
    0x00, 0xF8, 0xFF, 0xFF, 0xFF, 0x08, 0x00, 0xF6, 0xFF, 0xFF, 0x1D, 0x00, 0x00, 0x00, 0x00, 0x40,
    0xFF, 0xFF, 0xFF, 0x08, 0x00, 0xFD, 0xFF, 0xFF, 0x02, 0x00, 0x00, 0x00, 0x00, 0x00, 0xF5, 0xFF,
    0xFF, 0x08, 0x30, 0xFF, 0xFF, 0x8F, 0x00, 0x00, 0x00, 0x00, 0x00, 0x00, 0xC0, 0xFF, 0xFF, 0x08,
    0x80, 0xFF, 0xFF, 0x1F, 0x00, 0x00, 0x00, 0x00, 0x00, 0x00, 0xB0, 0xFF, 0xFF, 0x08, 0xB0, 0xFF,
    0xFF, 0x0B, 0x00, 0x00, 0x00, 0x00, 0x00, 0x00, 0xB0, 0xFF, 0xFF, 0x08, 0xF0, 0xFF, 0xFF, 0x06,
    0x00, 0x00, 0x00, 0x00, 0x00, 0x00, 0xB0, 0xFF, 0xFF, 0x08, 0xF1, 0xFF, 0xFF, 0x04, 0x00, 0x00,
    0x00, 0x00, 0x00, 0x00, 0xB0, 0xFF, 0xFF, 0x08, 0xF2, 0xFF, 0xFF, 0x01, 0x00, 0x00, 0x00, 0x00,
    0x00, 0x00, 0xB0, 0xFF, 0xFF, 0x08, 0xF3, 0xFF, 0xFF, 0x00, 0x00, 0x00, 0x00, 0x00, 0x00, 0x00,
    0xB0, 0xFF, 0xFF, 0x08, 0xF4, 0xFF, 0xFF, 0x00, 0x00, 0x00, 0x00, 0x00, 0x00, 0x00, 0xB0, 0xFF,
    0xFF, 0x08, 0xF4, 0xFF, 0xFF, 0x00, 0x00, 0x00, 0x00, 0x00, 0x00, 0x00, 0xB0, 0xFF, 0xFF, 0x08,
    0xF3, 0xFF, 0xFF, 0x00, 0x00, 0x00, 0x00, 0x00, 0x00, 0x00, 0xB0, 0xFF, 0xFF, 0x08, 0xF2, 0xFF,
    0xFF, 0x00, 0x00, 0x00, 0x00, 0x00, 0x00, 0x00, 0xB0, 0xFF, 0xFF, 0x08, 0xF1, 0xFF, 0xFF, 0x03,
    0x00, 0x00, 0x00, 0x00, 0x00, 0x00, 0xB0, 0xFF, 0xFF, 0x08, 0xE0, 0xFF, 0xFF, 0x06, 0x00, 0x00,
    0x00, 0x00, 0x00, 0x00, 0xB0, 0xFF, 0xFF, 0x08, 0xB0, 0xFF, 0xFF, 0x0A, 0x00, 0x00, 0x00, 0x00,
    0x00, 0x00, 0xB0, 0xFF, 0xFF, 0x08, 0x70, 0xFF, 0xFF, 0x0F, 0x00, 0x00, 0x00, 0x00, 0x00, 0x00,
    0xB0, 0xFF, 0xFF, 0x08, 0x20, 0xFF, 0xFF, 0x7F, 0x00, 0x00, 0x00, 0x00, 0x00, 0x00, 0xC0, 0xFF,
    0xFF, 0x08, 0x00, 0xFC, 0xFF, 0xFF, 0x01, 0x00, 0x00, 0x00, 0x00, 0x00, 0xF6, 0xFF, 0xFF, 0x08,
    0x00, 0xF5, 0xFF, 0xFF, 0x1D, 0x00, 0x00, 0x00, 0x00, 0x40, 0xFF, 0xFF, 0xFF, 0x08, 0x00, 0xB0,
    0xFF, 0xFF, 0xDF, 0x03, 0x00, 0x00, 0x00, 0xF7, 0xFF, 0xFF, 0xFF, 0x08, 0x00, 0x20, 0xFF, 0xFF,
    0xFF, 0xCF, 0x57, 0x64, 0xE9, 0xFF, 0xFF, 0xFF, 0xFF, 0x08, 0x00, 0x00, 0xF4, 0xFF, 0xFF, 0xFF,
    0xFF, 0xFF, 0xFF, 0xFF, 0xEF, 0xFF, 0xFF, 0x08, 0x00, 0x00, 0x40, 0xFF, 0xFF, 0xFF, 0xFF, 0xFF,
    0xFF, 0xFF, 0xB4, 0xFF, 0xFF, 0x08, 0x00, 0x00, 0x00, 0xB2, 0xFF, 0xFF, 0xFF, 0xFF, 0xFF, 0x2A,
    0xB0, 0xFF, 0xFF, 0x08, 0x00, 0x00, 0x00, 0x00, 0x82, 0xEC, 0xFF, 0xBD, 0x27, 0x00, 0xB0, 0xFF,
    0xFF, 0x08, 0x00, 0x00, 0x00, 0x00, 0x00, 0x00, 0x00, 0x00, 0x00, 0x00, 0xB0, 0xFF, 0xFF, 0x08,
    0x00, 0x00, 0x00, 0x00, 0x00, 0x00, 0x00, 0x00, 0x00, 0x00, 0xB0, 0xFF, 0xFF, 0x08, 0x00, 0x00,
    0x00, 0x00, 0x00, 0x00, 0x00, 0x00, 0x00, 0x00, 0xB0, 0xFF, 0xFF, 0x08, 0x00, 0x00, 0x00, 0x00,
    0x00, 0x00, 0x00, 0x00, 0x00, 0x00, 0xB0, 0xFF, 0xFF, 0x08, 0x00, 0x00, 0x00, 0x00, 0x00, 0x00,
    0x00, 0x00, 0x00, 0x00, 0xB0, 0xFF, 0xFF, 0x08, 0x00, 0x00, 0x00, 0x00, 0x00, 0x00, 0x00, 0x00,
    0x00, 0x00, 0xB0, 0xFF, 0xFF, 0x08, 0x00, 0x00, 0x00, 0x00, 0x00, 0x00, 0x00, 0x00, 0x00, 0x00,
    0xB0, 0xFF, 0xFF, 0x08, 0x00, 0x00, 0x00, 0x00, 0x00, 0x00, 0x00, 0x00, 0x00, 0x00, 0xB0, 0xFF,
    0xFF, 0x08, 0x00, 0x00, 0x00, 0x00, 0x00, 0x00, 0x00, 0x00, 0x00, 0x00, 0xB0, 0xFF, 0xFF, 0x08,
    0x00, 0x00, 0x00, 0x00, 0x00, 0x00, 0x00, 0x00, 0x00, 0x00, 0xB0, 0xFF, 0xFF, 0x08, 0x00, 0x00,
    0x00, 0x00, 0x00, 0x00, 0x00, 0x00, 0x00, 0x00, 0xB0, 0xFF, 0xFF, 0x08, 0xF0, 0xFF, 0xFF, 0x01,
    0x10, 0xC8, 0xFF, 0x9E, 0xF0, 0xFF, 0xFF, 0x01, 0xF7, 0xFF, 0xFF, 0xCF, 0xF0, 0xFF, 0xFF, 0x91,
    0xFF, 0xFF, 0xFF, 0xCF, 0xF0, 0xFF, 0xFF, 0xF9, 0xFF, 0xFF, 0xFF, 0xCF, 0xF0, 0xFF, 0xFF, 0xFF,
    0xFF, 0xFF, 0xFF, 0xCF, 0xF0, 0xFF, 0xFF, 0xFF, 0xDF, 0x37, 0x11, 0x22, 0xF0, 0xFF, 0xFF, 0xFF,
    0x06, 0x00, 0x00, 0x00, 0xF0, 0xFF, 0xFF, 0x6F, 0x00, 0x00, 0x00, 0x00, 0xF0, 0xFF, 0xFF, 0x0A,
    0x00, 0x00, 0x00, 0x00, 0xF0, 0xFF, 0xFF, 0x03, 0x00, 0x00, 0x00, 0x00, 0xF0, 0xFF, 0xFF, 0x03,
    0x00, 0x00, 0x00, 0x00, 0xF0, 0xFF, 0xFF, 0x03, 0x00, 0x00, 0x00, 0x00, 0xF0, 0xFF, 0xFF, 0x03,
    0x00, 0x00, 0x00, 0x00, 0xF0, 0xFF, 0xFF, 0x03, 0x00, 0x00, 0x00, 0x00, 0xF0, 0xFF, 0xFF, 0x03,
    0x00, 0x00, 0x00, 0x00, 0xF0, 0xFF, 0xFF, 0x03, 0x00, 0x00, 0x00, 0x00, 0xF0, 0xFF, 0xFF, 0x03,
    0x00, 0x00, 0x00, 0x00, 0xF0, 0xFF, 0xFF, 0x03, 0x00, 0x00, 0x00, 0x00, 0xF0, 0xFF, 0xFF, 0x03,
    0x00, 0x00, 0x00, 0x00, 0xF0, 0xFF, 0xFF, 0x03, 0x00, 0x00, 0x00, 0x00, 0xF0, 0xFF, 0xFF, 0x03,
    0x00, 0x00, 0x00, 0x00, 0xF0, 0xFF, 0xFF, 0x03, 0x00, 0x00, 0x00, 0x00, 0xF0, 0xFF, 0xFF, 0x03,
    0x00, 0x00, 0x00, 0x00, 0xF0, 0xFF, 0xFF, 0x03, 0x00, 0x00, 0x00, 0x00, 0xF0, 0xFF, 0xFF, 0x03,
    0x00, 0x00, 0x00, 0x00, 0xF0, 0xFF, 0xFF, 0x03, 0x00, 0x00, 0x00, 0x00, 0xF0, 0xFF, 0xFF, 0x03,
    0x00, 0x00, 0x00, 0x00, 0xF0, 0xFF, 0xFF, 0x03, 0x00, 0x00, 0x00, 0x00, 0xF0, 0xFF, 0xFF, 0x03,
    0x00, 0x00, 0x00, 0x00, 0xF0, 0xFF, 0xFF, 0x03, 0x00, 0x00, 0x00, 0x00, 0xF0, 0xFF, 0xFF, 0x03,
    0x00, 0x00, 0x00, 0x00, 0x00, 0x00, 0x00, 0x00, 0x84, 0xEC, 0xFF, 0xDE, 0x69, 0x01, 0x00, 0x00,
    0x00, 0x00, 0x00, 0x00, 0xE6, 0xFF, 0xFF, 0xFF, 0xFF, 0xFF, 0x9F, 0x01, 0x00, 0x00, 0x00, 0x00,
    0xC1, 0xFF, 0xFF, 0xFF, 0xFF, 0xFF, 0xFF, 0xFF, 0x4E, 0x00, 0x00, 0x00, 0x10, 0xFD, 0xFF, 0xFF,
    0xFF, 0xFF, 0xFF, 0xFF, 0xFF, 0xFF, 0x05, 0x00, 0x00, 0xC0, 0xFF, 0xFF, 0xFF, 0x7A, 0x55, 0xB7,
    0xFF, 0xFF, 0xFF, 0x2F, 0x00, 0x00, 0xF6, 0xFF, 0xFF, 0x1A, 0x00, 0x00, 0x00, 0xC2, 0xFF, 0xFF,
    0xCF, 0x00, 0x00, 0xFC, 0xFF, 0xBF, 0x00, 0x00, 0x00, 0x00, 0x00, 0xFB, 0xFF, 0xFF, 0x03, 0x10,
    0xFF, 0xFF, 0x3F, 0x00, 0x00, 0x00, 0x00, 0x00, 0xF1, 0xFF, 0xFF, 0x08, 0x30, 0xFF, 0xFF, 0x0F,
    0x00, 0x00, 0x00, 0x00, 0x00, 0xA0, 0xFF, 0xFF, 0x0A, 0x30, 0xFF, 0xFF, 0x0F, 0x00, 0x00, 0x00,
    0x00, 0x00, 0x40, 0x99, 0x99, 0x06, 0x20, 0xFF, 0xFF, 0x5F, 0x00, 0x00, 0x00, 0x00, 0x00, 0x00,
    0x00, 0x00, 0x00, 0x00, 0xFD, 0xFF, 0xEF, 0x03, 0x00, 0x00, 0x00, 0x00, 0x00, 0x00, 0x00, 0x00,
    0x00, 0xF6, 0xFF, 0xFF, 0xBF, 0x04, 0x00, 0x00, 0x00, 0x00, 0x00, 0x00, 0x00, 0x00, 0xB0, 0xFF,
    0xFF, 0xFF, 0xFF, 0x7B, 0x03, 0x00, 0x00, 0x00, 0x00, 0x00, 0x00, 0x00, 0xFA, 0xFF, 0xFF, 0xFF,
    0xFF, 0xFF, 0x5A, 0x00, 0x00, 0x00, 0x00, 0x00, 0x00, 0x60, 0xFE, 0xFF, 0xFF, 0xFF, 0xFF, 0xFF,
    0x9F, 0x02, 0x00, 0x00, 0x00, 0x00, 0x00, 0x50, 0xFC, 0xFF, 0xFF, 0xFF, 0xFF, 0xFF, 0x8F, 0x00,
    0x00, 0x00, 0x00, 0x00, 0x00, 0x10, 0x95, 0xFD, 0xFF, 0xFF, 0xFF, 0xFF, 0x0C, 0x00, 0x00, 0x00,
    0x00, 0x00, 0x00, 0x00, 0x10, 0xA5, 0xFF, 0xFF, 0xFF, 0xBF, 0x00, 0x00, 0x00, 0x00, 0x00, 0x00,
    0x00, 0x00, 0x00, 0x81, 0xFF, 0xFF, 0xFF, 0x05, 0x00, 0x00, 0x00, 0x00, 0x00, 0x00, 0x00, 0x00,
    0x00, 0xF4, 0xFF, 0xFF, 0x0B, 0x00, 0x00, 0x00, 0x00, 0x00, 0x00, 0x00, 0x00, 0x00, 0x90, 0xFF,
    0xFF, 0x0E, 0xF4, 0xFF, 0xFF, 0x00, 0x00, 0x00, 0x00, 0x00, 0x00, 0x40, 0xFF, 0xFF, 0x0F, 0xF2,
    0xFF, 0xFF, 0x03, 0x00, 0x00, 0x00, 0x00, 0x00, 0x30, 0xFF, 0xFF, 0x0F, 0xE0, 0xFF, 0xFF, 0x0A,
    0x00, 0x00, 0x00, 0x00, 0x00, 0x60, 0xFF, 0xFF, 0x0D, 0x90, 0xFF, 0xFF, 0x5F, 0x00, 0x00, 0x00,
    0x00, 0x00, 0xE1, 0xFF, 0xFF, 0x09, 0x10, 0xFF, 0xFF, 0xFF, 0x08, 0x00, 0x00, 0x00, 0x30, 0xFD,
    0xFF, 0xFF, 0x03, 0x00, 0xF5, 0xFF, 0xFF, 0xFF, 0x6A, 0x45, 0x85, 0xFC, 0xFF, 0xFF, 0xAF, 0x00,
    0x00, 0x70, 0xFF, 0xFF, 0xFF, 0xFF, 0xFF, 0xFF, 0xFF, 0xFF, 0xFF, 0x0C, 0x00, 0x00, 0x00, 0xF5,
    0xFF, 0xFF, 0xFF, 0xFF, 0xFF, 0xFF, 0xFF, 0xAF, 0x00, 0x00, 0x00, 0x00, 0x10, 0xF9, 0xFF, 0xFF,
    0xFF, 0xFF, 0xFF, 0xCF, 0x04, 0x00, 0x00, 0x00, 0x00, 0x00, 0x00, 0x95, 0xEC, 0xFF, 0xDE, 0x7B,
    0x02, 0x00, 0x00, 0x00, 0x00, 0x00, 0x20, 0xFF, 0xFF, 0x1F, 0x00, 0x00, 0x00, 0x00, 0x00, 0x20,
    0xFF, 0xFF, 0x1F, 0x00, 0x00, 0x00, 0x00, 0x00, 0x20, 0xFF, 0xFF, 0x1F, 0x00, 0x00, 0x00, 0x00,
    0x00, 0x20, 0xFF, 0xFF, 0x1F, 0x00, 0x00, 0x00, 0x00, 0x00, 0x20, 0xFF, 0xFF, 0x1F, 0x00, 0x00,
    0x00, 0x00, 0x00, 0x20, 0xFF, 0xFF, 0x1F, 0x00, 0x00, 0x00, 0x00, 0x00, 0x20, 0xFF, 0xFF, 0x1F,
    0x00, 0x00, 0x00, 0xFC, 0xFF, 0xFF, 0xFF, 0xFF, 0xFF, 0xFF, 0xFF, 0x0C, 0xFC, 0xFF, 0xFF, 0xFF,
    0xFF, 0xFF, 0xFF, 0xFF, 0x0C, 0xFC, 0xFF, 0xFF, 0xFF, 0xFF, 0xFF, 0xFF, 0xFF, 0x0C, 0xFC, 0xFF,
    0xFF, 0xFF, 0xFF, 0xFF, 0xFF, 0xFF, 0x0C, 0x00, 0x00, 0x30, 0xFF, 0xFF, 0x1F, 0x00, 0x00, 0x00,
    0x00, 0x00, 0x20, 0xFF, 0xFF, 0x1F, 0x00, 0x00, 0x00, 0x00, 0x00, 0x20, 0xFF, 0xFF, 0x1F, 0x00,
    0x00, 0x00, 0x00, 0x00, 0x20, 0xFF, 0xFF, 0x1F, 0x00, 0x00, 0x00, 0x00, 0x00, 0x20, 0xFF, 0xFF,
    0x1F, 0x00, 0x00, 0x00, 0x00, 0x00, 0x20, 0xFF, 0xFF, 0x1F, 0x00, 0x00, 0x00, 0x00, 0x00, 0x20,
    0xFF, 0xFF, 0x1F, 0x00, 0x00, 0x00, 0x00, 0x00, 0x20, 0xFF, 0xFF, 0x1F, 0x00, 0x00, 0x00, 0x00,
    0x00, 0x20, 0xFF, 0xFF, 0x1F, 0x00, 0x00, 0x00, 0x00, 0x00, 0x20, 0xFF, 0xFF, 0x1F, 0x00, 0x00,
    0x00, 0x00, 0x00, 0x20, 0xFF, 0xFF, 0x1F, 0x00, 0x00, 0x00, 0x00, 0x00, 0x20, 0xFF, 0xFF, 0x1F,
    0x00, 0x00, 0x00, 0x00, 0x00, 0x20, 0xFF, 0xFF, 0x1F, 0x00, 0x00, 0x00, 0x00, 0x00, 0x20, 0xFF,
    0xFF, 0x1F, 0x00, 0x00, 0x00, 0x00, 0x00, 0x20, 0xFF, 0xFF, 0x1F, 0x00, 0x00, 0x00, 0x00, 0x00,
    0x20, 0xFF, 0xFF, 0x1F, 0x00, 0x00, 0x00, 0x00, 0x00, 0x20, 0xFF, 0xFF, 0x1F, 0x00, 0x00, 0x00,
    0x00, 0x00, 0x20, 0xFF, 0xFF, 0x1F, 0x00, 0x00, 0x00, 0x00, 0x00, 0x20, 0xFF, 0xFF, 0x1F, 0x00,
    0x00, 0x00, 0x00, 0x00, 0x20, 0xFF, 0xFF, 0x1F, 0x00, 0x00, 0x00, 0x00, 0x00, 0x10, 0xFF, 0xFF,
    0x2F, 0x00, 0x00, 0x00, 0x00, 0x00, 0x00, 0xFF, 0xFF, 0x5F, 0x00, 0x00, 0x00, 0x00, 0x00, 0x00,
    0xFD, 0xFF, 0xDF, 0x00, 0x00, 0x00, 0x00, 0x00, 0x00, 0xF9, 0xFF, 0xFF, 0x9E, 0x97, 0x0A, 0x00,
    0x00, 0x00, 0xF3, 0xFF, 0xFF, 0xFF, 0xFF, 0x0F, 0x00, 0x00, 0x00, 0x90, 0xFF, 0xFF, 0xFF, 0xFF,
    0x0F, 0x00, 0x00, 0x00, 0x00, 0xFA, 0xFF, 0xFF, 0xFF, 0x0F, 0x00, 0x00, 0x00, 0x00, 0x40, 0xEA,
    0xFF, 0xBE, 0x08, 0xF2, 0xFF, 0xFF, 0x01, 0x00, 0x00, 0x00, 0x00, 0x00, 0x40, 0xFF, 0xFF, 0x0F,
    0xF2, 0xFF, 0xFF, 0x01, 0x00, 0x00, 0x00, 0x00, 0x00, 0x40, 0xFF, 0xFF, 0x0F, 0xF2, 0xFF, 0xFF,
    0x01, 0x00, 0x00, 0x00, 0x00, 0x00, 0x40, 0xFF, 0xFF, 0x0F, 0xF2, 0xFF, 0xFF, 0x01, 0x00, 0x00,
    0x00, 0x00, 0x00, 0x40, 0xFF, 0xFF, 0x0F, 0xF2, 0xFF, 0xFF, 0x01, 0x00, 0x00, 0x00, 0x00, 0x00,
    0x40, 0xFF, 0xFF, 0x0F, 0xF2, 0xFF, 0xFF, 0x01, 0x00, 0x00, 0x00, 0x00, 0x00, 0x40, 0xFF, 0xFF,
    0x0F, 0xF2, 0xFF, 0xFF, 0x01, 0x00, 0x00, 0x00, 0x00, 0x00, 0x40, 0xFF, 0xFF, 0x0F, 0xF2, 0xFF,
    0xFF, 0x01, 0x00, 0x00, 0x00, 0x00, 0x00, 0x40, 0xFF, 0xFF, 0x0F, 0xF2, 0xFF, 0xFF, 0x01, 0x00,
    0x00, 0x00, 0x00, 0x00, 0x40, 0xFF, 0xFF, 0x0F, 0xF2, 0xFF, 0xFF, 0x01, 0x00, 0x00, 0x00, 0x00,
    0x00, 0x40, 0xFF, 0xFF, 0x0F, 0xF2, 0xFF, 0xFF, 0x01, 0x00, 0x00, 0x00, 0x00, 0x00, 0x40, 0xFF,
    0xFF, 0x0F, 0xF2, 0xFF, 0xFF, 0x01, 0x00, 0x00, 0x00, 0x00, 0x00, 0x40, 0xFF, 0xFF, 0x0F, 0xF2,
    0xFF, 0xFF, 0x01, 0x00, 0x00, 0x00, 0x00, 0x00, 0x40, 0xFF, 0xFF, 0x0F, 0xF2, 0xFF, 0xFF, 0x01,
    0x00, 0x00, 0x00, 0x00, 0x00, 0x40, 0xFF, 0xFF, 0x0F, 0xF2, 0xFF, 0xFF, 0x01, 0x00, 0x00, 0x00,
    0x00, 0x00, 0x40, 0xFF, 0xFF, 0x0F, 0xF2, 0xFF, 0xFF, 0x01, 0x00, 0x00, 0x00, 0x00, 0x00, 0x40,
    0xFF, 0xFF, 0x0F, 0xF2, 0xFF, 0xFF, 0x01, 0x00, 0x00, 0x00, 0x00, 0x00, 0x40, 0xFF, 0xFF, 0x0F,
    0xF2, 0xFF, 0xFF, 0x01, 0x00, 0x00, 0x00, 0x00, 0x00, 0x40, 0xFF, 0xFF, 0x0F, 0xF2, 0xFF, 0xFF,
    0x01, 0x00, 0x00, 0x00, 0x00, 0x00, 0x40, 0xFF, 0xFF, 0x0F, 0xF2, 0xFF, 0xFF, 0x01, 0x00, 0x00,
    0x00, 0x00, 0x00, 0x40, 0xFF, 0xFF, 0x0F, 0xF2, 0xFF, 0xFF, 0x01, 0x00, 0x00, 0x00, 0x00, 0x00,
    0x40, 0xFF, 0xFF, 0x0F, 0xF1, 0xFF, 0xFF, 0x02, 0x00, 0x00, 0x00, 0x00, 0x00, 0x40, 0xFF, 0xFF,
    0x0F, 0xF0, 0xFF, 0xFF, 0x04, 0x00, 0x00, 0x00, 0x00, 0x00, 0x40, 0xFF, 0xFF, 0x0F, 0xE0, 0xFF,
    0xFF, 0x07, 0x00, 0x00, 0x00, 0x00, 0x00, 0x80, 0xFF, 0xFF, 0x0F, 0xB0, 0xFF, 0xFF, 0x0C, 0x00,
    0x00, 0x00, 0x00, 0x00, 0xF3, 0xFF, 0xFF, 0x0F, 0x70, 0xFF, 0xFF, 0x5F, 0x00, 0x00, 0x00, 0x00,
    0x20, 0xFE, 0xFF, 0xFF, 0x0F, 0x10, 0xFF, 0xFF, 0xFF, 0x05, 0x00, 0x00, 0x10, 0xF7, 0xFF, 0xFF,
    0xFF, 0x0F, 0x00, 0xF9, 0xFF, 0xFF, 0xDF, 0x79, 0x97, 0xFC, 0xFF, 0xFF, 0xFF, 0xFF, 0x0F, 0x00,
    0xE1, 0xFF, 0xFF, 0xFF, 0xFF, 0xFF, 0xFF, 0xFF, 0xBF, 0xFF, 0xFF, 0x0F, 0x00, 0x30, 0xFE, 0xFF,
    0xFF, 0xFF, 0xFF, 0xFF, 0xFF, 0x19, 0xFF, 0xFF, 0x0F, 0x00, 0x00, 0xB2, 0xFF, 0xFF, 0xFF, 0xFF,
    0xFF, 0x4D, 0x00, 0xFF, 0xFF, 0x0F, 0x00, 0x00, 0x00, 0x83, 0xEC, 0xFF, 0xCD, 0x48, 0x00, 0x00,
    0x00, 0x00, 0x00, 0xE0, 0xFF, 0xFF, 0x07, 0x00, 0x00, 0x00, 0x00, 0x00, 0x00, 0x70, 0xFF, 0xFF,
    0x0D, 0x80, 0xFF, 0xFF, 0x0C, 0x00, 0x00, 0x00, 0x00, 0x00, 0x00, 0xC0, 0xFF, 0xFF, 0x07, 0x20,
    0xFF, 0xFF, 0x1F, 0x00, 0x00, 0x00, 0x00, 0x00, 0x00, 0xF2, 0xFF, 0xFF, 0x02, 0x00, 0xFD, 0xFF,
    0x6F, 0x00, 0x00, 0x00, 0x00, 0x00, 0x00, 0xF7, 0xFF, 0xCF, 0x00, 0x00, 0xF7, 0xFF, 0xCF, 0x00,
    0x00, 0x00, 0x00, 0x00, 0x00, 0xFC, 0xFF, 0x6F, 0x00, 0x00, 0xF1, 0xFF, 0xFF, 0x01, 0x00, 0x00,
    0x00, 0x00, 0x10, 0xFF, 0xFF, 0x1F, 0x00, 0x00, 0xB0, 0xFF, 0xFF, 0x06, 0x00, 0x00, 0x00, 0x00,
    0x60, 0xFF, 0xFF, 0x0B, 0x00, 0x00, 0x60, 0xFF, 0xFF, 0x0B, 0x00, 0x00, 0x00, 0x00, 0xB0, 0xFF,
    0xFF, 0x05, 0x00, 0x00, 0x00, 0xFF, 0xFF, 0x1F, 0x00, 0x00, 0x00, 0x00, 0xF0, 0xFF, 0xFF, 0x00,
    0x00, 0x00, 0x00, 0xFA, 0xFF, 0x6F, 0x00, 0x00, 0x00, 0x00, 0xF5, 0xFF, 0xAF, 0x00, 0x00, 0x00,
    0x00, 0xF4, 0xFF, 0xBF, 0x00, 0x00, 0x00, 0x00, 0xFA, 0xFF, 0x4F, 0x00, 0x00, 0x00, 0x00, 0xE0,
    0xFF, 0xFF, 0x01, 0x00, 0x00, 0x00, 0xFF, 0xFF, 0x0E, 0x00, 0x00, 0x00, 0x00, 0x90, 0xFF, 0xFF,
    0x05, 0x00, 0x00, 0x50, 0xFF, 0xFF, 0x09, 0x00, 0x00, 0x00, 0x00, 0x30, 0xFF, 0xFF, 0x0B, 0x00,
    0x00, 0xA0, 0xFF, 0xFF, 0x03, 0x00, 0x00, 0x00, 0x00, 0x00, 0xFD, 0xFF, 0x0F, 0x00, 0x00, 0xE0,
    0xFF, 0xDF, 0x00, 0x00, 0x00, 0x00, 0x00, 0x00, 0xF8, 0xFF, 0x5F, 0x00, 0x00, 0xF4, 0xFF, 0x8F,
    0x00, 0x00, 0x00, 0x00, 0x00, 0x00, 0xF2, 0xFF, 0xAF, 0x00, 0x00, 0xF9, 0xFF, 0x2F, 0x00, 0x00,
    0x00, 0x00, 0x00, 0x00, 0xC0, 0xFF, 0xFF, 0x00, 0x00, 0xFE, 0xFF, 0x0D, 0x00, 0x00, 0x00, 0x00,
    0x00, 0x00, 0x70, 0xFF, 0xFF, 0x05, 0x30, 0xFF, 0xFF, 0x07, 0x00, 0x00, 0x00, 0x00, 0x00, 0x00,
    0x10, 0xFF, 0xFF, 0x0A, 0x80, 0xFF, 0xFF, 0x01, 0x00, 0x00, 0x00, 0x00, 0x00, 0x00, 0x00, 0xFB,
    0xFF, 0x0F, 0xD0, 0xFF, 0xCF, 0x00, 0x00, 0x00, 0x00, 0x00, 0x00, 0x00, 0x00, 0xF5, 0xFF, 0x5F,
    0xF3, 0xFF, 0x6F, 0x00, 0x00, 0x00, 0x00, 0x00, 0x00, 0x00, 0x00, 0xF0, 0xFF, 0xAF, 0xF8, 0xFF,
    0x1F, 0x00, 0x00, 0x00, 0x00, 0x00, 0x00, 0x00, 0x00, 0xA0, 0xFF, 0xFF, 0xFD, 0xFF, 0x0A, 0x00,
    0x00, 0x00, 0x00, 0x00, 0x00, 0x00, 0x00, 0x40, 0xFF, 0xFF, 0xFF, 0xFF, 0x05, 0x00, 0x00, 0x00,
    0x00, 0x00, 0x00, 0x00, 0x00, 0x00, 0xFE, 0xFF, 0xFF, 0xFF, 0x00, 0x00, 0x00, 0x00, 0x00, 0x00,
    0x00, 0x00, 0x00, 0x00, 0xF9, 0xFF, 0xFF, 0x9F, 0x00, 0x00, 0x00, 0x00, 0x00, 0x00, 0x00, 0x00,
    0x00, 0x00, 0xF3, 0xFF, 0xFF, 0x4F, 0x00, 0x00, 0x00, 0x00, 0x00, 0x00, 0x00, 0x00, 0x00, 0x00,
    0xD0, 0xFF, 0xFF, 0x0E, 0x00, 0x00, 0x00, 0x00, 0x00, 0x00, 0x00, 0x00, 0x00, 0x00, 0x80, 0xFF,
    0xFF, 0x08, 0x00, 0x00, 0x00, 0x00, 0x00, 0x00, 0x00, 0x00, 0x00, 0x00, 0x20, 0xFF, 0xFF, 0x03,
    0x00, 0x00, 0x00, 0x00, 0x00, 0xFA, 0xFF, 0x8F, 0x00, 0x00, 0x00, 0x00, 0x00, 0x00, 0xF9, 0xFF,
    0x0F, 0x00, 0x00, 0x00, 0x00, 0x00, 0x20, 0xFF, 0xFF, 0x1F, 0xF5, 0xFF, 0xCF, 0x00, 0x00, 0x00,
    0x00, 0x00, 0x00, 0xFD, 0xFF, 0x4F, 0x00, 0x00, 0x00, 0x00, 0x00, 0x60, 0xFF, 0xFF, 0x0C, 0xF1,
    0xFF, 0xFF, 0x01, 0x00, 0x00, 0x00, 0x00, 0x20, 0xFF, 0xFF, 0x9F, 0x00, 0x00, 0x00, 0x00, 0x00,
    0xA0, 0xFF, 0xFF, 0x07, 0xC0, 0xFF, 0xFF, 0x05, 0x00, 0x00, 0x00, 0x00, 0x70, 0xFF, 0xFF, 0xEF,
    0x00, 0x00, 0x00, 0x00, 0x00, 0xE0, 0xFF, 0xFF, 0x03, 0x70, 0xFF, 0xFF, 0x09, 0x00, 0x00, 0x00,
    0x00, 0xC0, 0xFF, 0xFF, 0xFF, 0x03, 0x00, 0x00, 0x00, 0x00, 0xF2, 0xFF, 0xEF, 0x00, 0x30, 0xFF,
    0xFF, 0x0D, 0x00, 0x00, 0x00, 0x00, 0xF1, 0xFF, 0xFF, 0xFF, 0x08, 0x00, 0x00, 0x00, 0x00, 0xF6,
    0xFF, 0xAF, 0x00, 0x00, 0xFE, 0xFF, 0x1F, 0x00, 0x00, 0x00, 0x00, 0xF6, 0xFF, 0xFF, 0xFF, 0x0C,
    0x00, 0x00, 0x00, 0x00, 0xFA, 0xFF, 0x5F, 0x00, 0x00, 0xFA, 0xFF, 0x6F, 0x00, 0x00, 0x00, 0x00,
    0xFB, 0xFF, 0xFE, 0xFF, 0x1F, 0x00, 0x00, 0x00, 0x00, 0xFE, 0xFF, 0x1F, 0x00, 0x00, 0xF5, 0xFF,
    0xAF, 0x00, 0x00, 0x00, 0x00, 0xFF, 0xFF, 0xF6, 0xFF, 0x6F, 0x00, 0x00, 0x00, 0x20, 0xFF, 0xFF,
    0x0C, 0x00, 0x00, 0xF1, 0xFF, 0xEF, 0x00, 0x00, 0x00, 0x50, 0xFF, 0xFF, 0xC0, 0xFF, 0xBF, 0x00,
    0x00, 0x00, 0x60, 0xFF, 0xFF, 0x07, 0x00, 0x00, 0xC0, 0xFF, 0xFF, 0x02, 0x00, 0x00, 0xA0, 0xFF,
    0xAF, 0x70, 0xFF, 0xFF, 0x00, 0x00, 0x00, 0xA0, 0xFF, 0xFF, 0x03, 0x00, 0x00, 0x70, 0xFF, 0xFF,
    0x06, 0x00, 0x00, 0xE0, 0xFF, 0x5F, 0x10, 0xFF, 0xFF, 0x05, 0x00, 0x00, 0xE0, 0xFF, 0xEF, 0x00,
    0x00, 0x00, 0x30, 0xFF, 0xFF, 0x0A, 0x00, 0x00, 0xF3, 0xFF, 0x1F, 0x00, 0xFC, 0xFF, 0x0A, 0x00,
    0x00, 0xF1, 0xFF, 0xAF, 0x00, 0x00, 0x00, 0x00, 0xFE, 0xFF, 0x0E, 0x00, 0x00, 0xF8, 0xFF, 0x0C,
    0x00, 0xF7, 0xFF, 0x0F, 0x00, 0x00, 0xF6, 0xFF, 0x5F, 0x00, 0x00, 0x00, 0x00, 0xFA, 0xFF, 0x3F,
    0x00, 0x00, 0xFD, 0xFF, 0x07, 0x00, 0xF2, 0xFF, 0x4F, 0x00, 0x00, 0xF9, 0xFF, 0x1F, 0x00, 0x00,
    0x00, 0x00, 0xF5, 0xFF, 0x7F, 0x00, 0x20, 0xFF, 0xFF, 0x02, 0x00, 0xD0, 0xFF, 0x9F, 0x00, 0x00,
    0xFD, 0xFF, 0x0C, 0x00, 0x00, 0x00, 0x00, 0xF1, 0xFF, 0xBF, 0x00, 0x70, 0xFF, 0xDF, 0x00, 0x00,
    0x80, 0xFF, 0xEF, 0x00, 0x10, 0xFF, 0xFF, 0x07, 0x00, 0x00, 0x00, 0x00, 0xC0, 0xFF, 0xFF, 0x00,
    0xC0, 0xFF, 0x8F, 0x00, 0x00, 0x30, 0xFF, 0xFF, 0x03, 0x50, 0xFF, 0xFF, 0x03, 0x00, 0x00, 0x00,
    0x00, 0x70, 0xFF, 0xFF, 0x03, 0xF1, 0xFF, 0x3F, 0x00, 0x00, 0x00, 0xFE, 0xFF, 0x07, 0x90, 0xFF,
    0xEF, 0x00, 0x00, 0x00, 0x00, 0x00, 0x30, 0xFF, 0xFF, 0x08, 0xF6, 0xFF, 0x0E, 0x00, 0x00, 0x00,
    0xF9, 0xFF, 0x0C, 0xD0, 0xFF, 0x9F, 0x00, 0x00, 0x00, 0x00, 0x00, 0x00, 0xFE, 0xFF, 0x0C, 0xFB,
    0xFF, 0x09, 0x00, 0x00, 0x00, 0xF4, 0xFF, 0x1F, 0xF1, 0xFF, 0x5F, 0x00, 0x00, 0x00, 0x00, 0x00,
    0x00, 0xF9, 0xFF, 0x1F, 0xFF, 0xFF, 0x04, 0x00, 0x00, 0x00, 0xE0, 0xFF, 0x6F, 0xF5, 0xFF, 0x0F,
    0x00, 0x00, 0x00, 0x00, 0x00, 0x00, 0xF5, 0xFF, 0x9F, 0xFF, 0xFF, 0x00, 0x00, 0x00, 0x00, 0xA0,
    0xFF, 0xBF, 0xF9, 0xFF, 0x0C, 0x00, 0x00, 0x00, 0x00, 0x00, 0x00, 0xF0, 0xFF, 0xFF, 0xFF, 0xAF,
    0x00, 0x00, 0x00, 0x00, 0x50, 0xFF, 0xFF, 0xFE, 0xFF, 0x07, 0x00, 0x00, 0x00, 0x00, 0x00, 0x00,
    0xC0, 0xFF, 0xFF, 0xFF, 0x5F, 0x00, 0x00, 0x00, 0x00, 0x00, 0xFF, 0xFF, 0xFF, 0xFF, 0x02, 0x00,
    0x00, 0x00, 0x00, 0x00, 0x00, 0x70, 0xFF, 0xFF, 0xFF, 0x1F, 0x00, 0x00, 0x00, 0x00, 0x00, 0xFA,
    0xFF, 0xFF, 0xEF, 0x00, 0x00, 0x00, 0x00, 0x00, 0x00, 0x00, 0x20, 0xFF, 0xFF, 0xFF, 0x0B, 0x00,
    0x00, 0x00, 0x00, 0x00, 0xF5, 0xFF, 0xFF, 0x9F, 0x00, 0x00, 0x00, 0x00, 0x00, 0x00, 0x00, 0x00,
    0xFE, 0xFF, 0xFF, 0x06, 0x00, 0x00, 0x00, 0x00, 0x00, 0xF1, 0xFF, 0xFF, 0x5F, 0x00, 0x00, 0x00,
    0x00, 0x00, 0x00, 0x00, 0x00, 0xF9, 0xFF, 0xFF, 0x02, 0x00, 0x00, 0x00, 0x00, 0x00, 0xB0, 0xFF,
    0xFF, 0x0F, 0x00, 0x00, 0x00, 0x00, 0x00, 0x00, 0x00, 0x00, 0xF5, 0xFF, 0xDF, 0x00, 0x00, 0x00,
    0x00, 0x00, 0x00, 0x60, 0xFF, 0xFF, 0x0B, 0x00, 0x00, 0x00, 0x00, 0x00, 0x00, 0x00, 0x00, 0xF0,
    0xFF, 0x8F, 0x00, 0x00, 0x00, 0x00, 0x00, 0x00, 0x10, 0xFF, 0xFF, 0x07, 0x00, 0x00, 0x00, 0x00,
    0xF3, 0xFF, 0xFF, 0x0D, 0x00, 0x00, 0x00, 0x00, 0x00, 0x40, 0xFF, 0xFF, 0xCF, 0x00, 0x80, 0xFF,
    0xFF, 0x6F, 0x00, 0x00, 0x00, 0x00, 0x00, 0xD0, 0xFF, 0xFF, 0x3F, 0x00, 0x00, 0xFD, 0xFF, 0xEF,
    0x01, 0x00, 0x00, 0x00, 0x00, 0xF7, 0xFF, 0xFF, 0x08, 0x00, 0x00, 0xF3, 0xFF, 0xFF, 0x09, 0x00,
    0x00, 0x00, 0x10, 0xFF, 0xFF, 0xDF, 0x00, 0x00, 0x00, 0x90, 0xFF, 0xFF, 0x3F, 0x00, 0x00, 0x00,
    0xA0, 0xFF, 0xFF, 0x3F, 0x00, 0x00, 0x00, 0x00, 0xFE, 0xFF, 0xCF, 0x00, 0x00, 0x00, 0xF4, 0xFF,
    0xFF, 0x08, 0x00, 0x00, 0x00, 0x00, 0xF4, 0xFF, 0xFF, 0x06, 0x00, 0x00, 0xFD, 0xFF, 0xDF, 0x00,
    0x00, 0x00, 0x00, 0x00, 0xA0, 0xFF, 0xFF, 0x1E, 0x00, 0x70, 0xFF, 0xFF, 0x4F, 0x00, 0x00, 0x00,
    0x00, 0x00, 0x10, 0xFE, 0xFF, 0x9F, 0x00, 0xF1, 0xFF, 0xFF, 0x09, 0x00, 0x00, 0x00, 0x00, 0x00,
    0x00, 0xF5, 0xFF, 0xFF, 0x02, 0xFA, 0xFF, 0xEF, 0x00, 0x00, 0x00, 0x00, 0x00, 0x00, 0x00, 0xA0,
    0xFF, 0xFF, 0x4C, 0xFF, 0xFF, 0x4F, 0x00, 0x00, 0x00, 0x00, 0x00, 0x00, 0x00, 0x10, 0xFE, 0xFF,
    0xFF, 0xFF, 0xFF, 0x0A, 0x00, 0x00, 0x00, 0x00, 0x00, 0x00, 0x00, 0x00, 0xF5, 0xFF, 0xFF, 0xFF,
    0xEF, 0x01, 0x00, 0x00, 0x00, 0x00, 0x00, 0x00, 0x00, 0x00, 0xB0, 0xFF, 0xFF, 0xFF, 0x5F, 0x00,
    0x00, 0x00, 0x00, 0x00, 0x00, 0x00, 0x00, 0x00, 0x10, 0xFF, 0xFF, 0xFF, 0x0A, 0x00, 0x00, 0x00,
    0x00, 0x00, 0x00, 0x00, 0x00, 0x00, 0x00, 0xFA, 0xFF, 0xFF, 0x05, 0x00, 0x00, 0x00, 0x00, 0x00,
    0x00, 0x00, 0x00, 0x00, 0x40, 0xFF, 0xFF, 0xFF, 0x0D, 0x00, 0x00, 0x00, 0x00, 0x00, 0x00, 0x00,
    0x00, 0x00, 0xE0, 0xFF, 0xFF, 0xFF, 0x9F, 0x00, 0x00, 0x00, 0x00, 0x00, 0x00, 0x00, 0x00, 0x00,
    0xF9, 0xFF, 0xFF, 0xFF, 0xFF, 0x03, 0x00, 0x00, 0x00, 0x00, 0x00, 0x00, 0x00, 0x40, 0xFF, 0xFF,
    0xCF, 0xFF, 0xFF, 0x0D, 0x00, 0x00, 0x00, 0x00, 0x00, 0x00, 0x00, 0xD0, 0xFF, 0xFF, 0x1A, 0xFE,
    0xFF, 0x8F, 0x00, 0x00, 0x00, 0x00, 0x00, 0x00, 0x00, 0xF9, 0xFF, 0xFF, 0x01, 0xF6, 0xFF, 0xFF,
    0x03, 0x00, 0x00, 0x00, 0x00, 0x00, 0x30, 0xFF, 0xFF, 0x6F, 0x00, 0xC0, 0xFF, 0xFF, 0x0D, 0x00,
    0x00, 0x00, 0x00, 0x00, 0xD0, 0xFF, 0xFF, 0x0C, 0x00, 0x20, 0xFF, 0xFF, 0x8F, 0x00, 0x00, 0x00,
    0x00, 0x00, 0xF8, 0xFF, 0xFF, 0x03, 0x00, 0x00, 0xF8, 0xFF, 0xFF, 0x03, 0x00, 0x00, 0x00, 0x30,
    0xFF, 0xFF, 0x9F, 0x00, 0x00, 0x00, 0xE0, 0xFF, 0xFF, 0x0D, 0x00, 0x00, 0x00, 0xD0, 0xFF, 0xFF,
    0x1E, 0x00, 0x00, 0x00, 0x50, 0xFF, 0xFF, 0x8F, 0x00, 0x00, 0x00, 0xF8, 0xFF, 0xFF, 0x06, 0x00,
    0x00, 0x00, 0x00, 0xFB, 0xFF, 0xFF, 0x02, 0x00, 0x30, 0xFF, 0xFF, 0xCF, 0x00, 0x00, 0x00, 0x00,
    0x00, 0xF2, 0xFF, 0xFF, 0x0C, 0x00, 0xD0, 0xFF, 0xFF, 0x2F, 0x00, 0x00, 0x00, 0x00, 0x00, 0x80,
    0xFF, 0xFF, 0x7F, 0x00, 0xF8, 0xFF, 0xFF, 0x08, 0x00, 0x00, 0x00, 0x00, 0x00, 0x00, 0xFD, 0xFF,
    0xFF, 0x02, 0xF3, 0xFF, 0xFF, 0x08, 0x00, 0x00, 0x00, 0x00, 0x00, 0x00, 0xF0, 0xFF, 0xFF, 0x08,
    0xD0, 0xFF, 0xFF, 0x0D, 0x00, 0x00, 0x00, 0x00, 0x00, 0x00, 0xF5, 0xFF, 0xFF, 0x03, 0x70, 0xFF,
    0xFF, 0x2F, 0x00, 0x00, 0x00, 0x00, 0x00, 0x00, 0xFA, 0xFF, 0xDF, 0x00, 0x10, 0xFF, 0xFF, 0x8F,
    0x00, 0x00, 0x00, 0x00, 0x00, 0x00, 0xFF, 0xFF, 0x8F, 0x00, 0x00, 0xFC, 0xFF, 0xDF, 0x00, 0x00,
    0x00, 0x00, 0x00, 0x40, 0xFF, 0xFF, 0x2F, 0x00, 0x00, 0xF6, 0xFF, 0xFF, 0x02, 0x00, 0x00, 0x00,
    0x00, 0x90, 0xFF, 0xFF, 0x0D, 0x00, 0x00, 0xF0, 0xFF, 0xFF, 0x08, 0x00, 0x00, 0x00, 0x00, 0xE0,
    0xFF, 0xFF, 0x07, 0x00, 0x00, 0xA0, 0xFF, 0xFF, 0x0D, 0x00, 0x00, 0x00, 0x00, 0xF3, 0xFF, 0xFF,
    0x02, 0x00, 0x00, 0x40, 0xFF, 0xFF, 0x2F, 0x00, 0x00, 0x00, 0x00, 0xF8, 0xFF, 0xCF, 0x00, 0x00,
    0x00, 0x00, 0xFE, 0xFF, 0x8F, 0x00, 0x00, 0x00, 0x00, 0xFD, 0xFF, 0x6F, 0x00, 0x00, 0x00, 0x00,
    0xF9, 0xFF, 0xDF, 0x00, 0x00, 0x00, 0x20, 0xFF, 0xFF, 0x1F, 0x00, 0x00, 0x00, 0x00, 0xF3, 0xFF,
    0xFF, 0x02, 0x00, 0x00, 0x70, 0xFF, 0xFF, 0x0B, 0x00, 0x00, 0x00, 0x00, 0xD0, 0xFF, 0xFF, 0x08,
    0x00, 0x00, 0xC0, 0xFF, 0xFF, 0x06, 0x00, 0x00, 0x00, 0x00, 0x80, 0xFF, 0xFF, 0x0D, 0x00, 0x00,
    0xF1, 0xFF, 0xFF, 0x00, 0x00, 0x00, 0x00, 0x00, 0x20, 0xFF, 0xFF, 0x2F, 0x00, 0x00, 0xF6, 0xFF,
    0xAF, 0x00, 0x00, 0x00, 0x00, 0x00, 0x00, 0xFC, 0xFF, 0x8F, 0x00, 0x00, 0xFB, 0xFF, 0x5F, 0x00,
    0x00, 0x00, 0x00, 0x00, 0x00, 0xF6, 0xFF, 0xDF, 0x00, 0x00, 0xFF, 0xFF, 0x0F, 0x00, 0x00, 0x00,
    0x00, 0x00, 0x00, 0xF1, 0xFF, 0xFF, 0x02, 0x50, 0xFF, 0xFF, 0x0A, 0x00, 0x00, 0x00, 0x00, 0x00,
    0x00, 0xB0, 0xFF, 0xFF, 0x08, 0xA0, 0xFF, 0xFF, 0x04, 0x00, 0x00, 0x00, 0x00, 0x00, 0x00, 0x50,
    0xFF, 0xFF, 0x0D, 0xE0, 0xFF, 0xEF, 0x00, 0x00, 0x00, 0x00, 0x00, 0x00, 0x00, 0x00, 0xFF, 0xFF,
    0x2F, 0xF4, 0xFF, 0x9F, 0x00, 0x00, 0x00, 0x00, 0x00, 0x00, 0x00, 0x00, 0xF9, 0xFF, 0x7F, 0xF9,
    0xFF, 0x3F, 0x00, 0x00, 0x00, 0x00, 0x00, 0x00, 0x00, 0x00, 0xF4, 0xFF, 0xDF, 0xFD, 0xFF, 0x0E,
    0x00, 0x00, 0x00, 0x00, 0x00, 0x00, 0x00, 0x00, 0xE0, 0xFF, 0xFF, 0xFF, 0xFF, 0x08, 0x00, 0x00,
    0x00, 0x00, 0x00, 0x00, 0x00, 0x00, 0x80, 0xFF, 0xFF, 0xFF, 0xFF, 0x03, 0x00, 0x00, 0x00, 0x00,
    0x00, 0x00, 0x00, 0x00, 0x20, 0xFF, 0xFF, 0xFF, 0xDF, 0x00, 0x00, 0x00, 0x00, 0x00, 0x00, 0x00,
    0x00, 0x00, 0x00, 0xFC, 0xFF, 0xFF, 0x8F, 0x00, 0x00, 0x00, 0x00, 0x00, 0x00, 0x00, 0x00, 0x00,
    0x00, 0xF7, 0xFF, 0xFF, 0x2F, 0x00, 0x00, 0x00, 0x00, 0x00, 0x00, 0x00, 0x00, 0x00, 0x00, 0xF1,
    0xFF, 0xFF, 0x0C, 0x00, 0x00, 0x00, 0x00, 0x00, 0x00, 0x00, 0x00, 0x00, 0x00, 0xB0, 0xFF, 0xFF,
    0x07, 0x00, 0x00, 0x00, 0x00, 0x00, 0x00, 0x00, 0x00, 0x00, 0x00, 0x80, 0xFF, 0xFF, 0x01, 0x00,
    0x00, 0x00, 0x00, 0x00, 0x00, 0x00, 0x00, 0x00, 0x00, 0xE0, 0xFF, 0xCF, 0x00, 0x00, 0x00, 0x00,
    0x00, 0x00, 0x00, 0x00, 0x00, 0x00, 0x00, 0xF4, 0xFF, 0x6F, 0x00, 0x00, 0x00, 0x00, 0x00, 0x00,
    0x00, 0x00, 0x00, 0x00, 0x00, 0xFA, 0xFF, 0x1F, 0x00, 0x00, 0x00, 0x00, 0x00, 0x00, 0x00, 0x00,
    0x00, 0x00, 0x10, 0xFF, 0xFF, 0x0B, 0x00, 0x00, 0x00, 0x00, 0x00, 0x00, 0x00, 0x00, 0x00, 0x00,
    0x80, 0xFF, 0xFF, 0x05, 0x00, 0x00, 0x00, 0x00, 0x00, 0x00, 0x00, 0x00, 0x00, 0x00, 0xF3, 0xFF,
    0xEF, 0x00, 0x00, 0x00, 0x00, 0x00, 0x00, 0x00, 0x00, 0x00, 0x00, 0x60, 0xFF, 0xFF, 0x7F, 0x00,
    0x00, 0x00, 0x00, 0x00, 0x00, 0x00, 0x00, 0x96, 0xBA, 0xFF, 0xFF, 0xFF, 0x0D, 0x00, 0x00, 0x00,
    0x00, 0x00, 0x00, 0x00, 0x00, 0xFA, 0xFF, 0xFF, 0xFF, 0xFF, 0x03, 0x00, 0x00, 0x00, 0x00, 0x00,
    0x00, 0x00, 0x00, 0xFA, 0xFF, 0xFF, 0xFF, 0x5F, 0x00, 0x00, 0x00, 0x00, 0x00, 0x00, 0x00, 0x00,
    0x00, 0xFA, 0xFF, 0xFF, 0xEF, 0x04, 0x00, 0x00, 0x00, 0x00, 0x00, 0x00, 0x00, 0x00, 0x00, 0xC6,
    0xFE, 0xBE, 0x06, 0x00, 0x00, 0x00, 0x00, 0x00, 0x00, 0x00, 0x00, 0x00, 0xF4, 0xFF, 0xFF, 0xFF,
    0xFF, 0xFF, 0xFF, 0xFF, 0xFF, 0xFF, 0xFF, 0xFF, 0x00, 0xF4, 0xFF, 0xFF, 0xFF, 0xFF, 0xFF, 0xFF,
    0xFF, 0xFF, 0xFF, 0xFF, 0xFF, 0x00, 0xF4, 0xFF, 0xFF, 0xFF, 0xFF, 0xFF, 0xFF, 0xFF, 0xFF, 0xFF,
    0xFF, 0xFF, 0x00, 0xF4, 0xFF, 0xFF, 0xFF, 0xFF, 0xFF, 0xFF, 0xFF, 0xFF, 0xFF, 0xFF, 0xEF, 0x00,
    0x51, 0x55, 0x55, 0x55, 0x55, 0x55, 0x55, 0x55, 0xE5, 0xFF, 0xFF, 0x6F, 0x00, 0x00, 0x00, 0x00,
    0x00, 0x00, 0x00, 0x00, 0x00, 0xF7, 0xFF, 0xFF, 0x0A, 0x00, 0x00, 0x00, 0x00, 0x00, 0x00, 0x00,
    0x00, 0x30, 0xFF, 0xFF, 0xDF, 0x00, 0x00, 0x00, 0x00, 0x00, 0x00, 0x00, 0x00, 0x00, 0xE1, 0xFF,
    0xFF, 0x2F, 0x00, 0x00, 0x00, 0x00, 0x00, 0x00, 0x00, 0x00, 0x00, 0xFA, 0xFF, 0xFF, 0x06, 0x00,
    0x00, 0x00, 0x00, 0x00, 0x00, 0x00, 0x00, 0x60, 0xFF, 0xFF, 0xAF, 0x00, 0x00, 0x00, 0x00, 0x00,
    0x00, 0x00, 0x00, 0x00, 0xF3, 0xFF, 0xFF, 0x0D, 0x00, 0x00, 0x00, 0x00, 0x00, 0x00, 0x00, 0x00,
    0x00, 0xFD, 0xFF, 0xFF, 0x03, 0x00, 0x00, 0x00, 0x00, 0x00, 0x00, 0x00, 0x00, 0xA0, 0xFF, 0xFF,
    0x7F, 0x00, 0x00, 0x00, 0x00, 0x00, 0x00, 0x00, 0x00, 0x00, 0xF6, 0xFF, 0xFF, 0x0B, 0x00, 0x00,
    0x00, 0x00, 0x00, 0x00, 0x00, 0x00, 0x20, 0xFF, 0xFF, 0xEF, 0x01, 0x00, 0x00, 0x00, 0x00, 0x00,
    0x00, 0x00, 0x00, 0xD0, 0xFF, 0xFF, 0x3F, 0x00, 0x00, 0x00, 0x00, 0x00, 0x00, 0x00, 0x00, 0x00,
    0xF9, 0xFF, 0xFF, 0x07, 0x00, 0x00, 0x00, 0x00, 0x00, 0x00, 0x00, 0x00, 0x50, 0xFF, 0xFF, 0xBF,
    0x00, 0x00, 0x00, 0x00, 0x00, 0x00, 0x00, 0x00, 0x00, 0xF2, 0xFF, 0xFF, 0x1E, 0x00, 0x00, 0x00,
    0x00, 0x00, 0x00, 0x00, 0x00, 0x00, 0xFC, 0xFF, 0xFF, 0x04, 0x00, 0x00, 0x00, 0x00, 0x00, 0x00,
    0x00, 0x00, 0x90, 0xFF, 0xFF, 0x8F, 0x00, 0x00, 0x00, 0x00, 0x00, 0x00, 0x00, 0x00, 0x00, 0xF5,
    0xFF, 0xFF, 0x0C, 0x00, 0x00, 0x00, 0x00, 0x00, 0x00, 0x00, 0x00, 0x20, 0xFE, 0xFF, 0xEF, 0x01,
    0x00, 0x00, 0x00, 0x00, 0x00, 0x00, 0x00, 0x00, 0xC0, 0xFF, 0xFF, 0x4F, 0x00, 0x00, 0x00, 0x00,
    0x00, 0x00, 0x00, 0x00, 0x00, 0xF8, 0xFF, 0xFF, 0x08, 0x00, 0x00, 0x00, 0x00, 0x00, 0x00, 0x00,
    0x00, 0x40, 0xFF, 0xFF, 0xCF, 0x00, 0x00, 0x00, 0x00, 0x00, 0x00, 0x00, 0x00, 0x00, 0xE1, 0xFF,
    0xFF, 0x6F, 0x44, 0x44, 0x44, 0x44, 0x44, 0x44, 0x44, 0x44, 0x03, 0xF7, 0xFF, 0xFF, 0xFF, 0xFF,
    0xFF, 0xFF, 0xFF, 0xFF, 0xFF, 0xFF, 0xFF, 0x0D, 0xF8, 0xFF, 0xFF, 0xFF, 0xFF, 0xFF, 0xFF, 0xFF,
    0xFF, 0xFF, 0xFF, 0xFF, 0x0D, 0xF8, 0xFF, 0xFF, 0xFF, 0xFF, 0xFF, 0xFF, 0xFF, 0xFF, 0xFF, 0xFF,
    0xFF, 0x0D, 0xF8, 0xFF, 0xFF, 0xFF, 0xFF, 0xFF, 0xFF, 0xFF, 0xFF, 0xFF, 0xFF, 0xFF, 0x0D, 0x00,
    0x00, 0x00, 0x00, 0x00, 0x00, 0x00, 0x82, 0x1D, 0x00, 0x00, 0x00, 0x00, 0x00, 0x00, 0xA2, 0xFF,
    0x6F, 0x00, 0x00, 0x00, 0x00, 0x00, 0x70, 0xFF, 0xFF, 0xBF, 0x00, 0x00, 0x00, 0x00, 0x00, 0xFA,
    0xFF, 0xFF, 0x5C, 0x00, 0x00, 0x00, 0x00, 0x90, 0xFF, 0xFF, 0x6F, 0x00, 0x00, 0x00, 0x00, 0x00,
    0xF4, 0xFF, 0xFF, 0x05, 0x00, 0x00, 0x00, 0x00, 0x00, 0xFD, 0xFF, 0x9F, 0x00, 0x00, 0x00, 0x00,
    0x00, 0x40, 0xFF, 0xFF, 0x1F, 0x00, 0x00, 0x00, 0x00, 0x00, 0x90, 0xFF, 0xFF, 0x0A, 0x00, 0x00,
    0x00, 0x00, 0x00, 0xD0, 0xFF, 0xFF, 0x06, 0x00, 0x00, 0x00, 0x00, 0x00, 0xF0, 0xFF, 0xFF, 0x03,
    0x00, 0x00, 0x00, 0x00, 0x00, 0xF1, 0xFF, 0xFF, 0x01, 0x00, 0x00, 0x00, 0x00, 0x00, 0xF2, 0xFF,
    0xFF, 0x01, 0x00, 0x00, 0x00, 0x00, 0x00, 0xF3, 0xFF, 0xFF, 0x01, 0x00, 0x00, 0x00, 0x00, 0x00,
    0xF3, 0xFF, 0xFF, 0x01, 0x00, 0x00, 0x00, 0x00, 0x00, 0xF3, 0xFF, 0xFF, 0x01, 0x00, 0x00, 0x00,
    0x00, 0x00, 0xF3, 0xFF, 0xFF, 0x01, 0x00, 0x00, 0x00, 0x00, 0x00, 0xF3, 0xFF, 0xFF, 0x01, 0x00,
    0x00, 0x00, 0x00, 0x00, 0xF3, 0xFF, 0xFF, 0x00, 0x00, 0x00, 0x00, 0x00, 0x00, 0xF4, 0xFF, 0xFF,
    0x00, 0x00, 0x00, 0x00, 0x00, 0x00, 0xF6, 0xFF, 0xEF, 0x00, 0x00, 0x00, 0x00, 0x00, 0x00, 0xFA,
    0xFF, 0xAF, 0x00, 0x00, 0x00, 0x00, 0x00, 0x20, 0xFF, 0xFF, 0x6F, 0x00, 0x00, 0x00, 0x00, 0x00,
    0xD1, 0xFF, 0xFF, 0x0E, 0x00, 0x00, 0x00, 0x00, 0x72, 0xFE, 0xFF, 0xFF, 0x05, 0x00, 0x00, 0x00,
    0xF3, 0xFF, 0xFF, 0xFF, 0x7F, 0x00, 0x00, 0x00, 0x00, 0xF3, 0xFF, 0xFF, 0xEF, 0x05, 0x00, 0x00,
    0x00, 0x00, 0xF3, 0xFF, 0xFF, 0xDF, 0x03, 0x00, 0x00, 0x00, 0x00, 0xF3, 0xFF, 0xFF, 0xFF, 0x4F,
    0x00, 0x00, 0x00, 0x00, 0x20, 0x94, 0xFF, 0xFF, 0xFF, 0x03, 0x00, 0x00, 0x00, 0x00, 0x00, 0xE2,
    0xFF, 0xFF, 0x0C, 0x00, 0x00, 0x00, 0x00, 0x00, 0x40, 0xFF, 0xFF, 0x4F, 0x00, 0x00, 0x00, 0x00,
    0x00, 0x00, 0xFC, 0xFF, 0x9F, 0x00, 0x00, 0x00, 0x00, 0x00, 0x00, 0xF7, 0xFF, 0xDF, 0x00, 0x00,
    0x00, 0x00, 0x00, 0x00, 0xF4, 0xFF, 0xFF, 0x00, 0x00, 0x00, 0x00, 0x00, 0x00, 0xF3, 0xFF, 0xFF,
    0x00, 0x00, 0x00, 0x00, 0x00, 0x00, 0xF3, 0xFF, 0xFF, 0x00, 0x00, 0x00, 0x00, 0x00, 0x00, 0xF3,
    0xFF, 0xFF, 0x01, 0x00, 0x00, 0x00, 0x00, 0x00, 0xF3, 0xFF, 0xFF, 0x01, 0x00, 0x00, 0x00, 0x00,
    0x00, 0xF3, 0xFF, 0xFF, 0x01, 0x00, 0x00, 0x00, 0x00, 0x00, 0xF3, 0xFF, 0xFF, 0x01, 0x00, 0x00,
    0x00, 0x00, 0x00, 0xF2, 0xFF, 0xFF, 0x01, 0x00, 0x00, 0x00, 0x00, 0x00, 0xF2, 0xFF, 0xFF, 0x01,
    0x00, 0x00, 0x00, 0x00, 0x00, 0xF1, 0xFF, 0xFF, 0x02, 0x00, 0x00, 0x00, 0x00, 0x00, 0xF0, 0xFF,
    0xFF, 0x04, 0x00, 0x00, 0x00, 0x00, 0x00, 0xC0, 0xFF, 0xFF, 0x07, 0x00, 0x00, 0x00, 0x00, 0x00,
    0x80, 0xFF, 0xFF, 0x0C, 0x00, 0x00, 0x00, 0x00, 0x00, 0x20, 0xFF, 0xFF, 0x2F, 0x00, 0x00, 0x00,
    0x00, 0x00, 0x00, 0xFC, 0xFF, 0xBF, 0x00, 0x00, 0x00, 0x00, 0x00, 0x00, 0xF2, 0xFF, 0xFF, 0x07,
    0x00, 0x00, 0x00, 0x00, 0x00, 0x70, 0xFF, 0xFF, 0x8F, 0x00, 0x00, 0x00, 0x00, 0x00, 0x00, 0xF8,
    0xFF, 0xFF, 0x7E, 0x00, 0x00, 0x00, 0x00, 0x00, 0x50, 0xFF, 0xFF, 0xBF, 0x00, 0x00, 0x00, 0x00,
    0x00, 0x00, 0xA2, 0xFF, 0x6F, 0x00, 0x00, 0x00, 0x00, 0x00, 0x00, 0x00, 0x82, 0x1D, 0xF0, 0xFF,
    0x2F, 0xF0, 0xFF, 0x2F, 0xF0, 0xFF, 0x2F, 0xF0, 0xFF, 0x2F, 0xF0, 0xFF, 0x2F, 0xF0, 0xFF, 0x2F,
    0xF0, 0xFF, 0x2F, 0xF0, 0xFF, 0x2F, 0xF0, 0xFF, 0x2F, 0xF0, 0xFF, 0x2F, 0xF0, 0xFF, 0x2F, 0xF0,
    0xFF, 0x2F, 0xF0, 0xFF, 0x2F, 0xF0, 0xFF, 0x2F, 0xF0, 0xFF, 0x2F, 0xF0, 0xFF, 0x2F, 0xF0, 0xFF,
    0x2F, 0xF0, 0xFF, 0x2F, 0xF0, 0xFF, 0x2F, 0xF0, 0xFF, 0x2F, 0xF0, 0xFF, 0x2F, 0xF0, 0xFF, 0x2F,
    0xF0, 0xFF, 0x2F, 0xF0, 0xFF, 0x2F, 0xF0, 0xFF, 0x2F, 0xF0, 0xFF, 0x2F, 0xF0, 0xFF, 0x2F, 0xF0,
    0xFF, 0x2F, 0xF0, 0xFF, 0x2F, 0xF0, 0xFF, 0x2F, 0xF0, 0xFF, 0x2F, 0xF0, 0xFF, 0x2F, 0xF0, 0xFF,
    0x2F, 0xF0, 0xFF, 0x2F, 0xF0, 0xFF, 0x2F, 0xF0, 0xFF, 0x2F, 0xF0, 0xFF, 0x2F, 0xF0, 0xFF, 0x2F,
    0xF0, 0xFF, 0x2F, 0xF0, 0xFF, 0x2F, 0xF0, 0xFF, 0x2F, 0xF0, 0xFF, 0x2F, 0xF0, 0xFF, 0x2F, 0xF0,
    0xFF, 0x2F, 0xF0, 0xFF, 0x2F, 0xF0, 0xFF, 0x2F, 0xF0, 0xFF, 0x2F, 0xF0, 0xFF, 0x2F, 0xF0, 0xFF,
    0x2F, 0x80, 0x5B, 0x00, 0x00, 0x00, 0x00, 0x00, 0x00, 0x00, 0xD0, 0xFF, 0x7E, 0x00, 0x00, 0x00,
    0x00, 0x00, 0x00, 0xF3, 0xFF, 0xFF, 0x2D, 0x00, 0x00, 0x00, 0x00, 0x00, 0x81, 0xFF, 0xFF, 0xFF,
    0x04, 0x00, 0x00, 0x00, 0x00, 0x00, 0xC1, 0xFF, 0xFF, 0x3F, 0x00, 0x00, 0x00, 0x00, 0x00, 0x00,
    0xFB, 0xFF, 0xDF, 0x00, 0x00, 0x00, 0x00, 0x00, 0x00, 0xE1, 0xFF, 0xFF, 0x06, 0x00, 0x00, 0x00,
    0x00, 0x00, 0x80, 0xFF, 0xFF, 0x0D, 0x00, 0x00, 0x00, 0x00, 0x00, 0x20, 0xFF, 0xFF, 0x2F, 0x00,
    0x00, 0x00, 0x00, 0x00, 0x00, 0xFD, 0xFF, 0x6F, 0x00, 0x00, 0x00, 0x00, 0x00, 0x00, 0xFA, 0xFF,
    0x9F, 0x00, 0x00, 0x00, 0x00, 0x00, 0x00, 0xF9, 0xFF, 0xAF, 0x00, 0x00, 0x00, 0x00, 0x00, 0x00,
    0xF8, 0xFF, 0xBF, 0x00, 0x00, 0x00, 0x00, 0x00, 0x00, 0xF8, 0xFF, 0xBF, 0x00, 0x00, 0x00, 0x00,
    0x00, 0x00, 0xF8, 0xFF, 0xBF, 0x00, 0x00, 0x00, 0x00, 0x00, 0x00, 0xF8, 0xFF, 0xBF, 0x00, 0x00,
    0x00, 0x00, 0x00, 0x00, 0xF8, 0xFF, 0xBF, 0x00, 0x00, 0x00, 0x00, 0x00, 0x00, 0xF8, 0xFF, 0xBF,
    0x00, 0x00, 0x00, 0x00, 0x00, 0x00, 0xF8, 0xFF, 0xBF, 0x00, 0x00, 0x00, 0x00, 0x00, 0x00, 0xF7,
    0xFF, 0xCF, 0x00, 0x00, 0x00, 0x00, 0x00, 0x00, 0xF5, 0xFF, 0xEF, 0x00, 0x00, 0x00, 0x00, 0x00,
    0x00, 0xF2, 0xFF, 0xFF, 0x02, 0x00, 0x00, 0x00, 0x00, 0x00, 0xD0, 0xFF, 0xFF, 0x0A, 0x00, 0x00,
    0x00, 0x00, 0x00, 0x50, 0xFF, 0xFF, 0x6F, 0x00, 0x00, 0x00, 0x00, 0x00, 0x00, 0xFB, 0xFF, 0xFF,
    0x4B, 0x01, 0x00, 0x00, 0x00, 0x00, 0xB0, 0xFF, 0xFF, 0xFF, 0xBF, 0x00, 0x00, 0x00, 0x00, 0x00,
    0xF7, 0xFF, 0xFF, 0xBF, 0x00, 0x00, 0x00, 0x00, 0x00, 0xD4, 0xFF, 0xFF, 0xBF, 0x00, 0x00, 0x00,
    0x00, 0x80, 0xFF, 0xFF, 0xFF, 0xBF, 0x00, 0x00, 0x00, 0x00, 0xF8, 0xFF, 0xFF, 0x7D, 0x13, 0x00,
    0x00, 0x00, 0x30, 0xFF, 0xFF, 0x9F, 0x00, 0x00, 0x00, 0x00, 0x00, 0xB0, 0xFF, 0xFF, 0x0C, 0x00,
    0x00, 0x00, 0x00, 0x00, 0xF1, 0xFF, 0xFF, 0x04, 0x00, 0x00, 0x00, 0x00, 0x00, 0xF4, 0xFF, 0xFF,
    0x00, 0x00, 0x00, 0x00, 0x00, 0x00, 0xF6, 0xFF, 0xDF, 0x00, 0x00, 0x00, 0x00, 0x00, 0x00, 0xF7,
    0xFF, 0xBF, 0x00, 0x00, 0x00, 0x00, 0x00, 0x00, 0xF8, 0xFF, 0xBF, 0x00, 0x00, 0x00, 0x00, 0x00,
    0x00, 0xF8, 0xFF, 0xBF, 0x00, 0x00, 0x00, 0x00, 0x00, 0x00, 0xF8, 0xFF, 0xBF, 0x00, 0x00, 0x00,
    0x00, 0x00, 0x00, 0xF8, 0xFF, 0xBF, 0x00, 0x00, 0x00, 0x00, 0x00, 0x00, 0xF8, 0xFF, 0xBF, 0x00,
    0x00, 0x00, 0x00, 0x00, 0x00, 0xF8, 0xFF, 0xBF, 0x00, 0x00, 0x00, 0x00, 0x00, 0x00, 0xF8, 0xFF,
    0xAF, 0x00, 0x00, 0x00, 0x00, 0x00, 0x00, 0xF9, 0xFF, 0x9F, 0x00, 0x00, 0x00, 0x00, 0x00, 0x00,
    0xFB, 0xFF, 0x8F, 0x00, 0x00, 0x00, 0x00, 0x00, 0x00, 0xFE, 0xFF, 0x4F, 0x00, 0x00, 0x00, 0x00,
    0x00, 0x30, 0xFF, 0xFF, 0x1F, 0x00, 0x00, 0x00, 0x00, 0x00, 0x90, 0xFF, 0xFF, 0x0B, 0x00, 0x00,
    0x00, 0x00, 0x00, 0xF3, 0xFF, 0xFF, 0x04, 0x00, 0x00, 0x00, 0x00, 0x10, 0xFD, 0xFF, 0xBF, 0x00,
    0x00, 0x00, 0x00, 0x00, 0xD3, 0xFF, 0xFF, 0x1E, 0x00, 0x00, 0x00, 0x00, 0xA2, 0xFF, 0xFF, 0xEF,
    0x02, 0x00, 0x00, 0x00, 0x00, 0xF3, 0xFF, 0xFF, 0x1B, 0x00, 0x00, 0x00, 0x00, 0x00, 0xD0, 0xFF,
    0x6E, 0x00, 0x00, 0x00, 0x00, 0x00, 0x00, 0x80, 0x5B, 0x00, 0x00, 0x00, 0x00, 0x00, 0x00, 0x00,
    0x00, 0x00, 0x00, 0xA5, 0xFD, 0xDE, 0x39, 0x00, 0x00, 0x00, 0x00, 0x00, 0x00, 0x00, 0x42, 0x44,
    0x03, 0x00, 0x00, 0xC2, 0xFF, 0xFF, 0xFF, 0xFF, 0x2C, 0x00, 0x00, 0x00, 0x00, 0x00, 0x00, 0xF9,
    0xFF, 0x0B, 0x00, 0x30, 0xFE, 0xFF, 0xFF, 0xFF, 0xFF, 0xFF, 0x06, 0x00, 0x00, 0x00, 0x00, 0x00,
    0xFB, 0xFF, 0x0A, 0x00, 0xE1, 0xFF, 0xFF, 0xFF, 0xFF, 0xFF, 0xFF, 0x9F, 0x00, 0x00, 0x00, 0x00,
    0x00, 0xFF, 0xFF, 0x07, 0x00, 0xFB, 0xFF, 0xFF, 0xAD, 0xEA, 0xFF, 0xFF, 0xFF, 0x0A, 0x00, 0x00,
    0x00, 0x60, 0xFF, 0xFF, 0x03, 0x30, 0xFF, 0xFF, 0x4E, 0x00, 0x00, 0xF6, 0xFF, 0xFF, 0xCF, 0x02,
    0x00, 0x00, 0xF2, 0xFF, 0xDF, 0x00, 0xA0, 0xFF, 0xFF, 0x04, 0x00, 0x00, 0x20, 0xFD, 0xFF, 0xFF,
    0x8F, 0x02, 0x71, 0xFF, 0xFF, 0x6F, 0x00, 0xE0, 0xFF, 0xCF, 0x00, 0x00, 0x00, 0x00, 0xC1, 0xFF,
    0xFF, 0xFF, 0xFF, 0xFF, 0xFF, 0xFF, 0x0C, 0x00, 0xF2, 0xFF, 0x7F, 0x00, 0x00, 0x00, 0x00, 0x00,
    0xFB, 0xFF, 0xFF, 0xFF, 0xFF, 0xFF, 0xEF, 0x02, 0x00, 0xF3, 0xFF, 0x5F, 0x00, 0x00, 0x00, 0x00,
    0x00, 0x70, 0xFF, 0xFF, 0xFF, 0xFF, 0xFF, 0x2E, 0x00, 0x00, 0xA2, 0x9A, 0x29, 0x00, 0x00, 0x00,
    0x00, 0x00, 0x00, 0xB2, 0xFF, 0xFF, 0xFF, 0x9F, 0x01, 0x00, 0x00, 0x00, 0x00, 0x00, 0x00, 0x00,
    0x00, 0x00, 0x00, 0x00, 0x00, 0x51, 0x98, 0x58, 0x01, 0x00, 0x00, 0x00,
};
const GFXglyph Roboto28Glyphs[] = {
    { 0, 0, 14, 0, 0, 0, 0 }, //  
    { 7, 41, 15, 4, 41, 164, 0 }, // !
    { 13, 14, 19, 3, 44, 98, 164 }, // "
    { 32, 41, 36, 3, 41, 656, 262 }, // #
    { 27, 55, 33, 3, 49, 770, 918 }, // $
    { 38, 43, 42, 2, 42, 817, 1688 }, // %
    { 34, 43, 36, 2, 42, 731, 2505 }, // &
    { 6, 14, 10, 2, 44, 42, 3236 }, // '
    { 16, 60, 20, 3, 47, 480, 3278 }, // (
    { 16, 60, 20, 1, 47, 480, 3758 }, // )
    { 25, 24, 25, 0, 41, 312, 4238 }, // *
    { 29, 31, 33, 2, 35, 465, 4550 }, // +
    { 9, 15, 11, 0, 7, 75, 5015 }, // ,
    { 14, 5, 16, 1, 20, 35, 5090 }, // -
    { 7, 7, 15, 4, 7, 28, 5125 }, // .
    { 23, 45, 24, 0, 41, 540, 5153 }, // /
    { 27, 43, 33, 3, 42, 602, 5693 }, // 0
    { 17, 41, 33, 4, 41, 369, 6295 }, // 1
    { 29, 42, 33, 2, 42, 630, 6664 }, // 2
    { 27, 43, 33, 2, 42, 602, 7294 }, // 3
    { 31, 41, 33, 1, 41, 656, 7896 }, // 4
    { 27, 42, 33, 4, 41, 588, 8552 }, // 5
    { 27, 42, 33, 3, 41, 588, 9140 }, // 6
    { 29, 41, 33, 2, 41, 615, 9728 }, // 7
    { 27, 43, 33, 3, 42, 602, 10343 }, // 8
    { 27, 42, 33, 2, 42, 588, 10945 }, // 9
    { 8, 31, 14, 3, 31, 124, 11533 }, // :
    { 9, 39, 12, 1, 31, 195, 11657 }, // ;
    { 24, 26, 29, 2, 31, 312, 11852 }, // <
    { 24, 17, 32, 4, 28, 204, 12164 }, // =
    { 25, 26, 30, 3, 31, 338, 12368 }, // >
    { 24, 42, 27, 2, 42, 504, 12706 }, // ?
    { 47, 54, 52, 3, 41, 1296, 13210 }, // @
    { 38, 41, 38, 0, 41, 779, 14506 }, // A
    { 29, 41, 36, 4, 41, 615, 15285 }, // B
    { 33, 43, 38, 3, 42, 731, 15900 }, // C
    { 31, 41, 38, 4, 41, 656, 16631 }, // D
    { 27, 41, 33, 4, 41, 574, 17287 }, // E
    { 27, 41, 32, 4, 41, 574, 17861 }, // F
    { 33, 43, 40, 3, 42, 731, 18435 }, // G
    { 33, 41, 41, 4, 41, 697, 19166 }, // H
    { 6, 41, 16, 5, 41, 123, 19863 }, // I
    { 27, 42, 32, 1, 41, 588, 19986 }, // J
    { 33, 41, 36, 4, 41, 697, 20574 }, // K
    { 26, 41, 31, 4, 41, 533, 21271 }, // L
    { 42, 41, 51, 4, 41, 861, 21804 }, // M
    { 33, 41, 41, 4, 41, 697, 22665 }, // N
    { 34, 43, 40, 3, 42, 731, 23362 }, // O
    { 31, 41, 37, 4, 41, 656, 24093 }, // P
    { 34, 50, 40, 3, 42, 850, 24749 }, // Q
    { 31, 41, 36, 4, 41, 656, 25599 }, // R
    { 31, 43, 34, 2, 42, 688, 26255 }, // S
    { 33, 41, 35, 1, 41, 697, 26943 }, // T
    { 31, 42, 38, 3, 41, 672, 27640 }, // U
    { 37, 41, 37, 0, 41, 779, 28312 }, // V
    { 50, 41, 51, 1, 41, 1025, 29091 }, // W
    { 34, 41, 36, 1, 41, 697, 30116 }, // X
    { 35, 41, 35, 0, 41, 738, 30813 }, // Y
    { 31, 41, 35, 2, 41, 656, 31551 }, // Z
    { 11, 56, 15, 4, 47, 336, 32207 }, // [
    { 23, 45, 24, 1, 41, 540, 32543 }, // <backslash>
    { 11, 56, 15, 0, 47, 336, 33083 }, // ]
    { 22, 20, 24, 1, 41, 220, 33419 }, // ^
    { 27, 5, 26, 0, 0, 70, 33639 }, // _
    { 13, 8, 18, 1, 43, 56, 33709 }, // `
    { 26, 32, 32, 3, 31, 416, 33765 }, // a
    { 27, 45, 33, 3, 44, 630, 34181 }, // b
    { 27, 32, 30, 2, 31, 448, 34811 }, // c
    { 27, 45, 33, 2, 44, 630, 35259 }, // d
    { 27, 32, 31, 2, 31, 448, 35889 }, // e
    { 20, 44, 20, 1, 44, 440, 36337 }, // f
    { 27, 43, 33, 2, 31, 602, 36777 }, // g
    { 26, 44, 32, 3, 44, 572, 37379 }, // h
    { 7, 42, 14, 4, 42, 168, 37951 }, // i
    { 12, 54, 14, -2, 42, 324, 38119 }, // j
    { 26, 44, 29, 4, 44, 572, 38443 }, // k
    { 6, 44, 14, 4, 44, 132, 39015 }, // l
    { 44, 31, 51, 3, 31, 682, 39147 }, // m
    { 26, 31, 32, 3, 31, 403, 39829 }, // n
    { 29, 32, 33, 2, 31, 480, 40232 }, // o
    { 27, 43, 33, 3, 31, 602, 40712 }, // p
    { 27, 43, 33, 2, 31, 602, 41314 }, // q
    { 16, 31, 20, 3, 31, 248, 41916 }, // r
    { 26, 32, 30, 2, 31, 416, 42164 }, // s
    { 17, 39, 19, 0, 38, 351, 42580 }, // t
    { 25, 32, 32, 3, 31, 416, 42931 }, // u
    { 28, 31, 28, 0, 31, 434, 43347 }, // v
    { 42, 31, 44, 1, 31, 651, 43781 }, // w
    { 27, 31, 29, 1, 31, 434, 44432 }, // x
    { 27, 43, 27, 0, 31, 602, 44866 }, // y
    { 25, 31, 29, 2, 31, 403, 45468 }, // z
    { 18, 55, 20, 1, 45, 495, 45871 }, // {
    { 6, 49, 14, 4, 41, 147, 46366 }, // |
    { 18, 55, 20, 0, 45, 495, 46513 }, // }
    { 33, 12, 39, 3, 23, 204, 47008 }, // ~
};
const UnicodeInterval Roboto28Intervals[] = {
    { 0x20, 0x7E, 0x0 },
};
const GFXfont Roboto28 = {
    (uint8_t*)Roboto28Bitmaps,
    (GFXglyph*)Roboto28Glyphs,
    (UnicodeInterval*)Roboto28Intervals,
    1,
    0,
    77,
    62,
    -16,
};
