#pragma once
#include "glyph.h"
#pragma once
const uint8_t Roboto16Bitmaps[15916] = {
    0xF4, 0xCF, 0x00, 0xF4, 0xCF, 0x00, 0xF4, 0xCF, 0x00, 0xF4, 0xCF, 0x00, 0xF4, 0xCF, 0x00, 0xF3,
    0xBF, 0x00, 0xF3, 0xBF, 0x00, 0xF3, 0xBF, 0x00, 0xF3, 0xBF, 0x00, 0xF3, 0xBF, 0x00, 0xF2, 0xAF,
    0x00, 0xF2, 0xAF, 0x00, 0xF2, 0xAF, 0x00, 0xF2, 0xAF, 0x00, 0xF2, 0xAF, 0x00, 0xF1, 0x9F, 0x00,
    0xF1, 0x9F, 0x00, 0x20, 0x12, 0x00, 0x00, 0x00, 0x00, 0x00, 0x00, 0x00, 0x20, 0x15, 0x00, 0xF3,
    0xDF, 0x00, 0xF6, 0xFF, 0x00, 0xC1, 0x9F, 0x00, 0xFC, 0x07, 0xF7, 0x0D, 0xFC, 0x07, 0xF7, 0x0D,
    0xFC, 0x07, 0xF7, 0x0C, 0xFC, 0x05, 0xF7, 0x0B, 0xFC, 0x04, 0xF7, 0x09, 0xFC, 0x03, 0xF7, 0x08,
    0xFD, 0x01, 0xF7, 0x07, 0xFD, 0x00, 0xF7, 0x05, 0x00, 0x00, 0x00, 0x00, 0xFF, 0x03, 0x00, 0xF8,
    0x0D, 0x00, 0x00, 0x00, 0x00, 0x40, 0xFF, 0x00, 0x00, 0xFB, 0x09, 0x00, 0x00, 0x00, 0x00, 0x70,
    0xCF, 0x00, 0x00, 0xFE, 0x06, 0x00, 0x00, 0x00, 0x00, 0xB0, 0x9F, 0x00, 0x20, 0xFF, 0x02, 0x00,
    0x00, 0x00, 0x00, 0xE0, 0x5F, 0x00, 0x60, 0xEF, 0x00, 0x00, 0x00, 0x00, 0x00, 0xF2, 0x2F, 0x00,
    0x90, 0xBF, 0x00, 0x00, 0x00, 0xFD, 0xFF, 0xFF, 0xFF, 0xFF, 0xFF, 0xFF, 0xFF, 0x0E, 0x00, 0xFD,
    0xFF, 0xFF, 0xFF, 0xFF, 0xFF, 0xFF, 0xFF, 0x0E, 0x00, 0x33, 0x33, 0xFD, 0x3A, 0x33, 0xF6, 0x4F,
    0x33, 0x03, 0x00, 0x00, 0x00, 0xFF, 0x05, 0x00, 0xF6, 0x0E, 0x00, 0x00, 0x00, 0x00, 0x20, 0xFF,
    0x02, 0x00, 0xF9, 0x0B, 0x00, 0x00, 0x00, 0x00, 0x50, 0xFF, 0x00, 0x00, 0xFC, 0x08, 0x00, 0x00,
    0x00, 0x00, 0x80, 0xCF, 0x00, 0x00, 0xFF, 0x05, 0x00, 0x00, 0x00, 0x00, 0xB0, 0x9F, 0x00, 0x20,
    0xFF, 0x02, 0x00, 0x00, 0xF1, 0xFF, 0xFF, 0xFF, 0xFF, 0xFF, 0xFF, 0xFF, 0xBF, 0x00, 0xF1, 0xFF,
    0xFF, 0xFF, 0xFF, 0xFF, 0xFF, 0xFF, 0xBF, 0x00, 0x30, 0x33, 0xF7, 0x3F, 0x33, 0xC3, 0xAF, 0x33,
    0x23, 0x00, 0x00, 0x00, 0xF7, 0x0D, 0x00, 0xE0, 0x6F, 0x00, 0x00, 0x00, 0x00, 0x00, 0xF9, 0x0B,
    0x00, 0xF0, 0x4F, 0x00, 0x00, 0x00, 0x00, 0x00, 0xFC, 0x08, 0x00, 0xF3, 0x1F, 0x00, 0x00, 0x00,
    0x00, 0x00, 0xFF, 0x05, 0x00, 0xF6, 0x0E, 0x00, 0x00, 0x00, 0x00, 0x10, 0xFF, 0x03, 0x00, 0xF8,
    0x0C, 0x00, 0x00, 0x00, 0x00, 0x40, 0xFF, 0x00, 0x00, 0xFB, 0x09, 0x00, 0x00, 0x00, 0x00, 0x60,
    0xDF, 0x00, 0x00, 0xFE, 0x07, 0x00, 0x00, 0x00, 0x00, 0x00, 0x00, 0x40, 0x78, 0x00, 0x00, 0x00,
    0x00, 0x00, 0x00, 0x90, 0xDF, 0x00, 0x00, 0x00, 0x00, 0x00, 0x00, 0x90, 0xDF, 0x00, 0x00, 0x00,
    0x00, 0x00, 0x00, 0x90, 0xDF, 0x00, 0x00, 0x00, 0x00, 0x00, 0x81, 0xFD, 0xFF, 0x8D, 0x01, 0x00,
    0x00, 0x40, 0xFE, 0xFF, 0xFF, 0xFF, 0x4F, 0x00, 0x00, 0xF2, 0xFF, 0xBF, 0xA9, 0xFF, 0xFF, 0x03,
    0x00, 0xFB, 0xBF, 0x01, 0x00, 0xC1, 0xFF, 0x0C, 0x10, 0xFF, 0x1F, 0x00, 0x00, 0x20, 0xFF, 0x2F,
    0x40, 0xFF, 0x0B, 0x00, 0x00, 0x00, 0xFB, 0x6F, 0x40, 0xFF, 0x0A, 0x00, 0x00, 0x00, 0xF7, 0x8F,
    0x30, 0xFF, 0x0D, 0x00, 0x00, 0x00, 0x83, 0x48, 0x00, 0xFF, 0x6F, 0x00, 0x00, 0x00, 0x00, 0x00,
    0x00, 0xF8, 0xFF, 0x08, 0x00, 0x00, 0x00, 0x00, 0x00, 0xC0, 0xFF, 0xFF, 0x39, 0x00, 0x00, 0x00,
    0x00, 0x00, 0xFA, 0xFF, 0xFF, 0x6D, 0x00, 0x00, 0x00, 0x00, 0x30, 0xFB, 0xFF, 0xFF, 0x3D, 0x00,
    0x00, 0x00, 0x00, 0x10, 0xD7, 0xFF, 0xFF, 0x04, 0x00, 0x00, 0x00, 0x00, 0x00, 0xE5, 0xFF, 0x1E,
    0x00, 0x00, 0x00, 0x00, 0x00, 0x10, 0xFE, 0x6F, 0x30, 0x23, 0x00, 0x00, 0x00, 0x00, 0xF6, 0xAF,
    0xF3, 0xCF, 0x00, 0x00, 0x00, 0x00, 0xF3, 0xCF, 0xF1, 0xFF, 0x00, 0x00, 0x00, 0x00, 0xF4, 0xBF,
    0xD0, 0xFF, 0x06, 0x00, 0x00, 0x00, 0xFA, 0x8F, 0x60, 0xFF, 0x4F, 0x00, 0x00, 0x80, 0xFF, 0x2F,
    0x00, 0xFC, 0xFF, 0x9C, 0xA8, 0xFE, 0xFF, 0x08, 0x00, 0xB1, 0xFF, 0xFF, 0xFF, 0xFF, 0x8F, 0x00,
    0x00, 0x00, 0xA4, 0xFE, 0xFF, 0x9D, 0x02, 0x00, 0x00, 0x00, 0x00, 0xD0, 0x8F, 0x00, 0x00, 0x00,
    0x00, 0x00, 0x00, 0xD0, 0x8F, 0x00, 0x00, 0x00, 0x00, 0x00, 0x00, 0xD0, 0x8F, 0x00, 0x00, 0x00,
    0x00, 0x00, 0x00, 0x10, 0x01, 0x00, 0x00, 0x00, 0x00, 0x91, 0xFE, 0x9E, 0x01, 0x00, 0x00, 0x00,
    0x00, 0x00, 0x00, 0x20, 0xFE, 0xFF, 0xFF, 0x1E, 0x00, 0x00, 0x00, 0x00, 0x00, 0x00, 0xB0, 0xDF,
    0x03, 0xD3, 0xBF, 0x00, 0x00, 0x00, 0x00, 0x00, 0x00, 0xF2, 0x3F, 0x00, 0x30, 0xFF, 0x01, 0x00,
    0x50, 0x1A, 0x00, 0x00, 0xF4, 0x0F, 0x00, 0x00, 0xFF, 0x04, 0x00, 0xE1, 0x5F, 0x00, 0x00, 0xF5,
    0x0E, 0x00, 0x00, 0xFE, 0x04, 0x00, 0xFA, 0x0B, 0x00, 0x00, 0xF4, 0x0F, 0x00, 0x00, 0xFF, 0x04,
    0x40, 0xFF, 0x02, 0x00, 0x00, 0xF1, 0x3F, 0x00, 0x30, 0xFF, 0x01, 0xD0, 0x7F, 0x00, 0x00, 0x00,
    0xB0, 0xDF, 0x02, 0xD2, 0xBF, 0x00, 0xF8, 0x0C, 0x00, 0x00, 0x00, 0x20, 0xFE, 0xFF, 0xFF, 0x2E,
    0x30, 0xFF, 0x03, 0x00, 0x00, 0x00, 0x00, 0x91, 0xFE, 0x9E, 0x01, 0xC0, 0x8F, 0x00, 0x00, 0x00,
    0x00, 0x00, 0x00, 0x00, 0x00, 0x00, 0xF7, 0x0D, 0x00, 0x00, 0x00, 0x00, 0x00, 0x00, 0x00, 0x00,
    0x20, 0xFF, 0x04, 0x00, 0x00, 0x00, 0x00, 0x00, 0x00, 0x00, 0x00, 0xB0, 0x9F, 0x00, 0xC6, 0xFF,
    0x4C, 0x00, 0x00, 0x00, 0x00, 0x00, 0xF5, 0x1E, 0x90, 0xFF, 0xFF, 0xFF, 0x07, 0x00, 0x00, 0x00,
    0x10, 0xFE, 0x05, 0xF5, 0x7F, 0x10, 0xF9, 0x2F, 0x00, 0x00, 0x00, 0xA0, 0xBF, 0x00, 0xFB, 0x0A,
    0x00, 0xC0, 0x8F, 0x00, 0x00, 0x00, 0xF4, 0x1F, 0x00, 0xFD, 0x06, 0x00, 0x80, 0xBF, 0x00, 0x00,
    0x00, 0xFD, 0x06, 0x00, 0xFE, 0x05, 0x00, 0x80, 0xBF, 0x00, 0x00, 0x80, 0xCF, 0x00, 0x00, 0xFD,
    0x06, 0x00, 0x80, 0xBF, 0x00, 0x00, 0xF3, 0x2F, 0x00, 0x00, 0xFB, 0x0A, 0x00, 0xC0, 0x8F, 0x00,
    0x00, 0x90, 0x08, 0x00, 0x00, 0xF5, 0x6F, 0x00, 0xF8, 0x2F, 0x00, 0x00, 0x00, 0x00, 0x00, 0x00,
    0x90, 0xFF, 0xFF, 0xFF, 0x07, 0x00, 0x00, 0x00, 0x00, 0x00, 0x00, 0x00, 0xC6, 0xFF, 0x4C, 0x00,
    0x00, 0x00, 0x60, 0xEB, 0xEF, 0x3A, 0x00, 0x00, 0x00, 0x00, 0x00, 0x00, 0xFC, 0xFF, 0xFF, 0xFF,
    0x07, 0x00, 0x00, 0x00, 0x00, 0xA0, 0xFF, 0xAF, 0xA7, 0xFF, 0x4F, 0x00, 0x00, 0x00, 0x00, 0xF1,
    0xFF, 0x04, 0x00, 0xF5, 0xBF, 0x00, 0x00, 0x00, 0x00, 0xF5, 0xBF, 0x00, 0x00, 0xD0, 0xFF, 0x00,
    0x00, 0x00, 0x00, 0xF6, 0x9F, 0x00, 0x00, 0xD0, 0xEF, 0x00, 0x00, 0x00, 0x00, 0xF5, 0xBF, 0x00,
    0x00, 0xF2, 0xBF, 0x00, 0x00, 0x00, 0x00, 0xF1, 0xFF, 0x02, 0x10, 0xFD, 0x4F, 0x00, 0x00, 0x00,
    0x00, 0xA0, 0xFF, 0x0B, 0xE5, 0xFF, 0x08, 0x00, 0x00, 0x00, 0x00, 0x10, 0xFE, 0xCF, 0xFF, 0x7F,
    0x00, 0x00, 0x00, 0x00, 0x00, 0x00, 0xF4, 0xFF, 0xEF, 0x04, 0x00, 0x00, 0x00, 0x00, 0x00, 0x00,
    0xF7, 0xFF, 0x4F, 0x00, 0x00, 0x00, 0x00, 0x00, 0x00, 0xA0, 0xFF, 0xFF, 0xEF, 0x01, 0x00, 0x10,
    0x11, 0x00, 0x00, 0xFB, 0xEF, 0xB3, 0xFF, 0x0D, 0x00, 0xA0, 0xFF, 0x00, 0x80, 0xFF, 0x1E, 0x00,
    0xFD, 0xBF, 0x00, 0xC0, 0xFF, 0x00, 0xF0, 0xFF, 0x03, 0x00, 0xE2, 0xFF, 0x08, 0xF0, 0xCF, 0x00,
    0xF3, 0xCF, 0x00, 0x00, 0x30, 0xFF, 0x6F, 0xF4, 0x9F, 0x00, 0xF5, 0xAF, 0x00, 0x00, 0x00, 0xF5,
    0xFF, 0xFD, 0x3F, 0x00, 0xF4, 0xBF, 0x00, 0x00, 0x00, 0x80, 0xFF, 0xFF, 0x0C, 0x00, 0xF0, 0xFF,
    0x02, 0x00, 0x00, 0x00, 0xFB, 0xFF, 0x03, 0x00, 0x90, 0xFF, 0x2D, 0x00, 0x00, 0x70, 0xFF, 0xFF,
    0x0B, 0x00, 0x10, 0xFD, 0xFF, 0x7A, 0x97, 0xFE, 0xFF, 0xFF, 0x7F, 0x00, 0x00, 0xB1, 0xFF, 0xFF,
    0xFF, 0xFF, 0x6E, 0xF3, 0xFF, 0x04, 0x00, 0x00, 0xA4, 0xFD, 0xEF, 0x6B, 0x00, 0x80, 0xFF, 0x1E,
    0xF5, 0x1F, 0xF5, 0x1F, 0xF5, 0x0F, 0xF5, 0x0F, 0xF5, 0x0E, 0xF5, 0x0D, 0xF5, 0x0D, 0xF5, 0x0C,
    0x00, 0x00, 0x00, 0xA1, 0x02, 0x00, 0x00, 0x10, 0xFD, 0x08, 0x00, 0x00, 0xD1, 0xEF, 0x02, 0x00,
    0x00, 0xFB, 0x2F, 0x00, 0x00, 0x50, 0xFF, 0x05, 0x00, 0x00, 0xE0, 0xBF, 0x00, 0x00, 0x00, 0xF8,
    0x3F, 0x00, 0x00, 0x00, 0xFE, 0x0C, 0x00, 0x00, 0x50, 0xFF, 0x06, 0x00, 0x00, 0xB0, 0xFF, 0x01,
    0x00, 0x00, 0xF0, 0xDF, 0x00, 0x00, 0x00, 0xF3, 0x9F, 0x00, 0x00, 0x00, 0xF6, 0x7F, 0x00, 0x00,
    0x00, 0xF9, 0x4F, 0x00, 0x00, 0x00, 0xFB, 0x3F, 0x00, 0x00, 0x00, 0xFC, 0x2F, 0x00, 0x00, 0x00,
    0xFD, 0x2F, 0x00, 0x00, 0x00, 0xFD, 0x2F, 0x00, 0x00, 0x00, 0xFC, 0x3F, 0x00, 0x00, 0x00, 0xFB,
    0x3F, 0x00, 0x00, 0x00, 0xF9, 0x5F, 0x00, 0x00, 0x00, 0xF6, 0x7F, 0x00, 0x00, 0x00, 0xF3, 0xAF,
    0x00, 0x00, 0x00, 0xF0, 0xDF, 0x00, 0x00, 0x00, 0xB0, 0xFF, 0x01, 0x00, 0x00, 0x50, 0xFF, 0x06,
    0x00, 0x00, 0x00, 0xFE, 0x0C, 0x00, 0x00, 0x00, 0xF8, 0x3F, 0x00, 0x00, 0x00, 0xE0, 0xBF, 0x00,
    0x00, 0x00, 0x50, 0xFF, 0x05, 0x00, 0x00, 0x00, 0xFA, 0x1E, 0x00, 0x00, 0x00, 0xD0, 0xDF, 0x01,
    0x00, 0x00, 0x10, 0xFD, 0x08, 0x00, 0x00, 0x00, 0xA1, 0x03, 0xB0, 0x02, 0x00, 0x00, 0x00, 0xF4,
    0x4F, 0x00, 0x00, 0x00, 0xB0, 0xFF, 0x03, 0x00, 0x00, 0x00, 0xFC, 0x1E, 0x00, 0x00, 0x00, 0xF2,
    0xAF, 0x00, 0x00, 0x00, 0x80, 0xFF, 0x03, 0x00, 0x00, 0x10, 0xFF, 0x0C, 0x00, 0x00, 0x00, 0xF9,
    0x3F, 0x00, 0x00, 0x00, 0xF3, 0x9F, 0x00, 0x00, 0x00, 0xE0, 0xFF, 0x00, 0x00, 0x00, 0x90, 0xFF,
    0x04, 0x00, 0x00, 0x60, 0xFF, 0x07, 0x00, 0x00, 0x30, 0xFF, 0x0B, 0x00, 0x00, 0x10, 0xFF, 0x0E,
    0x00, 0x00, 0x00, 0xFF, 0x0F, 0x00, 0x00, 0x00, 0xFF, 0x0F, 0x00, 0x00, 0x00, 0xFE, 0x1F, 0x00,
    0x00, 0x00, 0xFD, 0x1F, 0x00, 0x00, 0x00, 0xFE, 0x0F, 0x00, 0x00, 0x00, 0xFF, 0x0F, 0x00, 0x00,
    0x00, 0xFF, 0x0E, 0x00, 0x00, 0x30, 0xFF, 0x0B, 0x00, 0x00, 0x50, 0xFF, 0x07, 0x00, 0x00, 0x90,
    0xFF, 0x04, 0x00, 0x00, 0xD0, 0xFF, 0x00, 0x00, 0x00, 0xF2, 0x9F, 0x00, 0x00, 0x00, 0xF8, 0x3F,
    0x00, 0x00, 0x00, 0xFE, 0x0C, 0x00, 0x00, 0x60, 0xFF, 0x03, 0x00, 0x00, 0xE1, 0xAF, 0x00, 0x00,
    0x00, 0xFB, 0x1E, 0x00, 0x00, 0xA0, 0xFF, 0x03, 0x00, 0x00, 0xF4, 0x4F, 0x00, 0x00, 0x00, 0xB0,
    0x02, 0x00, 0x00, 0x00, 0x00, 0x00, 0x10, 0xFF, 0x05, 0x00, 0x00, 0x00, 0x00, 0x00, 0xFF, 0x05,
    0x00, 0x00, 0x00, 0x00, 0x00, 0xFF, 0x04, 0x00, 0x00, 0x20, 0x00, 0x00, 0xFF, 0x04, 0x00, 0x01,
    0xF1, 0x7D, 0x01, 0xFF, 0x03, 0xB6, 0x3F, 0xF5, 0xFF, 0xCF, 0xFF, 0xFC, 0xFF, 0x9F, 0x61, 0xFA,
    0xFF, 0xFF, 0xFF, 0xBF, 0x27, 0x00, 0x00, 0xE4, 0xFF, 0x5F, 0x00, 0x00, 0x00, 0x00, 0xF7, 0xFF,
    0x8F, 0x00, 0x00, 0x00, 0x30, 0xFF, 0x88, 0xFF, 0x04, 0x00, 0x00, 0xE1, 0xDF, 0x00, 0xFD, 0x1E,
    0x00, 0x00, 0xFA, 0x3F, 0x00, 0xF3, 0xBF, 0x00, 0x00, 0xC2, 0x09, 0x00, 0x90, 0x3E, 0x00, 0x00,
    0x00, 0x00, 0x00, 0x00, 0x01, 0x00, 0x00, 0x00, 0x00, 0xD2, 0xAD, 0x00, 0x00, 0x00, 0x00, 0x00,
    0x00, 0x00, 0xF3, 0xCF, 0x00, 0x00, 0x00, 0x00, 0x00, 0x00, 0x00, 0xF3, 0xCF, 0x00, 0x00, 0x00,
    0x00, 0x00, 0x00, 0x00, 0xF3, 0xCF, 0x00, 0x00, 0x00, 0x00, 0x00, 0x00, 0x00, 0xF3, 0xCF, 0x00,
    0x00, 0x00, 0x00, 0x00, 0x00, 0x00, 0xF3, 0xCF, 0x00, 0x00, 0x00, 0x00, 0x00, 0x00, 0x00, 0xF3,
    0xCF, 0x00, 0x00, 0x00, 0x00, 0xFC, 0xFF, 0xFF, 0xFF, 0xFF, 0xFF, 0xFF, 0xFF, 0x05, 0xFC, 0xFF,
    0xFF, 0xFF, 0xFF, 0xFF, 0xFF, 0xFF, 0x05, 0xD9, 0xDD, 0xDD, 0xFD, 0xFF, 0xDD, 0xDD, 0xDD, 0x04,
    0x00, 0x00, 0x00, 0xF3, 0xCF, 0x00, 0x00, 0x00, 0x00, 0x00, 0x00, 0x00, 0xF3, 0xCF, 0x00, 0x00,
    0x00, 0x00, 0x00, 0x00, 0x00, 0xF3, 0xCF, 0x00, 0x00, 0x00, 0x00, 0x00, 0x00, 0x00, 0xF3, 0xCF,
    0x00, 0x00, 0x00, 0x00, 0x00, 0x00, 0x00, 0xF3, 0xCF, 0x00, 0x00, 0x00, 0x00, 0x00, 0x00, 0x00,
    0xF3, 0xCF, 0x00, 0x00, 0x00, 0x00, 0x00, 0x00, 0x00, 0xF3, 0xCF, 0x00, 0x00, 0x00, 0x00, 0x00,
    0x00, 0x00, 0x30, 0x23, 0x00, 0x00, 0x00, 0x00, 0x00, 0x88, 0x08, 0x00, 0xFF, 0x0F, 0x00, 0xFF,
    0x0F, 0x00, 0xFF, 0x0E, 0x10, 0xFF, 0x0C, 0x60, 0xFF, 0x07, 0xC0, 0xFF, 0x01, 0xF5, 0x7F, 0x00,
    0x80, 0x09, 0x00, 0xF6, 0xFF, 0xFF, 0xFF, 0x07, 0xF6, 0xFF, 0xFF, 0xFF, 0x07, 0x72, 0x77, 0x77,
    0x77, 0x03, 0x60, 0x17, 0x00, 0xF7, 0xDF, 0x00, 0xF9, 0xFF, 0x00, 0xD3, 0x7F, 0x00, 0x00, 0x00,
    0x00, 0x00, 0x10, 0xFF, 0x07, 0x00, 0x00, 0x00, 0x00, 0x70, 0xFF, 0x01, 0x00, 0x00, 0x00, 0x00,
    0xD0, 0xBF, 0x00, 0x00, 0x00, 0x00, 0x00, 0xF3, 0x5F, 0x00, 0x00, 0x00, 0x00, 0x00, 0xF9, 0x0E,
    0x00, 0x00, 0x00, 0x00, 0x00, 0xFF, 0x09, 0x00, 0x00, 0x00, 0x00, 0x50, 0xFF, 0x03, 0x00, 0x00,
    0x00, 0x00, 0xB0, 0xDF, 0x00, 0x00, 0x00, 0x00, 0x00, 0xF1, 0x7F, 0x00, 0x00, 0x00, 0x00, 0x00,
    0xF7, 0x1F, 0x00, 0x00, 0x00, 0x00, 0x00, 0xFD, 0x0B, 0x00, 0x00, 0x00, 0x00, 0x30, 0xFF, 0x05,
    0x00, 0x00, 0x00, 0x00, 0x90, 0xEF, 0x00, 0x00, 0x00, 0x00, 0x00, 0xF0, 0x8F, 0x00, 0x00, 0x00,
    0x00, 0x00, 0xF5, 0x2F, 0x00, 0x00, 0x00, 0x00, 0x00, 0xFB, 0x0C, 0x00, 0x00, 0x00, 0x00, 0x20,
    0xFF, 0x06, 0x00, 0x00, 0x00, 0x00, 0x80, 0xFF, 0x01, 0x00, 0x00, 0x00, 0x00, 0xD0, 0xAF, 0x00,
    0x00, 0x00, 0x00, 0x00, 0xF4, 0x4F, 0x00, 0x00, 0x00, 0x00, 0x00, 0xFA, 0x0E, 0x00, 0x00, 0x00,
    0x00, 0x00, 0xFF, 0x08, 0x00, 0x00, 0x00, 0x00, 0x60, 0xFF, 0x02, 0x00, 0x00, 0x00, 0x00, 0xC0,
    0xCF, 0x00, 0x00, 0x00, 0x00, 0x00, 0xF2, 0x6F, 0x00, 0x00, 0x00, 0x00, 0x00, 0xF8, 0x1F, 0x00,
    0x00, 0x00, 0x00, 0x00, 0x00, 0x00, 0x82, 0xED, 0xEF, 0x5B, 0x00, 0x00, 0x00, 0x60, 0xFF, 0xFF,
    0xFF, 0xFF, 0x1C, 0x00, 0x00, 0xF5, 0xFF, 0x8D, 0xA7, 0xFF, 0xCF, 0x00, 0x00, 0xFE, 0x7F, 0x00,
    0x00, 0xD2, 0xFF, 0x06, 0x50, 0xFF, 0x0C, 0x00, 0x00, 0x30, 0xFF, 0x0D, 0xA0, 0xFF, 0x05, 0x00,
    0x00, 0x00, 0xFD, 0x2F, 0xD0, 0xFF, 0x01, 0x00, 0x00, 0x00, 0xF9, 0x5F, 0xF0, 0xFF, 0x00, 0x00,
    0x00, 0x00, 0xF6, 0x8F, 0xF1, 0xDF, 0x00, 0x00, 0x00, 0x00, 0xF5, 0x9F, 0xF1, 0xDF, 0x00, 0x00,
    0x00, 0x00, 0xF5, 0xAF, 0xF2, 0xDF, 0x00, 0x00, 0x00, 0x00, 0xF5, 0xAF, 0xF2, 0xDF, 0x00, 0x00,
    0x00, 0x00, 0xF5, 0xAF, 0xF2, 0xDF, 0x00, 0x00, 0x00, 0x00, 0xF5, 0xAF, 0xF2, 0xDF, 0x00, 0x00,
    0x00, 0x00, 0xF5, 0xAF, 0xF1, 0xDF, 0x00, 0x00, 0x00, 0x00, 0xF5, 0x9F, 0xF0, 0xEF, 0x00, 0x00,
    0x00, 0x00, 0xF5, 0x9F, 0xF0, 0xFF, 0x00, 0x00, 0x00, 0x00, 0xF7, 0x7F, 0xD0, 0xFF, 0x02, 0x00,
    0x00, 0x00, 0xF9, 0x5F, 0x90, 0xFF, 0x06, 0x00, 0x00, 0x00, 0xFD, 0x2F, 0x40, 0xFF, 0x0C, 0x00,
    0x00, 0x40, 0xFF, 0x0D, 0x00, 0xFD, 0x9F, 0x00, 0x00, 0xE2, 0xFF, 0x06, 0x00, 0xF4, 0xFF, 0x8D,
    0x97, 0xFF, 0xCF, 0x00, 0x00, 0x50, 0xFF, 0xFF, 0xFF, 0xFF, 0x1C, 0x00, 0x00, 0x00, 0x81, 0xED,
    0xEF, 0x5B, 0x00, 0x00, 0x00, 0x00, 0x00, 0x50, 0xBB, 0x00, 0x00, 0xA5, 0xFF, 0xCF, 0x40, 0xF9,
    0xFF, 0xFF, 0xCF, 0xF4, 0xFF, 0xFF, 0xFC, 0xCF, 0xF4, 0xBF, 0x06, 0xF4, 0xCF, 0x62, 0x01, 0x00,
    0xF4, 0xCF, 0x00, 0x00, 0x00, 0xF4, 0xCF, 0x00, 0x00, 0x00, 0xF4, 0xCF, 0x00, 0x00, 0x00, 0xF4,
    0xCF, 0x00, 0x00, 0x00, 0xF4, 0xCF, 0x00, 0x00, 0x00, 0xF4, 0xCF, 0x00, 0x00, 0x00, 0xF4, 0xCF,
    0x00, 0x00, 0x00, 0xF4, 0xCF, 0x00, 0x00, 0x00, 0xF4, 0xCF, 0x00, 0x00, 0x00, 0xF4, 0xCF, 0x00,
    0x00, 0x00, 0xF4, 0xCF, 0x00, 0x00, 0x00, 0xF4, 0xCF, 0x00, 0x00, 0x00, 0xF4, 0xCF, 0x00, 0x00,
    0x00, 0xF4, 0xCF, 0x00, 0x00, 0x00, 0xF4, 0xCF, 0x00, 0x00, 0x00, 0xF4, 0xCF, 0x00, 0x00, 0x00,
    0xF4, 0xCF, 0x00, 0x00, 0x00, 0xF4, 0xCF, 0x00, 0x00, 0x00, 0xF4, 0xCF, 0x00, 0x00, 0x94, 0xFD,
    0xEF, 0x6B, 0x00, 0x00, 0x00, 0x00, 0xB1, 0xFF, 0xFF, 0xFF, 0xFF, 0x2D, 0x00, 0x00, 0x00, 0xFC,
    0xFF, 0x8B, 0xA7, 0xFF, 0xEF, 0x01, 0x00, 0x80, 0xFF, 0x2D, 0x00, 0x00, 0xE2, 0xFF, 0x09, 0x00,
    0xF0, 0xFF, 0x02, 0x00, 0x00, 0x40, 0xFF, 0x0F, 0x00, 0xF4, 0xBF, 0x00, 0x00, 0x00, 0x00, 0xFE,
    0x2F, 0x00, 0xF7, 0x8F, 0x00, 0x00, 0x00, 0x00, 0xFC, 0x3F, 0x00, 0x31, 0x13, 0x00, 0x00, 0x00,
    0x00, 0xFD, 0x1F, 0x00, 0x00, 0x00, 0x00, 0x00, 0x00, 0x10, 0xFF, 0x0D, 0x00, 0x00, 0x00, 0x00,
    0x00, 0x00, 0x80, 0xFF, 0x07, 0x00, 0x00, 0x00, 0x00, 0x00, 0x00, 0xF2, 0xEF, 0x00, 0x00, 0x00,
    0x00, 0x00, 0x00, 0x00, 0xFD, 0x5F, 0x00, 0x00, 0x00, 0x00, 0x00, 0x00, 0xB0, 0xFF, 0x0A, 0x00,
    0x00, 0x00, 0x00, 0x00, 0x00, 0xF9, 0xCF, 0x00, 0x00, 0x00, 0x00, 0x00, 0x00, 0x70, 0xFF, 0x1E,
    0x00, 0x00, 0x00, 0x00, 0x00, 0x00, 0xF6, 0xEF, 0x02, 0x00, 0x00, 0x00, 0x00, 0x00, 0x40, 0xFF,
    0x3F, 0x00, 0x00, 0x00, 0x00, 0x00, 0x00, 0xF3, 0xFF, 0x04, 0x00, 0x00, 0x00, 0x00, 0x00, 0x20,
    0xFE, 0x5F, 0x00, 0x00, 0x00, 0x00, 0x00, 0x00, 0xD1, 0xFF, 0x06, 0x00, 0x00, 0x00, 0x00, 0x00,
    0x00, 0xFC, 0x8F, 0x00, 0x00, 0x00, 0x00, 0x00, 0x00, 0xB0, 0xFF, 0x7E, 0x77, 0x77, 0x77, 0x77,
    0x77, 0x02, 0xF0, 0xFF, 0xFF, 0xFF, 0xFF, 0xFF, 0xFF, 0xFF, 0x05, 0xF0, 0xFF, 0xFF, 0xFF, 0xFF,
    0xFF, 0xFF, 0xFF, 0x05, 0x00, 0x00, 0xA4, 0xFD, 0xDF, 0x4A, 0x00, 0x00, 0x00, 0xB1, 0xFF, 0xFF,
    0xFF, 0xFF, 0x0A, 0x00, 0x00, 0xFC, 0xFF, 0x7A, 0xA7, 0xFF, 0xBF, 0x00, 0x80, 0xFF, 0x2D, 0x00,
    0x00, 0xE2, 0xFF, 0x05, 0xE0, 0xFF, 0x02, 0x00, 0x00, 0x60, 0xFF, 0x0B, 0xF3, 0xDF, 0x00, 0x00,
    0x00, 0x10, 0xFF, 0x0E, 0x72, 0x57, 0x00, 0x00, 0x00, 0x00, 0xFF, 0x0F, 0x00, 0x00, 0x00, 0x00,
    0x00, 0x00, 0xFF, 0x0E, 0x00, 0x00, 0x00, 0x00, 0x00, 0x40, 0xFF, 0x0B, 0x00, 0x00, 0x00, 0x00,
    0x00, 0xD0, 0xFF, 0x03, 0x00, 0x00, 0x00, 0x00, 0x51, 0xFD, 0x8F, 0x00, 0x00, 0x00, 0xB0, 0xFF,
    0xFF, 0xFF, 0x07, 0x00, 0x00, 0x00, 0xB0, 0xFF, 0xFF, 0xDF, 0x05, 0x00, 0x00, 0x00, 0x50, 0x77,
    0xB8, 0xFF, 0xAF, 0x00, 0x00, 0x00, 0x00, 0x00, 0x00, 0xC2, 0xFF, 0x09, 0x00, 0x00, 0x00, 0x00,
    0x00, 0x10, 0xFF, 0x1F, 0x00, 0x00, 0x00, 0x00, 0x00, 0x00, 0xFB, 0x4F, 0x83, 0x48, 0x00, 0x00,
    0x00, 0x00, 0xF9, 0x5F, 0xF6, 0xAF, 0x00, 0x00, 0x00, 0x00, 0xFB, 0x4F, 0xF2, 0xEF, 0x01, 0x00,
    0x00, 0x10, 0xFF, 0x1F, 0xC0, 0xFF, 0x1C, 0x00, 0x00, 0xB1, 0xFF, 0x0A, 0x20, 0xFE, 0xFF, 0x7A,
    0x97, 0xFE, 0xEF, 0x01, 0x00, 0xD2, 0xFF, 0xFF, 0xFF, 0xFF, 0x2C, 0x00, 0x00, 0x00, 0xA5, 0xFE,
    0xEF, 0x5A, 0x00, 0x00, 0x00, 0x00, 0x00, 0x00, 0x00, 0xE0, 0xFF, 0x08, 0x00, 0x00, 0x00, 0x00,
    0x00, 0x00, 0xF9, 0xFF, 0x08, 0x00, 0x00, 0x00, 0x00, 0x00, 0x30, 0xFF, 0xFF, 0x08, 0x00, 0x00,
    0x00, 0x00, 0x00, 0xD0, 0xFF, 0xFF, 0x08, 0x00, 0x00, 0x00, 0x00, 0x00, 0xF7, 0xDF, 0xFF, 0x08,
    0x00, 0x00, 0x00, 0x00, 0x20, 0xFF, 0x7C, 0xFF, 0x08, 0x00, 0x00, 0x00, 0x00, 0xB0, 0xFF, 0x72,
    0xFF, 0x08, 0x00, 0x00, 0x00, 0x00, 0xF5, 0x8F, 0x70, 0xFF, 0x08, 0x00, 0x00, 0x00, 0x10, 0xFE,
    0x0D, 0x70, 0xFF, 0x08, 0x00, 0x00, 0x00, 0xA0, 0xFF, 0x04, 0x70, 0xFF, 0x08, 0x00, 0x00, 0x00,
    0xF4, 0xAF, 0x00, 0x70, 0xFF, 0x08, 0x00, 0x00, 0x00, 0xFD, 0x1F, 0x00, 0x70, 0xFF, 0x08, 0x00,
    0x00, 0x80, 0xFF, 0x06, 0x00, 0x70, 0xFF, 0x08, 0x00, 0x00, 0xF2, 0xCF, 0x00, 0x00, 0x70, 0xFF,
    0x08, 0x00, 0x00, 0xFC, 0x2F, 0x00, 0x00, 0x70, 0xFF, 0x08, 0x00, 0x60, 0xFF, 0x08, 0x00, 0x00,
    0x70, 0xFF, 0x08, 0x00, 0xE0, 0xFF, 0xFF, 0xFF, 0xFF, 0xFF, 0xFF, 0xFF, 0xCF, 0xF2, 0xFF, 0xFF,
    0xFF, 0xFF, 0xFF, 0xFF, 0xFF, 0xCF, 0x70, 0x77, 0x77, 0x77, 0x77, 0xB7, 0xFF, 0x7B, 0x57, 0x00,
    0x00, 0x00, 0x00, 0x00, 0x70, 0xFF, 0x08, 0x00, 0x00, 0x00, 0x00, 0x00, 0x00, 0x70, 0xFF, 0x08,
    0x00, 0x00, 0x00, 0x00, 0x00, 0x00, 0x70, 0xFF, 0x08, 0x00, 0x00, 0x00, 0x00, 0x00, 0x00, 0x70,
    0xFF, 0x08, 0x00, 0x00, 0x00, 0x00, 0x00, 0x00, 0x70, 0xFF, 0x08, 0x00, 0x00, 0xF8, 0xFF, 0xFF,
    0xFF, 0xFF, 0xFF, 0x08, 0x00, 0xFA, 0xFF, 0xFF, 0xFF, 0xFF, 0xFF, 0x08, 0x00, 0xFB, 0xCF, 0xCC,
    0xCC, 0xCC, 0xCC, 0x06, 0x00, 0xFD, 0x0F, 0x00, 0x00, 0x00, 0x00, 0x00, 0x00, 0xFF, 0x0D, 0x00,
    0x00, 0x00, 0x00, 0x00, 0x00, 0xFF, 0x0B, 0x00, 0x00, 0x00, 0x00, 0x00, 0x20, 0xFF, 0x09, 0x00,
    0x00, 0x00, 0x00, 0x00, 0x40, 0xFF, 0x08, 0x00, 0x00, 0x00, 0x00, 0x00, 0x50, 0xFF, 0x87, 0xFC,
    0xEF, 0x3A, 0x00, 0x00, 0x70, 0xFF, 0xFF, 0xFF, 0xFF, 0xFF, 0x09, 0x00, 0x90, 0xFF, 0xFF, 0xBC,
    0xFC, 0xFF, 0x8F, 0x00, 0x60, 0xFD, 0x19, 0x00, 0x10, 0xFB, 0xFF, 0x03, 0x00, 0x10, 0x00, 0x00,
    0x00, 0xC0, 0xFF, 0x0A, 0x00, 0x00, 0x00, 0x00, 0x00, 0x30, 0xFF, 0x0E, 0x00, 0x00, 0x00, 0x00,
    0x00, 0x00, 0xFE, 0x1F, 0x00, 0x00, 0x00, 0x00, 0x00, 0x00, 0xFC, 0x2F, 0x00, 0x00, 0x00, 0x00,
    0x00, 0x00, 0xFC, 0x2F, 0x83, 0x28, 0x00, 0x00, 0x00, 0x00, 0xFE, 0x1F, 0xF5, 0x9F, 0x00, 0x00,
    0x00, 0x10, 0xFF, 0x0E, 0xF1, 0xEF, 0x01, 0x00, 0x00, 0x90, 0xFF, 0x0A, 0xA0, 0xFF, 0x0B, 0x00,
    0x00, 0xF6, 0xFF, 0x03, 0x10, 0xFE, 0xEF, 0x79, 0xC8, 0xFF, 0x8F, 0x00, 0x00, 0xD2, 0xFF, 0xFF,
    0xFF, 0xFF, 0x08, 0x00, 0x00, 0x00, 0xB5, 0xFE, 0xDF, 0x29, 0x00, 0x00, 0x00, 0x00, 0x00, 0x61,
    0xDB, 0xAF, 0x00, 0x00, 0x00, 0x00, 0x91, 0xFF, 0xFF, 0xAF, 0x00, 0x00, 0x00, 0x20, 0xFE, 0xFF,
    0xBE, 0x59, 0x00, 0x00, 0x00, 0xE2, 0xFF, 0x4D, 0x00, 0x00, 0x00, 0x00, 0x00, 0xFB, 0xAF, 0x00,
    0x00, 0x00, 0x00, 0x00, 0x40, 0xFF, 0x0C, 0x00, 0x00, 0x00, 0x00, 0x00, 0xB0, 0xFF, 0x02, 0x00,
    0x00, 0x00, 0x00, 0x00, 0xF1, 0xBF, 0x00, 0x00, 0x00, 0x00, 0x00, 0x00, 0xF5, 0x7F, 0x70, 0xEC,
    0xDF, 0x29, 0x00, 0x00, 0xF8, 0x7F, 0xFE, 0xFF, 0xFF, 0xFF, 0x06, 0x00, 0xFB, 0xFF, 0xFF, 0x8B,
    0xE9, 0xFF, 0x5F, 0x00, 0xFC, 0xFF, 0x2C, 0x00, 0x00, 0xFA, 0xEF, 0x00, 0xFD, 0xDF, 0x00, 0x00,
    0x00, 0xD0, 0xFF, 0x06, 0xFD, 0x4F, 0x00, 0x00, 0x00, 0x60, 0xFF, 0x0A, 0xFD, 0x2F, 0x00, 0x00,
    0x00, 0x20, 0xFF, 0x0D, 0xFD, 0x2F, 0x00, 0x00, 0x00, 0x00, 0xFF, 0x0E, 0xFB, 0x3F, 0x00, 0x00,
    0x00, 0x00, 0xFF, 0x0E, 0xF8, 0x7F, 0x00, 0x00, 0x00, 0x20, 0xFF, 0x0D, 0xF4, 0xCF, 0x00, 0x00,
    0x00, 0x60, 0xFF, 0x09, 0xE0, 0xFF, 0x04, 0x00, 0x00, 0xD0, 0xFF, 0x05, 0x50, 0xFF, 0x3E, 0x00,
    0x00, 0xF9, 0xDF, 0x00, 0x00, 0xFA, 0xFF, 0x8B, 0xD9, 0xFF, 0x3F, 0x00, 0x00, 0x90, 0xFF, 0xFF,
    0xFF, 0xEF, 0x03, 0x00, 0x00, 0x00, 0xA3, 0xFE, 0xCE, 0x07, 0x00, 0x00, 0xFC, 0xFF, 0xFF, 0xFF,
    0xFF, 0xFF, 0xFF, 0xFF, 0x01, 0xFC, 0xFF, 0xFF, 0xFF, 0xFF, 0xFF, 0xFF, 0xFF, 0x01, 0x75, 0x77,
    0x77, 0x77, 0x77, 0x77, 0xF8, 0xBF, 0x00, 0x00, 0x00, 0x00, 0x00, 0x00, 0x00, 0xF8, 0x4F, 0x00,
    0x00, 0x00, 0x00, 0x00, 0x00, 0x00, 0xFE, 0x0D, 0x00, 0x00, 0x00, 0x00, 0x00, 0x00, 0x60, 0xFF,
    0x06, 0x00, 0x00, 0x00, 0x00, 0x00, 0x00, 0xD0, 0xFF, 0x00, 0x00, 0x00, 0x00, 0x00, 0x00, 0x00,
    0xF5, 0x8F, 0x00, 0x00, 0x00, 0x00, 0x00, 0x00, 0x00, 0xFC, 0x2F, 0x00, 0x00, 0x00, 0x00, 0x00,
    0x00, 0x30, 0xFF, 0x0A, 0x00, 0x00, 0x00, 0x00, 0x00, 0x00, 0xA0, 0xFF, 0x04, 0x00, 0x00, 0x00,
    0x00, 0x00, 0x00, 0xF2, 0xDF, 0x00, 0x00, 0x00, 0x00, 0x00, 0x00, 0x00, 0xF9, 0x6F, 0x00, 0x00,
    0x00, 0x00, 0x00, 0x00, 0x10, 0xFF, 0x0E, 0x00, 0x00, 0x00, 0x00, 0x00, 0x00, 0x70, 0xFF, 0x08,
    0x00, 0x00, 0x00, 0x00, 0x00, 0x00, 0xE0, 0xFF, 0x01, 0x00, 0x00, 0x00, 0x00, 0x00, 0x00, 0xF6,
    0xAF, 0x00, 0x00, 0x00, 0x00, 0x00, 0x00, 0x00, 0xFD, 0x3F, 0x00, 0x00, 0x00, 0x00, 0x00, 0x00,
    0x40, 0xFF, 0x0C, 0x00, 0x00, 0x00, 0x00, 0x00, 0x00, 0xB0, 0xFF, 0x05, 0x00, 0x00, 0x00, 0x00,
    0x00, 0x00, 0xF2, 0xEF, 0x00, 0x00, 0x00, 0x00, 0x00, 0x00, 0x00, 0xFA, 0x7F, 0x00, 0x00, 0x00,
    0x00, 0x00, 0x00, 0x10, 0xFF, 0x1F, 0x00, 0x00, 0x00, 0x00, 0x00, 0x00, 0x80, 0xFF, 0x09, 0x00,
    0x00, 0x00, 0x00, 0x00, 0x00, 0x00, 0x92, 0xFD, 0xEF, 0x6B, 0x00, 0x00, 0x00, 0x70, 0xFF, 0xFF,
    0xFF, 0xFF, 0x2D, 0x00, 0x00, 0xF7, 0xFF, 0x8C, 0xA7, 0xFF, 0xEF, 0x01, 0x10, 0xFF, 0x7F, 0x00,
    0x00, 0xD2, 0xFF, 0x09, 0x60, 0xFF, 0x0B, 0x00, 0x00, 0x30, 0xFF, 0x0E, 0x90, 0xFF, 0x06, 0x00,
    0x00, 0x00, 0xFE, 0x1F, 0x90, 0xFF, 0x05, 0x00, 0x00, 0x00, 0xFD, 0x1F, 0x70, 0xFF, 0x08, 0x00,
    0x00, 0x00, 0xFF, 0x0F, 0x10, 0xFF, 0x1E, 0x00, 0x00, 0x80, 0xFF, 0x09, 0x00, 0xF6, 0xEF, 0x15,
    0x20, 0xF9, 0xDF, 0x01, 0x00, 0x60, 0xFF, 0xFF, 0xFF, 0xFF, 0x2C, 0x00, 0x00, 0x10, 0xFB, 0xFF,
    0xFF, 0xFF, 0x04, 0x00, 0x00, 0xF3, 0xFF, 0x8C, 0xA7, 0xFF, 0x9F, 0x00, 0x10, 0xFE, 0x5F, 0x00,
    0x00, 0xB1, 0xFF, 0x08, 0xA0, 0xFF, 0x07, 0x00, 0x00, 0x00, 0xFE, 0x2F, 0xF0, 0xFF, 0x00, 0x00,
    0x00, 0x00, 0xF7, 0x7F, 0xF2, 0xDF, 0x00, 0x00, 0x00, 0x00, 0xF4, 0xAF, 0xF2, 0xCF, 0x00, 0x00,
    0x00, 0x00, 0xF4, 0xAF, 0xF1, 0xFF, 0x00, 0x00, 0x00, 0x00, 0xF7, 0x9F, 0xC0, 0xFF, 0x05, 0x00,
    0x00, 0x00, 0xFD, 0x5F, 0x60, 0xFF, 0x3E, 0x00, 0x00, 0xA0, 0xFF, 0x0E, 0x00, 0xFB, 0xFF, 0x8B,
    0x97, 0xFE, 0xFF, 0x04, 0x00, 0xA0, 0xFF, 0xFF, 0xFF, 0xFF, 0x4E, 0x00, 0x00, 0x00, 0x93, 0xFD,
    0xEF, 0x6B, 0x00, 0x00, 0x00, 0x00, 0x93, 0xFD, 0xCE, 0x18, 0x00, 0x00, 0x00, 0x80, 0xFF, 0xFF,
    0xFF, 0xEF, 0x04, 0x00, 0x00, 0xF9, 0xFF, 0x8B, 0xD9, 0xFF, 0x3F, 0x00, 0x30, 0xFF, 0x4F, 0x00,
    0x00, 0xFA, 0xDF, 0x00, 0xB0, 0xFF, 0x06, 0x00, 0x00, 0xC0, 0xFF, 0x06, 0xF0, 0xEF, 0x00, 0x00,
    0x00, 0x40, 0xFF, 0x0C, 0xF3, 0xBF, 0x00, 0x00, 0x00, 0x00, 0xFE, 0x0F, 0xF5, 0x9F, 0x00, 0x00,
    0x00, 0x00, 0xFB, 0x3F, 0xF5, 0x9F, 0x00, 0x00, 0x00, 0x00, 0xFA, 0x4F, 0xF4, 0xBF, 0x00, 0x00,
    0x00, 0x00, 0xF9, 0x5F, 0xF1, 0xEF, 0x00, 0x00, 0x00, 0x00, 0xFB, 0x5F, 0xC0, 0xFF, 0x06, 0x00,
    0x00, 0x50, 0xFF, 0x5F, 0x60, 0xFF, 0x4F, 0x00, 0x00, 0xF6, 0xFF, 0x4F, 0x00, 0xFC, 0xFF, 0x8B,
    0xD9, 0xFF, 0xFE, 0x3F, 0x00, 0xB0, 0xFF, 0xFF, 0xFF, 0x5F, 0xFB, 0x1F, 0x00, 0x00, 0xB5, 0xFE,
    0x9D, 0x02, 0xFD, 0x0E, 0x00, 0x00, 0x00, 0x00, 0x00, 0x10, 0xFF, 0x0B, 0x00, 0x00, 0x00, 0x00,
    0x00, 0x70, 0xFF, 0x05, 0x00, 0x00, 0x00, 0x00, 0x00, 0xE1, 0xFF, 0x00, 0x00, 0x00, 0x00, 0x00,
    0x00, 0xFC, 0x7F, 0x00, 0x00, 0x00, 0x00, 0x00, 0xD5, 0xFF, 0x0C, 0x00, 0x00, 0x00, 0x98, 0xFB,
    0xFF, 0xCF, 0x01, 0x00, 0x00, 0x10, 0xFF, 0xFF, 0xFF, 0x07, 0x00, 0x00, 0x00, 0x10, 0xEF, 0xAD,
    0x15, 0x00, 0x00, 0x00, 0xE4, 0x5E, 0xFC, 0xDF, 0xFA, 0xBF, 0x70, 0x17, 0x00, 0x00, 0x00, 0x00,
    0x00, 0x00, 0x00, 0x00, 0x00, 0x00, 0x00, 0x00, 0x00, 0x00, 0x00, 0x00, 0x00, 0x00, 0x00, 0x00,
    0x70, 0x17, 0xFA, 0xAF, 0xFC, 0xDF, 0xE4, 0x5E, 0x00, 0xF9, 0x1C, 0x20, 0xFF, 0x7F, 0x10, 0xFF,
    0x5F, 0x00, 0x83, 0x05, 0x00, 0x00, 0x00, 0x00, 0x00, 0x00, 0x00, 0x00, 0x00, 0x00, 0x00, 0x00,
    0x00, 0x00, 0x00, 0x00, 0x00, 0x00, 0x00, 0x00, 0x00, 0x00, 0x00, 0x00, 0x00, 0x00, 0x00, 0x00,
    0x00, 0x00, 0x00, 0x86, 0x18, 0x00, 0xFC, 0x2F, 0x00, 0xFC, 0x2F, 0x00, 0xFC, 0x1F, 0x00, 0xFE,
    0x0F, 0x30, 0xFF, 0x0A, 0x90, 0xFF, 0x03, 0xF2, 0xAF, 0x00, 0x60, 0x0B, 0x00, 0x00, 0x00, 0x00,
    0x00, 0x00, 0x20, 0x59, 0x00, 0x00, 0x00, 0x00, 0x20, 0xFA, 0x5F, 0x00, 0x00, 0x00, 0x30, 0xFB,
    0xFF, 0x5F, 0x00, 0x00, 0x40, 0xFB, 0xFF, 0xFF, 0x19, 0x00, 0x40, 0xFC, 0xFF, 0xEF, 0x17, 0x00,
    0x50, 0xFD, 0xFF, 0xBF, 0x05, 0x00, 0x00, 0xFC, 0xFF, 0x9F, 0x02, 0x00, 0x00, 0x00, 0xFD, 0xCF,
    0x01, 0x00, 0x00, 0x00, 0x00, 0xFC, 0xFF, 0x8E, 0x01, 0x00, 0x00, 0x00, 0x50, 0xFD, 0xFF, 0xAF,
    0x04, 0x00, 0x00, 0x00, 0x40, 0xFC, 0xFF, 0xDF, 0x06, 0x00, 0x00, 0x00, 0x40, 0xFB, 0xFF, 0xFF,
    0x19, 0x00, 0x00, 0x00, 0x30, 0xFB, 0xFF, 0x5F, 0x00, 0x00, 0x00, 0x00, 0x20, 0xFA, 0x5F, 0x00,
    0x00, 0x00, 0x00, 0x00, 0x20, 0x59, 0xF8, 0xFF, 0xFF, 0xFF, 0xFF, 0xFF, 0xEF, 0xF8, 0xFF, 0xFF,
    0xFF, 0xFF, 0xFF, 0xEF, 0x95, 0x99, 0x99, 0x99, 0x99, 0x99, 0x89, 0x00, 0x00, 0x00, 0x00, 0x00,
    0x00, 0x00, 0x00, 0x00, 0x00, 0x00, 0x00, 0x00, 0x00, 0x00, 0x00, 0x00, 0x00, 0x00, 0x00, 0x00,
    0x00, 0x00, 0x00, 0x00, 0x00, 0x00, 0x00, 0xF8, 0xFF, 0xFF, 0xFF, 0xFF, 0xFF, 0xEF, 0xF8, 0xFF,
    0xFF, 0xFF, 0xFF, 0xFF, 0xEF, 0x95, 0x99, 0x99, 0x99, 0x99, 0x99, 0x89, 0x6A, 0x00, 0x00, 0x00,
    0x00, 0x00, 0x00, 0xFD, 0x7E, 0x01, 0x00, 0x00, 0x00, 0x00, 0xFD, 0xFF, 0x8F, 0x01, 0x00, 0x00,
    0x00, 0xB4, 0xFF, 0xFF, 0xAF, 0x03, 0x00, 0x00, 0x00, 0x81, 0xFE, 0xFF, 0xBF, 0x04, 0x00, 0x00,
    0x00, 0x50, 0xFB, 0xFF, 0xDF, 0x05, 0x00, 0x00, 0x00, 0x20, 0xE8, 0xFF, 0xDF, 0x00, 0x00, 0x00,
    0x00, 0x10, 0xFB, 0xEF, 0x00, 0x00, 0x00, 0x30, 0xF9, 0xFF, 0xDF, 0x00, 0x00, 0x50, 0xFC, 0xFF,
    0xCF, 0x05, 0x00, 0x82, 0xFE, 0xFF, 0xBF, 0x04, 0x00, 0xB4, 0xFF, 0xFF, 0xAF, 0x02, 0x00, 0x00,
    0xFD, 0xFF, 0x8F, 0x01, 0x00, 0x00, 0x00, 0xFD, 0x7E, 0x01, 0x00, 0x00, 0x00, 0x00, 0x6A, 0x00,
    0x00, 0x00, 0x00, 0x00, 0x00, 0x00, 0x40, 0xEA, 0xFF, 0x9D, 0x02, 0x00, 0x00, 0xFB, 0xFF, 0xFF,
    0xFF, 0x6F, 0x00, 0xB0, 0xFF, 0xDF, 0xBA, 0xFE, 0xFF, 0x04, 0xF4, 0xFF, 0x05, 0x00, 0xB1, 0xFF,
    0x0C, 0xFA, 0x8F, 0x00, 0x00, 0x10, 0xFF, 0x1F, 0xD9, 0x3D, 0x00, 0x00, 0x00, 0xFD, 0x3F, 0x00,
    0x00, 0x00, 0x00, 0x00, 0xFB, 0x3F, 0x00, 0x00, 0x00, 0x00, 0x00, 0xFE, 0x1F, 0x00, 0x00, 0x00,
    0x00, 0x50, 0xFF, 0x0C, 0x00, 0x00, 0x00, 0x00, 0xE2, 0xFF, 0x04, 0x00, 0x00, 0x00, 0x20, 0xFE,
    0xAF, 0x00, 0x00, 0x00, 0x00, 0xD1, 0xFF, 0x0C, 0x00, 0x00, 0x00, 0x00, 0xFC, 0xCF, 0x01, 0x00,
    0x00, 0x00, 0x70, 0xFF, 0x0D, 0x00, 0x00, 0x00, 0x00, 0xE0, 0xFF, 0x04, 0x00, 0x00, 0x00, 0x00,
    0xF1, 0xEF, 0x00, 0x00, 0x00, 0x00, 0x00, 0xF3, 0xCF, 0x00, 0x00, 0x00, 0x00, 0x00, 0x30, 0x23,
    0x00, 0x00, 0x00, 0x00, 0x00, 0x00, 0x00, 0x00, 0x00, 0x00, 0x00, 0x00, 0x00, 0x00, 0x00, 0x00,
    0x00, 0x00, 0x00, 0x20, 0x15, 0x00, 0x00, 0x00, 0x00, 0x00, 0xF2, 0xEF, 0x00, 0x00, 0x00, 0x00,
    0x00, 0xF5, 0xFF, 0x01, 0x00, 0x00, 0x00, 0x00, 0xC0, 0x9F, 0x00, 0x00, 0x00, 0x00, 0x00, 0x00,
    0x00, 0x00, 0x95, 0xED, 0xFF, 0xBE, 0x27, 0x00, 0x00, 0x00, 0x00, 0x00, 0x00, 0x00, 0x00, 0xF7,
    0xFF, 0xFF, 0xFF, 0xFF, 0xFF, 0x3B, 0x00, 0x00, 0x00, 0x00, 0x00, 0x00, 0xD3, 0xFF, 0x8E, 0x35,
    0x32, 0x74, 0xFB, 0xFF, 0x07, 0x00, 0x00, 0x00, 0x00, 0x40, 0xFF, 0x5E, 0x00, 0x00, 0x00, 0x00,
    0x10, 0xF9, 0x9F, 0x00, 0x00, 0x00, 0x00, 0xF4, 0xBF, 0x01, 0x00, 0x00, 0x00, 0x00, 0x00, 0x50,
    0xFF, 0x06, 0x00, 0x00, 0x10, 0xFE, 0x0B, 0x00, 0x00, 0x00, 0x00, 0x00, 0x00, 0x00, 0xF5, 0x1F,
    0x00, 0x00, 0xA0, 0xDF, 0x00, 0x00, 0x00, 0x00, 0x00, 0x00, 0x00, 0x00, 0xA0, 0x9F, 0x00, 0x00,
    0xF3, 0x4F, 0x00, 0x00, 0x00, 0xC5, 0xFF, 0x8D, 0x01, 0x00, 0x20, 0xFF, 0x00, 0x00, 0xFA, 0x0C,
    0x00, 0x00, 0xA0, 0xFF, 0xFF, 0xFF, 0x4E, 0x00, 0x00, 0xFC, 0x05, 0x00, 0xFF, 0x05, 0x00, 0x00,
    0xFA, 0x8F, 0x12, 0xF5, 0x7F, 0x00, 0x00, 0xF7, 0x09, 0x50, 0xFF, 0x00, 0x00, 0x50, 0xFF, 0x05,
    0x00, 0xF0, 0x5F, 0x00, 0x00, 0xF5, 0x0C, 0x90, 0xBF, 0x00, 0x00, 0xE0, 0xBF, 0x00, 0x00, 0xF1,
    0x4F, 0x00, 0x00, 0xF2, 0x0E, 0xC0, 0x8F, 0x00, 0x00, 0xF4, 0x4F, 0x00, 0x00, 0xF3, 0x2F, 0x00,
    0x00, 0xF1, 0x0F, 0xF0, 0x6F, 0x00, 0x00, 0xF9, 0x0E, 0x00, 0x00, 0xF4, 0x1F, 0x00, 0x00, 0xF1,
    0x0F, 0xF0, 0x4F, 0x00, 0x00, 0xFD, 0x0B, 0x00, 0x00, 0xF6, 0x0F, 0x00, 0x00, 0xF1, 0x0F, 0xF1,
    0x3F, 0x00, 0x00, 0xFF, 0x08, 0x00, 0x00, 0xF7, 0x0D, 0x00, 0x00, 0xF2, 0x0E, 0xF1, 0x3F, 0x00,
    0x10, 0xFF, 0x07, 0x00, 0x00, 0xF9, 0x0C, 0x00, 0x00, 0xF4, 0x0C, 0xF1, 0x4F, 0x00, 0x20, 0xFF,
    0x06, 0x00, 0x00, 0xFB, 0x0B, 0x00, 0x00, 0xF8, 0x09, 0xF0, 0x5F, 0x00, 0x10, 0xFF, 0x08, 0x00,
    0x20, 0xFF, 0x0B, 0x00, 0x00, 0xFD, 0x04, 0xD0, 0x8F, 0x00, 0x00, 0xFE, 0x0E, 0x00, 0xC0, 0xFF,
    0x0D, 0x00, 0x60, 0xDF, 0x00, 0xA0, 0xBF, 0x00, 0x00, 0xF8, 0xCF, 0x65, 0xFD, 0xFB, 0x6F, 0x00,
    0xF7, 0x3F, 0x00, 0x60, 0xFF, 0x00, 0x00, 0xD1, 0xFF, 0xFF, 0x9F, 0xC0, 0xFF, 0xFF, 0xFF, 0x05,
    0x00, 0x10, 0xFF, 0x06, 0x00, 0x10, 0xEA, 0xCF, 0x05, 0x10, 0xE9, 0xEF, 0x2A, 0x00, 0x00, 0x00,
    0xFA, 0x0E, 0x00, 0x00, 0x00, 0x00, 0x00, 0x00, 0x00, 0x00, 0x00, 0x00, 0x00, 0x00, 0xF2, 0xAF,
    0x00, 0x00, 0x00, 0x00, 0x00, 0x00, 0x00, 0x00, 0x00, 0x00, 0x00, 0x00, 0x60, 0xFF, 0x08, 0x00,
    0x00, 0x00, 0x00, 0x00, 0x00, 0x00, 0x00, 0x00, 0x00, 0x00, 0x00, 0xF9, 0xBF, 0x02, 0x00, 0x00,
    0x00, 0x00, 0x01, 0x00, 0x00, 0x00, 0x00, 0x00, 0x00, 0x70, 0xFF, 0xBF, 0x26, 0x01, 0x31, 0xB6,
    0x1F, 0x00, 0x00, 0x00, 0x00, 0x00, 0x00, 0x00, 0xB3, 0xFF, 0xFF, 0xFF, 0xFF, 0xFF, 0x3F, 0x00,
    0x00, 0x00, 0x00, 0x00, 0x00, 0x00, 0x00, 0x72, 0xEB, 0xFF, 0xDF, 0x5A, 0x01, 0x00, 0x00, 0x00,
    0x00, 0x00, 0x00, 0x00, 0x00, 0xC0, 0xFF, 0x04, 0x00, 0x00, 0x00, 0x00, 0x00, 0x00, 0x00, 0x00,
    0xF2, 0xFF, 0x0A, 0x00, 0x00, 0x00, 0x00, 0x00, 0x00, 0x00, 0x00, 0xF8, 0xFF, 0x1F, 0x00, 0x00,
    0x00, 0x00, 0x00, 0x00, 0x00, 0x00, 0xFE, 0xFF, 0x6F, 0x00, 0x00, 0x00, 0x00, 0x00, 0x00, 0x00,
    0x40, 0xFF, 0xF9, 0xCF, 0x00, 0x00, 0x00, 0x00, 0x00, 0x00, 0x00, 0xA0, 0xFF, 0xA3, 0xFF, 0x02,
    0x00, 0x00, 0x00, 0x00, 0x00, 0x00, 0xF0, 0xDF, 0x40, 0xFF, 0x08, 0x00, 0x00, 0x00, 0x00, 0x00,
    0x00, 0xF6, 0x7F, 0x00, 0xFE, 0x0E, 0x00, 0x00, 0x00, 0x00, 0x00, 0x00, 0xFC, 0x1F, 0x00, 0xF9,
    0x4F, 0x00, 0x00, 0x00, 0x00, 0x00, 0x20, 0xFF, 0x0C, 0x00, 0xF3, 0xAF, 0x00, 0x00, 0x00, 0x00,
    0x00, 0x80, 0xFF, 0x06, 0x00, 0xD0, 0xFF, 0x01, 0x00, 0x00, 0x00, 0x00, 0xE0, 0xFF, 0x01, 0x00,
    0x70, 0xFF, 0x06, 0x00, 0x00, 0x00, 0x00, 0xF4, 0xAF, 0x00, 0x00, 0x20, 0xFF, 0x0C, 0x00, 0x00,
    0x00, 0x00, 0xFA, 0x5F, 0x00, 0x00, 0x00, 0xFC, 0x2F, 0x00, 0x00, 0x00, 0x00, 0xFF, 0x0E, 0x00,
    0x00, 0x00, 0xF6, 0x8F, 0x00, 0x00, 0x00, 0x60, 0xFF, 0xFF, 0xFF, 0xFF, 0xFF, 0xFF, 0xEF, 0x00,
    0x00, 0x00, 0xC0, 0xFF, 0xFF, 0xFF, 0xFF, 0xFF, 0xFF, 0xFF, 0x04, 0x00, 0x00, 0xF2, 0xEF, 0x88,
    0x88, 0x88, 0x88, 0xA8, 0xFF, 0x0A, 0x00, 0x00, 0xF7, 0x8F, 0x00, 0x00, 0x00, 0x00, 0x00, 0xFF,
    0x1F, 0x00, 0x00, 0xFD, 0x2F, 0x00, 0x00, 0x00, 0x00, 0x00, 0xFA, 0x6F, 0x00, 0x30, 0xFF, 0x0D,
    0x00, 0x00, 0x00, 0x00, 0x00, 0xF4, 0xCF, 0x00, 0x90, 0xFF, 0x07, 0x00, 0x00, 0x00, 0x00, 0x00,
    0xE0, 0xFF, 0x02, 0xF0, 0xFF, 0x02, 0x00, 0x00, 0x00, 0x00, 0x00, 0x90, 0xFF, 0x08, 0xF5, 0xCF,
    0x00, 0x00, 0x00, 0x00, 0x00, 0x00, 0x40, 0xFF, 0x0E, 0xF4, 0xFF, 0xFF, 0xFF, 0xEF, 0xAD, 0x05,
    0x00, 0x00, 0xF4, 0xFF, 0xFF, 0xFF, 0xFF, 0xFF, 0xCF, 0x02, 0x00, 0xF4, 0xEF, 0x88, 0x88, 0x98,
    0xFD, 0xFF, 0x1E, 0x00, 0xF4, 0xDF, 0x00, 0x00, 0x00, 0x30, 0xFE, 0x8F, 0x00, 0xF4, 0xDF, 0x00,
    0x00, 0x00, 0x00, 0xF6, 0xDF, 0x00, 0xF4, 0xDF, 0x00, 0x00, 0x00, 0x00, 0xF1, 0xFF, 0x00, 0xF4,
    0xDF, 0x00, 0x00, 0x00, 0x00, 0xF1, 0xFF, 0x00, 0xF4, 0xDF, 0x00, 0x00, 0x00, 0x00, 0xF4, 0xDF,
    0x00, 0xF4, 0xDF, 0x00, 0x00, 0x00, 0x00, 0xFC, 0x7F, 0x00, 0xF4, 0xDF, 0x00, 0x00, 0x10, 0xD5,
    0xFF, 0x0B, 0x00, 0xF4, 0xFF, 0xFF, 0xFF, 0xFF, 0xFF, 0x9F, 0x00, 0x00, 0xF4, 0xFF, 0xFF, 0xFF,
    0xFF, 0xFF, 0x7E, 0x00, 0x00, 0xF4, 0xEF, 0x77, 0x77, 0x87, 0xFA, 0xFF, 0x0C, 0x00, 0xF4, 0xDF,
    0x00, 0x00, 0x00, 0x10, 0xFB, 0xBF, 0x00, 0xF4, 0xDF, 0x00, 0x00, 0x00, 0x00, 0xE0, 0xFF, 0x03,
    0xF4, 0xDF, 0x00, 0x00, 0x00, 0x00, 0x90, 0xFF, 0x08, 0xF4, 0xDF, 0x00, 0x00, 0x00, 0x00, 0x70,
    0xFF, 0x0A, 0xF4, 0xDF, 0x00, 0x00, 0x00, 0x00, 0x70, 0xFF, 0x0A, 0xF4, 0xDF, 0x00, 0x00, 0x00,
    0x00, 0xA0, 0xFF, 0x08, 0xF4, 0xDF, 0x00, 0x00, 0x00, 0x00, 0xF1, 0xFF, 0x04, 0xF4, 0xDF, 0x00,
    0x00, 0x00, 0x20, 0xFD, 0xDF, 0x00, 0xF4, 0xEF, 0x88, 0x88, 0x98, 0xFB, 0xFF, 0x3F, 0x00, 0xF4,
    0xFF, 0xFF, 0xFF, 0xFF, 0xFF, 0xEF, 0x03, 0x00, 0xF4, 0xFF, 0xFF, 0xFF, 0xFF, 0xAE, 0x06, 0x00,
    0x00, 0x00, 0x00, 0x00, 0x93, 0xFD, 0xEF, 0x8C, 0x02, 0x00, 0x00, 0x00, 0x00, 0xB1, 0xFF, 0xFF,
    0xFF, 0xFF, 0x8F, 0x00, 0x00, 0x00, 0x20, 0xFE, 0xFF, 0xAD, 0xA9, 0xFE, 0xFF, 0x0B, 0x00, 0x00,
    0xD1, 0xFF, 0x3D, 0x00, 0x00, 0x50, 0xFF, 0x8F, 0x00, 0x00, 0xF9, 0xDF, 0x01, 0x00, 0x00, 0x00,
    0xF5, 0xFF, 0x01, 0x10, 0xFF, 0x3F, 0x00, 0x00, 0x00, 0x00, 0xC0, 0xFF, 0x07, 0x70, 0xFF, 0x0C,
    0x00, 0x00, 0x00, 0x00, 0x60, 0xFF, 0x0B, 0xB0, 0xFF, 0x06, 0x00, 0x00, 0x00, 0x00, 0x20, 0xDD,
    0x0C, 0xE0, 0xFF, 0x03, 0x00, 0x00, 0x00, 0x00, 0x00, 0x00, 0x00, 0xF0, 0xFF, 0x01, 0x00, 0x00,
    0x00, 0x00, 0x00, 0x00, 0x00, 0xF1, 0xFF, 0x00, 0x00, 0x00, 0x00, 0x00, 0x00, 0x00, 0x00, 0xF1,
    0xFF, 0x00, 0x00, 0x00, 0x00, 0x00, 0x00, 0x00, 0x00, 0xF1, 0xFF, 0x00, 0x00, 0x00, 0x00, 0x00,
    0x00, 0x00, 0x00, 0xF0, 0xFF, 0x00, 0x00, 0x00, 0x00, 0x00, 0x00, 0x00, 0x00, 0xF0, 0xFF, 0x01,
    0x00, 0x00, 0x00, 0x00, 0x00, 0x00, 0x00, 0xE0, 0xFF, 0x03, 0x00, 0x00, 0x00, 0x00, 0x00, 0x00,
    0x00, 0xB0, 0xFF, 0x06, 0x00, 0x00, 0x00, 0x00, 0x20, 0xCC, 0x0B, 0x70, 0xFF, 0x0B, 0x00, 0x00,
    0x00, 0x00, 0x60, 0xFF, 0x0B, 0x10, 0xFF, 0x3F, 0x00, 0x00, 0x00, 0x00, 0xB0, 0xFF, 0x07, 0x00,
    0xF9, 0xDF, 0x00, 0x00, 0x00, 0x00, 0xF4, 0xFF, 0x01, 0x00, 0xE0, 0xFF, 0x2C, 0x00, 0x00, 0x50,
    0xFF, 0x7F, 0x00, 0x00, 0x20, 0xFE, 0xFF, 0x9C, 0xA8, 0xFE, 0xFF, 0x0A, 0x00, 0x00, 0x00, 0xC2,
    0xFF, 0xFF, 0xFF, 0xFF, 0x8F, 0x00, 0x00, 0x00, 0x00, 0x00, 0xA4, 0xFD, 0xEF, 0x7B, 0x01, 0x00,
    0x00, 0xF4, 0xFF, 0xFF, 0xFF, 0xCE, 0x38, 0x00, 0x00, 0x00, 0xF4, 0xFF, 0xFF, 0xFF, 0xFF, 0xFF,
    0x2B, 0x00, 0x00, 0xF4, 0xEF, 0x88, 0x98, 0xDA, 0xFF, 0xFF, 0x04, 0x00, 0xF4, 0xDF, 0x00, 0x00,
    0x00, 0xB2, 0xFF, 0x3F, 0x00, 0xF4, 0xDF, 0x00, 0x00, 0x00, 0x00, 0xF9, 0xDF, 0x00, 0xF4, 0xDF,
    0x00, 0x00, 0x00, 0x00, 0xD0, 0xFF, 0x07, 0xF4, 0xDF, 0x00, 0x00, 0x00, 0x00, 0x40, 0xFF, 0x0D,
    0xF4, 0xDF, 0x00, 0x00, 0x00, 0x00, 0x00, 0xFE, 0x3F, 0xF4, 0xDF, 0x00, 0x00, 0x00, 0x00, 0x00,
    0xFA, 0x6F, 0xF4, 0xDF, 0x00, 0x00, 0x00, 0x00, 0x00, 0xF7, 0x9F, 0xF4, 0xDF, 0x00, 0x00, 0x00,
    0x00, 0x00, 0xF6, 0xAF, 0xF4, 0xDF, 0x00, 0x00, 0x00, 0x00, 0x00, 0xF6, 0xAF, 0xF4, 0xDF, 0x00,
    0x00, 0x00, 0x00, 0x00, 0xF6, 0xAF, 0xF4, 0xDF, 0x00, 0x00, 0x00, 0x00, 0x00, 0xF6, 0xAF, 0xF4,
    0xDF, 0x00, 0x00, 0x00, 0x00, 0x00, 0xF8, 0x9F, 0xF4, 0xDF, 0x00, 0x00, 0x00, 0x00, 0x00, 0xFA,
    0x6F, 0xF4, 0xDF, 0x00, 0x00, 0x00, 0x00, 0x00, 0xFE, 0x3F, 0xF4, 0xDF, 0x00, 0x00, 0x00, 0x00,
    0x50, 0xFF, 0x0E, 0xF4, 0xDF, 0x00, 0x00, 0x00, 0x00, 0xD0, 0xFF, 0x07, 0xF4, 0xDF, 0x00, 0x00,
    0x00, 0x00, 0xFA, 0xEF, 0x00, 0xF4, 0xDF, 0x00, 0x00, 0x00, 0xC3, 0xFF, 0x3F, 0x00, 0xF4, 0xEF,
    0x88, 0x98, 0xEA, 0xFF, 0xFF, 0x04, 0x00, 0xF4, 0xFF, 0xFF, 0xFF, 0xFF, 0xFF, 0x2B, 0x00, 0x00,
    0xF4, 0xFF, 0xFF, 0xFF, 0xCE, 0x38, 0x00, 0x00, 0x00, 0xF4, 0xFF, 0xFF, 0xFF, 0xFF, 0xFF, 0xFF,
    0x7F, 0xF4, 0xFF, 0xFF, 0xFF, 0xFF, 0xFF, 0xFF, 0x7F, 0xF4, 0xEF, 0x88, 0x88, 0x88, 0x88, 0x88,
    0x48, 0xF4, 0xDF, 0x00, 0x00, 0x00, 0x00, 0x00, 0x00, 0xF4, 0xDF, 0x00, 0x00, 0x00, 0x00, 0x00,
    0x00, 0xF4, 0xDF, 0x00, 0x00, 0x00, 0x00, 0x00, 0x00, 0xF4, 0xDF, 0x00, 0x00, 0x00, 0x00, 0x00,
    0x00, 0xF4, 0xDF, 0x00, 0x00, 0x00, 0x00, 0x00, 0x00, 0xF4, 0xDF, 0x00, 0x00, 0x00, 0x00, 0x00,
    0x00, 0xF4, 0xDF, 0x00, 0x00, 0x00, 0x00, 0x00, 0x00, 0xF4, 0xFF, 0xFF, 0xFF, 0xFF, 0xFF, 0xFF,
    0x00, 0xF4, 0xFF, 0xFF, 0xFF, 0xFF, 0xFF, 0xFF, 0x00, 0xF4, 0xEF, 0x88, 0x88, 0x88, 0x88, 0x88,
    0x00, 0xF4, 0xDF, 0x00, 0x00, 0x00, 0x00, 0x00, 0x00, 0xF4, 0xDF, 0x00, 0x00, 0x00, 0x00, 0x00,
    0x00, 0xF4, 0xDF, 0x00, 0x00, 0x00, 0x00, 0x00, 0x00, 0xF4, 0xDF, 0x00, 0x00, 0x00, 0x00, 0x00,
    0x00, 0xF4, 0xDF, 0x00, 0x00, 0x00, 0x00, 0x00, 0x00, 0xF4, 0xDF, 0x00, 0x00, 0x00, 0x00, 0x00,
    0x00, 0xF4, 0xDF, 0x00, 0x00, 0x00, 0x00, 0x00, 0x00, 0xF4, 0xDF, 0x00, 0x00, 0x00, 0x00, 0x00,
    0x00, 0xF4, 0xEF, 0x88, 0x88, 0x88, 0x88, 0x88, 0x58, 0xF4, 0xFF, 0xFF, 0xFF, 0xFF, 0xFF, 0xFF,
    0xAF, 0xF4, 0xFF, 0xFF, 0xFF, 0xFF, 0xFF, 0xFF, 0xAF, 0xF4, 0xFF, 0xFF, 0xFF, 0xFF, 0xFF, 0xFF,
    0x4F, 0xF4, 0xFF, 0xFF, 0xFF, 0xFF, 0xFF, 0xFF, 0x4F, 0xF4, 0xEF, 0x88, 0x88, 0x88, 0x88, 0x88,
    0x28, 0xF4, 0xDF, 0x00, 0x00, 0x00, 0x00, 0x00, 0x00, 0xF4, 0xDF, 0x00, 0x00, 0x00, 0x00, 0x00,
    0x00, 0xF4, 0xDF, 0x00, 0x00, 0x00, 0x00, 0x00, 0x00, 0xF4, 0xDF, 0x00, 0x00, 0x00, 0x00, 0x00,
    0x00, 0xF4, 0xDF, 0x00, 0x00, 0x00, 0x00, 0x00, 0x00, 0xF4, 0xDF, 0x00, 0x00, 0x00, 0x00, 0x00,
    0x00, 0xF4, 0xDF, 0x00, 0x00, 0x00, 0x00, 0x00, 0x00, 0xF4, 0xDF, 0x00, 0x00, 0x00, 0x00, 0x00,
    0x00, 0xF4, 0xFF, 0xFF, 0xFF, 0xFF, 0xFF, 0xAF, 0x00, 0xF4, 0xFF, 0xFF, 0xFF, 0xFF, 0xFF, 0xAF,
    0x00, 0xF4, 0xEF, 0x88, 0x88, 0x88, 0x88, 0x58, 0x00, 0xF4, 0xDF, 0x00, 0x00, 0x00, 0x00, 0x00,
    0x00, 0xF4, 0xDF, 0x00, 0x00, 0x00, 0x00, 0x00, 0x00, 0xF4, 0xDF, 0x00, 0x00, 0x00, 0x00, 0x00,
    0x00, 0xF4, 0xDF, 0x00, 0x00, 0x00, 0x00, 0x00, 0x00, 0xF4, 0xDF, 0x00, 0x00, 0x00, 0x00, 0x00,
    0x00, 0xF4, 0xDF, 0x00, 0x00, 0x00, 0x00, 0x00, 0x00, 0xF4, 0xDF, 0x00, 0x00, 0x00, 0x00, 0x00,
    0x00, 0xF4, 0xDF, 0x00, 0x00, 0x00, 0x00, 0x00, 0x00, 0xF4, 0xDF, 0x00, 0x00, 0x00, 0x00, 0x00,
    0x00, 0xF4, 0xDF, 0x00, 0x00, 0x00, 0x00, 0x00, 0x00, 0x00, 0x00, 0x00, 0x94, 0xED, 0xEF, 0x9C,
    0x03, 0x00, 0x00, 0x00, 0x00, 0xC2, 0xFF, 0xFF, 0xFF, 0xFF, 0xAF, 0x01, 0x00, 0x00, 0x30, 0xFE,
    0xFF, 0xAD, 0xA9, 0xFD, 0xFF, 0x1D, 0x00, 0x00, 0xE1, 0xFF, 0x3D, 0x00, 0x00, 0x40, 0xFE, 0xBF,
    0x00, 0x00, 0xF9, 0xDF, 0x01, 0x00, 0x00, 0x00, 0xF3, 0xFF, 0x03, 0x10, 0xFF, 0x3F, 0x00, 0x00,
    0x00, 0x00, 0x90, 0xFF, 0x0A, 0x60, 0xFF, 0x0C, 0x00, 0x00, 0x00, 0x00, 0x30, 0xFF, 0x0E, 0xA0,
    0xFF, 0x07, 0x00, 0x00, 0x00, 0x00, 0x00, 0x33, 0x03, 0xD0, 0xFF, 0x04, 0x00, 0x00, 0x00, 0x00,
    0x00, 0x00, 0x00, 0xF0, 0xFF, 0x02, 0x00, 0x00, 0x00, 0x00, 0x00, 0x00, 0x00, 0xF0, 0xFF, 0x01,
    0x00, 0x00, 0x00, 0x00, 0x00, 0x00, 0x00, 0xF0, 0xFF, 0x01, 0x00, 0x00, 0x00, 0x00, 0x00, 0x00,
    0x00, 0xF0, 0xFF, 0x01, 0x00, 0x00, 0xF7, 0xFF, 0xFF, 0xFF, 0x0F, 0xF0, 0xFF, 0x01, 0x00, 0x00,
    0xF7, 0xFF, 0xFF, 0xFF, 0x0F, 0xF0, 0xFF, 0x02, 0x00, 0x00, 0x83, 0x88, 0x88, 0xFF, 0x0F, 0xD0,
    0xFF, 0x05, 0x00, 0x00, 0x00, 0x00, 0x00, 0xFF, 0x0F, 0x90, 0xFF, 0x09, 0x00, 0x00, 0x00, 0x00,
    0x00, 0xFF, 0x0F, 0x50, 0xFF, 0x0E, 0x00, 0x00, 0x00, 0x00, 0x00, 0xFF, 0x0F, 0x00, 0xFE, 0x7F,
    0x00, 0x00, 0x00, 0x00, 0x00, 0xFF, 0x0F, 0x00, 0xF6, 0xFF, 0x03, 0x00, 0x00, 0x00, 0x00, 0xFF,
    0x0F, 0x00, 0xB0, 0xFF, 0x6F, 0x00, 0x00, 0x00, 0xC3, 0xFF, 0x0F, 0x00, 0x10, 0xFC, 0xFF, 0xAE,
    0x98, 0xDA, 0xFF, 0xFF, 0x03, 0x00, 0x00, 0x80, 0xFF, 0xFF, 0xFF, 0xFF, 0xFF, 0x2B, 0x00, 0x00,
    0x00, 0x00, 0x71, 0xEC, 0xFF, 0xBD, 0x37, 0x00, 0x00, 0xF4, 0xDF, 0x00, 0x00, 0x00, 0x00, 0x00,
    0x50, 0xFF, 0x0C, 0xF4, 0xDF, 0x00, 0x00, 0x00, 0x00, 0x00, 0x50, 0xFF, 0x0C, 0xF4, 0xDF, 0x00,
    0x00, 0x00, 0x00, 0x00, 0x50, 0xFF, 0x0C, 0xF4, 0xDF, 0x00, 0x00, 0x00, 0x00, 0x00, 0x50, 0xFF,
    0x0C, 0xF4, 0xDF, 0x00, 0x00, 0x00, 0x00, 0x00, 0x50, 0xFF, 0x0C, 0xF4, 0xDF, 0x00, 0x00, 0x00,
    0x00, 0x00, 0x50, 0xFF, 0x0C, 0xF4, 0xDF, 0x00, 0x00, 0x00, 0x00, 0x00, 0x50, 0xFF, 0x0C, 0xF4,
    0xDF, 0x00, 0x00, 0x00, 0x00, 0x00, 0x50, 0xFF, 0x0C, 0xF4, 0xDF, 0x00, 0x00, 0x00, 0x00, 0x00,
    0x50, 0xFF, 0x0C, 0xF4, 0xDF, 0x00, 0x00, 0x00, 0x00, 0x00, 0x50, 0xFF, 0x0C, 0xF4, 0xFF, 0xFF,
    0xFF, 0xFF, 0xFF, 0xFF, 0xFF, 0xFF, 0x0C, 0xF4, 0xFF, 0xFF, 0xFF, 0xFF, 0xFF, 0xFF, 0xFF, 0xFF,
    0x0C, 0xF4, 0xEF, 0x88, 0x88, 0x88, 0x88, 0x88, 0xB8, 0xFF, 0x0C, 0xF4, 0xDF, 0x00, 0x00, 0x00,
    0x00, 0x00, 0x50, 0xFF, 0x0C, 0xF4, 0xDF, 0x00, 0x00, 0x00, 0x00, 0x00, 0x50, 0xFF, 0x0C, 0xF4,
    0xDF, 0x00, 0x00, 0x00, 0x00, 0x00, 0x50, 0xFF, 0x0C, 0xF4, 0xDF, 0x00, 0x00, 0x00, 0x00, 0x00,
    0x50, 0xFF, 0x0C, 0xF4, 0xDF, 0x00, 0x00, 0x00, 0x00, 0x00, 0x50, 0xFF, 0x0C, 0xF4, 0xDF, 0x00,
    0x00, 0x00, 0x00, 0x00, 0x50, 0xFF, 0x0C, 0xF4, 0xDF, 0x00, 0x00, 0x00, 0x00, 0x00, 0x50, 0xFF,
    0x0C, 0xF4, 0xDF, 0x00, 0x00, 0x00, 0x00, 0x00, 0x50, 0xFF, 0x0C, 0xF4, 0xDF, 0x00, 0x00, 0x00,
    0x00, 0x00, 0x50, 0xFF, 0x0C, 0xF4, 0xDF, 0x00, 0x00, 0x00, 0x00, 0x00, 0x50, 0xFF, 0x0C, 0xF4,
    0xDF, 0x00, 0x00, 0x00, 0x00, 0x00, 0x50, 0xFF, 0x0C, 0xF0, 0xFF, 0x00, 0xF0, 0xFF, 0x00, 0xF0,
    0xFF, 0x00, 0xF0, 0xFF, 0x00, 0xF0, 0xFF, 0x00, 0xF0, 0xFF, 0x00, 0xF0, 0xFF, 0x00, 0xF0, 0xFF,
    0x00, 0xF0, 0xFF, 0x00, 0xF0, 0xFF, 0x00, 0xF0, 0xFF, 0x00, 0xF0, 0xFF, 0x00, 0xF0, 0xFF, 0x00,
    0xF0, 0xFF, 0x00, 0xF0, 0xFF, 0x00, 0xF0, 0xFF, 0x00, 0xF0, 0xFF, 0x00, 0xF0, 0xFF, 0x00, 0xF0,
    0xFF, 0x00, 0xF0, 0xFF, 0x00, 0xF0, 0xFF, 0x00, 0xF0, 0xFF, 0x00, 0xF0, 0xFF, 0x00, 0xF0, 0xFF,
    0x00, 0x00, 0x00, 0x00, 0x00, 0x00, 0x00, 0xF7, 0xAF, 0x00, 0x00, 0x00, 0x00, 0x00, 0x00, 0xF7,
    0xAF, 0x00, 0x00, 0x00, 0x00, 0x00, 0x00, 0xF7, 0xAF, 0x00, 0x00, 0x00, 0x00, 0x00, 0x00, 0xF7,
    0xAF, 0x00, 0x00, 0x00, 0x00, 0x00, 0x00, 0xF7, 0xAF, 0x00, 0x00, 0x00, 0x00, 0x00, 0x00, 0xF7,
    0xAF, 0x00, 0x00, 0x00, 0x00, 0x00, 0x00, 0xF7, 0xAF, 0x00, 0x00, 0x00, 0x00, 0x00, 0x00, 0xF7,
    0xAF, 0x00, 0x00, 0x00, 0x00, 0x00, 0x00, 0xF7, 0xAF, 0x00, 0x00, 0x00, 0x00, 0x00, 0x00, 0xF7,
    0xAF, 0x00, 0x00, 0x00, 0x00, 0x00, 0x00, 0xF7, 0xAF, 0x00, 0x00, 0x00, 0x00, 0x00, 0x00, 0xF7,
    0xAF, 0x00, 0x00, 0x00, 0x00, 0x00, 0x00, 0xF7, 0xAF, 0x00, 0x00, 0x00, 0x00, 0x00, 0x00, 0xF7,
    0xAF, 0x00, 0x00, 0x00, 0x00, 0x00, 0x00, 0xF7, 0xAF, 0x00, 0x00, 0x00, 0x00, 0x00, 0x00, 0xF7,
    0xAF, 0x00, 0x00, 0x00, 0x00, 0x00, 0x00, 0xF7, 0xAF, 0xC1, 0xCC, 0x00, 0x00, 0x00, 0x00, 0xF8,
    0x9F, 0xF0, 0xFF, 0x01, 0x00, 0x00, 0x00, 0xFB, 0x7F, 0xD0, 0xFF, 0x07, 0x00, 0x00, 0x20, 0xFF,
    0x3F, 0x60, 0xFF, 0x4F, 0x00, 0x00, 0xD2, 0xFF, 0x0C, 0x00, 0xFC, 0xFF, 0x9C, 0xB8, 0xFF, 0xFF,
    0x02, 0x00, 0xB1, 0xFF, 0xFF, 0xFF, 0xFF, 0x3E, 0x00, 0x00, 0x00, 0xA4, 0xFD, 0xEF, 0x6B, 0x00,
    0x00, 0xF4, 0xDF, 0x00, 0x00, 0x00, 0x00, 0x30, 0xFF, 0x8F, 0x00, 0xF4, 0xDF, 0x00, 0x00, 0x00,
    0x00, 0xE2, 0xFF, 0x0A, 0x00, 0xF4, 0xDF, 0x00, 0x00, 0x00, 0x10, 0xFD, 0xCF, 0x00, 0x00, 0xF4,
    0xDF, 0x00, 0x00, 0x00, 0xC0, 0xFF, 0x1D, 0x00, 0x00, 0xF4, 0xDF, 0x00, 0x00, 0x00, 0xFB, 0xEF,
    0x02, 0x00, 0x00, 0xF4, 0xDF, 0x00, 0x00, 0x90, 0xFF, 0x3F, 0x00, 0x00, 0x00, 0xF4, 0xDF, 0x00,
    0x00, 0xF7, 0xFF, 0x05, 0x00, 0x00, 0x00, 0xF4, 0xDF, 0x00, 0x50, 0xFF, 0x7F, 0x00, 0x00, 0x00,
    0x00, 0xF4, 0xDF, 0x00, 0xF3, 0xFF, 0x09, 0x00, 0x00, 0x00, 0x00, 0xF4, 0xDF, 0x20, 0xFE, 0xBF,
    0x00, 0x00, 0x00, 0x00, 0x00, 0xF4, 0xDF, 0xE1, 0xFF, 0x0E, 0x00, 0x00, 0x00, 0x00, 0x00, 0xF4,
    0xDF, 0xFC, 0xFF, 0x6F, 0x00, 0x00, 0x00, 0x00, 0x00, 0xF4, 0xFF, 0xFF, 0xFF, 0xFF, 0x03, 0x00,
    0x00, 0x00, 0x00, 0xF4, 0xFF, 0xEF, 0xC2, 0xFF, 0x0D, 0x00, 0x00, 0x00, 0x00, 0xF4, 0xFF, 0x3E,
    0x20, 0xFF, 0xAF, 0x00, 0x00, 0x00, 0x00, 0xF4, 0xFF, 0x03, 0x00, 0xF5, 0xFF, 0x06, 0x00, 0x00,
    0x00, 0xF4, 0xDF, 0x00, 0x00, 0x90, 0xFF, 0x2F, 0x00, 0x00, 0x00, 0xF4, 0xDF, 0x00, 0x00, 0x00,
    0xFD, 0xDF, 0x00, 0x00, 0x00, 0xF4, 0xDF, 0x00, 0x00, 0x00, 0xF2, 0xFF, 0x09, 0x00, 0x00, 0xF4,
    0xDF, 0x00, 0x00, 0x00, 0x50, 0xFF, 0x5F, 0x00, 0x00, 0xF4, 0xDF, 0x00, 0x00, 0x00, 0x00, 0xF9,
    0xFF, 0x02, 0x00, 0xF4, 0xDF, 0x00, 0x00, 0x00, 0x00, 0xD0, 0xFF, 0x0D, 0x00, 0xF4, 0xDF, 0x00,
    0x00, 0x00, 0x00, 0x20, 0xFF, 0x9F, 0x00, 0xF4, 0xDF, 0x00, 0x00, 0x00, 0x00, 0x00, 0xF5, 0xFF,
    0x05, 0xF4, 0xDF, 0x00, 0x00, 0x00, 0x00, 0x00, 0x00, 0xF4, 0xDF, 0x00, 0x00, 0x00, 0x00, 0x00,
    0x00, 0xF4, 0xDF, 0x00, 0x00, 0x00, 0x00, 0x00, 0x00, 0xF4, 0xDF, 0x00, 0x00, 0x00, 0x00, 0x00,
    0x00, 0xF4, 0xDF, 0x00, 0x00, 0x00, 0x00, 0x00, 0x00, 0xF4, 0xDF, 0x00, 0x00, 0x00, 0x00, 0x00,
    0x00, 0xF4, 0xDF, 0x00, 0x00, 0x00, 0x00, 0x00, 0x00, 0xF4, 0xDF, 0x00, 0x00, 0x00, 0x00, 0x00,
    0x00, 0xF4, 0xDF, 0x00, 0x00, 0x00, 0x00, 0x00, 0x00, 0xF4, 0xDF, 0x00, 0x00, 0x00, 0x00, 0x00,
    0x00, 0xF4, 0xDF, 0x00, 0x00, 0x00, 0x00, 0x00, 0x00, 0xF4, 0xDF, 0x00, 0x00, 0x00, 0x00, 0x00,
    0x00, 0xF4, 0xDF, 0x00, 0x00, 0x00, 0x00, 0x00, 0x00, 0xF4, 0xDF, 0x00, 0x00, 0x00, 0x00, 0x00,
    0x00, 0xF4, 0xDF, 0x00, 0x00, 0x00, 0x00, 0x00, 0x00, 0xF4, 0xDF, 0x00, 0x00, 0x00, 0x00, 0x00,
    0x00, 0xF4, 0xDF, 0x00, 0x00, 0x00, 0x00, 0x00, 0x00, 0xF4, 0xDF, 0x00, 0x00, 0x00, 0x00, 0x00,
    0x00, 0xF4, 0xDF, 0x00, 0x00, 0x00, 0x00, 0x00, 0x00, 0xF4, 0xDF, 0x00, 0x00, 0x00, 0x00, 0x00,
    0x00, 0xF4, 0xDF, 0x00, 0x00, 0x00, 0x00, 0x00, 0x00, 0xF4, 0xEF, 0x88, 0x88, 0x88, 0x88, 0x88,
    0x08, 0xF4, 0xFF, 0xFF, 0xFF, 0xFF, 0xFF, 0xFF, 0x0F, 0xF4, 0xFF, 0xFF, 0xFF, 0xFF, 0xFF, 0xFF,
    0x0F, 0xF4, 0xFF, 0x0E, 0x00, 0x00, 0x00, 0x00, 0x00, 0x00, 0x20, 0xFF, 0xFF, 0x01, 0xF4, 0xFF,
    0x4F, 0x00, 0x00, 0x00, 0x00, 0x00, 0x00, 0x80, 0xFF, 0xFF, 0x01, 0xF4, 0xFF, 0xBF, 0x00, 0x00,
    0x00, 0x00, 0x00, 0x00, 0xE0, 0xFF, 0xFF, 0x01, 0xF4, 0xFF, 0xFF, 0x01, 0x00, 0x00, 0x00, 0x00,
    0x00, 0xF4, 0xFF, 0xFF, 0x01, 0xF4, 0xFF, 0xFF, 0x07, 0x00, 0x00, 0x00, 0x00, 0x00, 0xFB, 0xFF,
    0xFF, 0x01, 0xF4, 0xAF, 0xFF, 0x0D, 0x00, 0x00, 0x00, 0x00, 0x10, 0xFF, 0xCE, 0xFF, 0x01, 0xF4,
    0x9F, 0xFB, 0x4F, 0x00, 0x00, 0x00, 0x00, 0x70, 0xFF, 0xC7, 0xFF, 0x01, 0xF4, 0x9F, 0xF5, 0xAF,
    0x00, 0x00, 0x00, 0x00, 0xD0, 0xFF, 0xD1, 0xFF, 0x01, 0xF4, 0xAF, 0xE0, 0xFF, 0x01, 0x00, 0x00,
    0x00, 0xF4, 0xBF, 0xD0, 0xFF, 0x01, 0xF4, 0xAF, 0x80, 0xFF, 0x07, 0x00, 0x00, 0x00, 0xFA, 0x4F,
    0xD0, 0xFF, 0x01, 0xF4, 0xBF, 0x20, 0xFF, 0x0D, 0x00, 0x00, 0x10, 0xFF, 0x0E, 0xE0, 0xFF, 0x01,
    0xF4, 0xBF, 0x00, 0xFC, 0x3F, 0x00, 0x00, 0x70, 0xFF, 0x08, 0xE0, 0xFF, 0x01, 0xF4, 0xBF, 0x00,
    0xF5, 0x9F, 0x00, 0x00, 0xD0, 0xFF, 0x02, 0xF0, 0xFF, 0x01, 0xF4, 0xCF, 0x00, 0xE0, 0xFF, 0x00,
    0x00, 0xF3, 0xBF, 0x00, 0xF0, 0xFF, 0x01, 0xF4, 0xCF, 0x00, 0x90, 0xFF, 0x06, 0x00, 0xF9, 0x5F,
    0x00, 0xF0, 0xFF, 0x01, 0xF4, 0xDF, 0x00, 0x20, 0xFF, 0x0C, 0x00, 0xFF, 0x0E, 0x00, 0xF0, 0xFF,
    0x01, 0xF4, 0xDF, 0x00, 0x00, 0xFC, 0x2F, 0x60, 0xFF, 0x08, 0x00, 0xF0, 0xFF, 0x01, 0xF4, 0xDF,
    0x00, 0x00, 0xF6, 0x9F, 0xC0, 0xFF, 0x02, 0x00, 0xF0, 0xFF, 0x01, 0xF4, 0xDF, 0x00, 0x00, 0xF0,
    0xEF, 0xF3, 0xBF, 0x00, 0x00, 0xF0, 0xFF, 0x01, 0xF4, 0xDF, 0x00, 0x00, 0x90, 0xFF, 0xFD, 0x5F,
    0x00, 0x00, 0xF0, 0xFF, 0x01, 0xF4, 0xDF, 0x00, 0x00, 0x20, 0xFF, 0xFF, 0x0E, 0x00, 0x00, 0xF0,
    0xFF, 0x01, 0xF4, 0xDF, 0x00, 0x00, 0x00, 0xFC, 0xFF, 0x08, 0x00, 0x00, 0xF0, 0xFF, 0x01, 0xF4,
    0xDF, 0x00, 0x00, 0x00, 0xF6, 0xFF, 0x02, 0x00, 0x00, 0xF0, 0xFF, 0x01, 0xF4, 0xDF, 0x00, 0x00,
    0x00, 0xF0, 0xCF, 0x00, 0x00, 0x00, 0xF0, 0xFF, 0x01, 0xF4, 0xFF, 0x02, 0x00, 0x00, 0x00, 0x00,
    0x50, 0xFF, 0x0C, 0xF4, 0xFF, 0x0C, 0x00, 0x00, 0x00, 0x00, 0x50, 0xFF, 0x0C, 0xF4, 0xFF, 0x6F,
    0x00, 0x00, 0x00, 0x00, 0x50, 0xFF, 0x0C, 0xF4, 0xFF, 0xFF, 0x01, 0x00, 0x00, 0x00, 0x50, 0xFF,
    0x0C, 0xF4, 0xFF, 0xFF, 0x0B, 0x00, 0x00, 0x00, 0x50, 0xFF, 0x0C, 0xF4, 0xEF, 0xFF, 0x5F, 0x00,
    0x00, 0x00, 0x50, 0xFF, 0x0C, 0xF4, 0xDF, 0xF8, 0xEF, 0x01, 0x00, 0x00, 0x50, 0xFF, 0x0C, 0xF4,
    0xDF, 0xD0, 0xFF, 0x09, 0x00, 0x00, 0x50, 0xFF, 0x0C, 0xF4, 0xDF, 0x40, 0xFF, 0x3F, 0x00, 0x00,
    0x50, 0xFF, 0x0C, 0xF4, 0xDF, 0x00, 0xF9, 0xDF, 0x00, 0x00, 0x50, 0xFF, 0x0C, 0xF4, 0xDF, 0x00,
    0xE1, 0xFF, 0x08, 0x00, 0x50, 0xFF, 0x0C, 0xF4, 0xDF, 0x00, 0x50, 0xFF, 0x2F, 0x00, 0x50, 0xFF,
    0x0C, 0xF4, 0xDF, 0x00, 0x00, 0xFB, 0xCF, 0x00, 0x50, 0xFF, 0x0C, 0xF4, 0xDF, 0x00, 0x00, 0xF1,
    0xFF, 0x06, 0x50, 0xFF, 0x0C, 0xF4, 0xDF, 0x00, 0x00, 0x60, 0xFF, 0x1F, 0x50, 0xFF, 0x0C, 0xF4,
    0xDF, 0x00, 0x00, 0x00, 0xFC, 0xBF, 0x50, 0xFF, 0x0C, 0xF4, 0xDF, 0x00, 0x00, 0x00, 0xF2, 0xFF,
    0x55, 0xFF, 0x0C, 0xF4, 0xDF, 0x00, 0x00, 0x00, 0x80, 0xFF, 0x6E, 0xFF, 0x0C, 0xF4, 0xDF, 0x00,
    0x00, 0x00, 0x00, 0xFD, 0xEF, 0xFF, 0x0C, 0xF4, 0xDF, 0x00, 0x00, 0x00, 0x00, 0xF3, 0xFF, 0xFF,
    0x0C, 0xF4, 0xDF, 0x00, 0x00, 0x00, 0x00, 0x90, 0xFF, 0xFF, 0x0C, 0xF4, 0xDF, 0x00, 0x00, 0x00,
    0x00, 0x00, 0xFE, 0xFF, 0x0C, 0xF4, 0xDF, 0x00, 0x00, 0x00, 0x00, 0x00, 0xF5, 0xFF, 0x0C, 0xF4,
    0xDF, 0x00, 0x00, 0x00, 0x00, 0x00, 0xA0, 0xFF, 0x0C, 0x00, 0x00, 0x00, 0x93, 0xFD, 0xEF, 0x7C,
    0x01, 0x00, 0x00, 0x00, 0x00, 0xA1, 0xFF, 0xFF, 0xFF, 0xFF, 0x7F, 0x00, 0x00, 0x00, 0x10, 0xFD,
    0xFF, 0xBE, 0xCA, 0xFF, 0xFF, 0x0A, 0x00, 0x00, 0xC0, 0xFF, 0x5E, 0x00, 0x00, 0x81, 0xFF, 0x8F,
    0x00, 0x00, 0xF7, 0xEF, 0x02, 0x00, 0x00, 0x00, 0xF5, 0xFF, 0x03, 0x00, 0xFF, 0x5F, 0x00, 0x00,
    0x00, 0x00, 0x90, 0xFF, 0x0A, 0x50, 0xFF, 0x0D, 0x00, 0x00, 0x00, 0x00, 0x10, 0xFF, 0x1F, 0xA0,
    0xFF, 0x07, 0x00, 0x00, 0x00, 0x00, 0x00, 0xFC, 0x5F, 0xD0, 0xFF, 0x03, 0x00, 0x00, 0x00, 0x00,
    0x00, 0xF9, 0x8F, 0xF0, 0xFF, 0x01, 0x00, 0x00, 0x00, 0x00, 0x00, 0xF6, 0xAF, 0xF0, 0xFF, 0x00,
    0x00, 0x00, 0x00, 0x00, 0x00, 0xF5, 0xBF, 0xF1, 0xFF, 0x00, 0x00, 0x00, 0x00, 0x00, 0x00, 0xF5,
    0xCF, 0xF1, 0xFF, 0x00, 0x00, 0x00, 0x00, 0x00, 0x00, 0xF5, 0xCF, 0xF1, 0xFF, 0x00, 0x00, 0x00,
    0x00, 0x00, 0x00, 0xF5, 0xBF, 0xF0, 0xFF, 0x01, 0x00, 0x00, 0x00, 0x00, 0x00, 0xF6, 0xAF, 0xD0,
    0xFF, 0x03, 0x00, 0x00, 0x00, 0x00, 0x00, 0xF8, 0x8F, 0xA0, 0xFF, 0x07, 0x00, 0x00, 0x00, 0x00,
    0x00, 0xFC, 0x5F, 0x60, 0xFF, 0x0D, 0x00, 0x00, 0x00, 0x00, 0x10, 0xFF, 0x1F, 0x00, 0xFF, 0x5F,
    0x00, 0x00, 0x00, 0x00, 0x90, 0xFF, 0x0B, 0x00, 0xF7, 0xEF, 0x02, 0x00, 0x00, 0x00, 0xF4, 0xFF,
    0x03, 0x00, 0xC0, 0xFF, 0x5E, 0x00, 0x00, 0x70, 0xFF, 0x9F, 0x00, 0x00, 0x10, 0xFD, 0xFF, 0xBE,
    0xBA, 0xFF, 0xFF, 0x0B, 0x00, 0x00, 0x00, 0xA1, 0xFF, 0xFF, 0xFF, 0xFF, 0x8F, 0x00, 0x00, 0x00,
    0x00, 0x00, 0x93, 0xFD, 0xEF, 0x7C, 0x01, 0x00, 0x00, 0xF4, 0xFF, 0xFF, 0xFF, 0xFF, 0xCE, 0x39,
    0x00, 0x00, 0xF4, 0xFF, 0xFF, 0xFF, 0xFF, 0xFF, 0xFF, 0x0A, 0x00, 0xF4, 0xEF, 0x88, 0x88, 0x88,
    0xEA, 0xFF, 0xCF, 0x00, 0xF4, 0xDF, 0x00, 0x00, 0x00, 0x00, 0xF6, 0xFF, 0x09, 0xF4, 0xDF, 0x00,
    0x00, 0x00, 0x00, 0x50, 0xFF, 0x1F, 0xF4, 0xDF, 0x00, 0x00, 0x00, 0x00, 0x00, 0xFD, 0x6F, 0xF4,
    0xDF, 0x00, 0x00, 0x00, 0x00, 0x00, 0xF9, 0x8F, 0xF4, 0xDF, 0x00, 0x00, 0x00, 0x00, 0x00, 0xF8,
    0x9F, 0xF4, 0xDF, 0x00, 0x00, 0x00, 0x00, 0x00, 0xFA, 0x7F, 0xF4, 0xDF, 0x00, 0x00, 0x00, 0x00,
    0x00, 0xFE, 0x4F, 0xF4, 0xDF, 0x00, 0x00, 0x00, 0x00, 0x90, 0xFF, 0x0E, 0xF4, 0xDF, 0x00, 0x00,
    0x00, 0x41, 0xFB, 0xFF, 0x06, 0xF4, 0xFF, 0xFF, 0xFF, 0xFF, 0xFF, 0xFF, 0x8F, 0x00, 0xF4, 0xFF,
    0xFF, 0xFF, 0xFF, 0xFF, 0xCF, 0x04, 0x00, 0xF4, 0xEF, 0x88, 0x88, 0x88, 0x57, 0x02, 0x00, 0x00,
    0xF4, 0xDF, 0x00, 0x00, 0x00, 0x00, 0x00, 0x00, 0x00, 0xF4, 0xDF, 0x00, 0x00, 0x00, 0x00, 0x00,
    0x00, 0x00, 0xF4, 0xDF, 0x00, 0x00, 0x00, 0x00, 0x00, 0x00, 0x00, 0xF4, 0xDF, 0x00, 0x00, 0x00,
    0x00, 0x00, 0x00, 0x00, 0xF4, 0xDF, 0x00, 0x00, 0x00, 0x00, 0x00, 0x00, 0x00, 0xF4, 0xDF, 0x00,
    0x00, 0x00, 0x00, 0x00, 0x00, 0x00, 0xF4, 0xDF, 0x00, 0x00, 0x00, 0x00, 0x00, 0x00, 0x00, 0xF4,
    0xDF, 0x00, 0x00, 0x00, 0x00, 0x00, 0x00, 0x00, 0xF4, 0xDF, 0x00, 0x00, 0x00, 0x00, 0x00, 0x00,
    0x00, 0x00, 0x00, 0x00, 0x94, 0xFD, 0xEF, 0x6B, 0x01, 0x00, 0x00, 0x00, 0x00, 0xC2, 0xFF, 0xFF,
    0xFF, 0xFF, 0x6E, 0x00, 0x00, 0x00, 0x20, 0xFE, 0xFF, 0xBE, 0xCB, 0xFF, 0xFF, 0x08, 0x00, 0x00,
    0xE1, 0xFF, 0x4D, 0x00, 0x00, 0x91, 0xFF, 0x6F, 0x00, 0x00, 0xFA, 0xDF, 0x01, 0x00, 0x00, 0x00,
    0xF7, 0xFF, 0x01, 0x20, 0xFF, 0x3F, 0x00, 0x00, 0x00, 0x00, 0xC0, 0xFF, 0x08, 0x80, 0xFF, 0x0B,
    0x00, 0x00, 0x00, 0x00, 0x40, 0xFF, 0x0E, 0xC0, 0xFF, 0x05, 0x00, 0x00, 0x00, 0x00, 0x00, 0xFE,
    0x3F, 0xF0, 0xFF, 0x01, 0x00, 0x00, 0x00, 0x00, 0x00, 0xFB, 0x6F, 0xF2, 0xFF, 0x00, 0x00, 0x00,
    0x00, 0x00, 0x00, 0xF8, 0x8F, 0xF3, 0xEF, 0x00, 0x00, 0x00, 0x00, 0x00, 0x00, 0xF7, 0x9F, 0xF3,
    0xDF, 0x00, 0x00, 0x00, 0x00, 0x00, 0x00, 0xF7, 0xAF, 0xF4, 0xDF, 0x00, 0x00, 0x00, 0x00, 0x00,
    0x00, 0xF7, 0xAF, 0xF3, 0xEF, 0x00, 0x00, 0x00, 0x00, 0x00, 0x00, 0xF7, 0x9F, 0xF2, 0xFF, 0x00,
    0x00, 0x00, 0x00, 0x00, 0x00, 0xF8, 0x8F, 0xF0, 0xFF, 0x01, 0x00, 0x00, 0x00, 0x00, 0x00, 0xFB,
    0x6F, 0xD0, 0xFF, 0x05, 0x00, 0x00, 0x00, 0x00, 0x00, 0xFE, 0x3F, 0x80, 0xFF, 0x0A, 0x00, 0x00,
    0x00, 0x00, 0x30, 0xFF, 0x0E, 0x20, 0xFF, 0x3F, 0x00, 0x00, 0x00, 0x00, 0xB0, 0xFF, 0x09, 0x00,
    0xFA, 0xDF, 0x01, 0x00, 0x00, 0x00, 0xF6, 0xFF, 0x01, 0x00, 0xE1, 0xFF, 0x4D, 0x00, 0x00, 0x81,
    0xFF, 0x7F, 0x00, 0x00, 0x20, 0xFE, 0xFF, 0xBD, 0xCA, 0xFF, 0xFF, 0x09, 0x00, 0x00, 0x00, 0xB1,
    0xFF, 0xFF, 0xFF, 0xFF, 0xDF, 0x00, 0x00, 0x00, 0x00, 0x00, 0x94, 0xFD, 0xEF, 0xFC, 0xFF, 0x1C,
    0x00, 0x00, 0x00, 0x00, 0x00, 0x00, 0x00, 0x50, 0xFF, 0xEF, 0x04, 0x00, 0x00, 0x00, 0x00, 0x00,
    0x00, 0x00, 0xE3, 0xFF, 0x5F, 0x00, 0x00, 0x00, 0x00, 0x00, 0x00, 0x00, 0x10, 0xFB, 0x1C, 0x00,
    0x00, 0x00, 0x00, 0x00, 0x00, 0x00, 0x00, 0x60, 0x00, 0xF4, 0xFF, 0xFF, 0xFF, 0xEF, 0xAD, 0x04,
    0x00, 0x00, 0xF4, 0xFF, 0xFF, 0xFF, 0xFF, 0xFF, 0xDF, 0x02, 0x00, 0xF4, 0xEF, 0x88, 0x88, 0xA8,
    0xFD, 0xFF, 0x2F, 0x00, 0xF4, 0xDF, 0x00, 0x00, 0x00, 0x40, 0xFE, 0xCF, 0x00, 0xF4, 0xDF, 0x00,
    0x00, 0x00, 0x00, 0xF2, 0xFF, 0x03, 0xF4, 0xDF, 0x00, 0x00, 0x00, 0x00, 0xB0, 0xFF, 0x08, 0xF4,
    0xDF, 0x00, 0x00, 0x00, 0x00, 0x70, 0xFF, 0x0A, 0xF4, 0xDF, 0x00, 0x00, 0x00, 0x00, 0x60, 0xFF,
    0x0A, 0xF4, 0xDF, 0x00, 0x00, 0x00, 0x00, 0x80, 0xFF, 0x09, 0xF4, 0xDF, 0x00, 0x00, 0x00, 0x00,
    0xD0, 0xFF, 0x06, 0xF4, 0xDF, 0x00, 0x00, 0x00, 0x00, 0xF9, 0xEF, 0x00, 0xF4, 0xDF, 0x00, 0x00,
    0x10, 0xB4, 0xFF, 0x5F, 0x00, 0xF4, 0xFF, 0xFF, 0xFF, 0xFF, 0xFF, 0xFF, 0x06, 0x00, 0xF4, 0xFF,
    0xFF, 0xFF, 0xFF, 0xFF, 0x2B, 0x00, 0x00, 0xF4, 0xEF, 0x88, 0x88, 0xC8, 0xFF, 0x09, 0x00, 0x00,
    0xF4, 0xDF, 0x00, 0x00, 0x20, 0xFF, 0x2F, 0x00, 0x00, 0xF4, 0xDF, 0x00, 0x00, 0x00, 0xF9, 0xBF,
    0x00, 0x00, 0xF4, 0xDF, 0x00, 0x00, 0x00, 0xF1, 0xFF, 0x04, 0x00, 0xF4, 0xDF, 0x00, 0x00, 0x00,
    0x80, 0xFF, 0x0C, 0x00, 0xF4, 0xDF, 0x00, 0x00, 0x00, 0x10, 0xFE, 0x5F, 0x00, 0xF4, 0xDF, 0x00,
    0x00, 0x00, 0x00, 0xF7, 0xEF, 0x00, 0xF4, 0xDF, 0x00, 0x00, 0x00, 0x00, 0xE0, 0xFF, 0x07, 0xF4,
    0xDF, 0x00, 0x00, 0x00, 0x00, 0x60, 0xFF, 0x1E, 0xF4, 0xDF, 0x00, 0x00, 0x00, 0x00, 0x00, 0xFD,
    0x8F, 0x00, 0x00, 0x60, 0xEB, 0xFF, 0xAD, 0x05, 0x00, 0x00, 0x00, 0x50, 0xFE, 0xFF, 0xFF, 0xFF,
    0xEF, 0x04, 0x00, 0x00, 0xF6, 0xFF, 0xBF, 0x99, 0xFB, 0xFF, 0x5F, 0x00, 0x30, 0xFF, 0x9F, 0x01,
    0x00, 0x00, 0xF8, 0xFF, 0x03, 0xA0, 0xFF, 0x0A, 0x00, 0x00, 0x00, 0x90, 0xFF, 0x0B, 0xE0, 0xFF,
    0x04, 0x00, 0x00, 0x00, 0x10, 0xFF, 0x1F, 0xF0, 0xFF, 0x02, 0x00, 0x00, 0x00, 0x00, 0xFE, 0x3F,
    0xD0, 0xFF, 0x06, 0x00, 0x00, 0x00, 0x00, 0x11, 0x01, 0x80, 0xFF, 0x3F, 0x00, 0x00, 0x00, 0x00,
    0x00, 0x00, 0x10, 0xFE, 0xFF, 0x29, 0x00, 0x00, 0x00, 0x00, 0x00, 0x00, 0xE3, 0xFF, 0xFF, 0x7C,
    0x02, 0x00, 0x00, 0x00, 0x00, 0x10, 0xF9, 0xFF, 0xFF, 0xDF, 0x07, 0x00, 0x00, 0x00, 0x00, 0x20,
    0xE8, 0xFF, 0xFF, 0xEF, 0x05, 0x00, 0x00, 0x00, 0x00, 0x00, 0x83, 0xFE, 0xFF, 0x8F, 0x00, 0x00,
    0x00, 0x00, 0x00, 0x00, 0x40, 0xFC, 0xFF, 0x06, 0x00, 0x00, 0x00, 0x00, 0x00, 0x00, 0x90, 0xFF,
    0x0E, 0x21, 0x02, 0x00, 0x00, 0x00, 0x00, 0x00, 0xFF, 0x3F, 0xFA, 0x7F, 0x00, 0x00, 0x00, 0x00,
    0x00, 0xFC, 0x4F, 0xF7, 0xBF, 0x00, 0x00, 0x00, 0x00, 0x00, 0xFD, 0x4F, 0xF2, 0xFF, 0x04, 0x00,
    0x00, 0x00, 0x30, 0xFF, 0x1F, 0x80, 0xFF, 0x6F, 0x00, 0x00, 0x00, 0xE4, 0xFF, 0x0A, 0x00, 0xFA,
    0xFF, 0xBE, 0x89, 0xDA, 0xFF, 0xDF, 0x01, 0x00, 0x60, 0xFE, 0xFF, 0xFF, 0xFF, 0xFF, 0x1A, 0x00,
    0x00, 0x00, 0x50, 0xDA, 0xFE, 0xCE, 0x38, 0x00, 0x00, 0xF3, 0xFF, 0xFF, 0xFF, 0xFF, 0xFF, 0xFF,
    0xFF, 0xFF, 0x0F, 0xF3, 0xFF, 0xFF, 0xFF, 0xFF, 0xFF, 0xFF, 0xFF, 0xFF, 0x0F, 0x81, 0x88, 0x88,
    0x88, 0xFD, 0xBF, 0x88, 0x88, 0x88, 0x08, 0x00, 0x00, 0x00, 0x00, 0xFB, 0x6F, 0x00, 0x00, 0x00,
    0x00, 0x00, 0x00, 0x00, 0x00, 0xFB, 0x6F, 0x00, 0x00, 0x00, 0x00, 0x00, 0x00, 0x00, 0x00, 0xFB,
    0x6F, 0x00, 0x00, 0x00, 0x00, 0x00, 0x00, 0x00, 0x00, 0xFB, 0x6F, 0x00, 0x00, 0x00, 0x00, 0x00,
    0x00, 0x00, 0x00, 0xFB, 0x6F, 0x00, 0x00, 0x00, 0x00, 0x00, 0x00, 0x00, 0x00, 0xFB, 0x6F, 0x00,
    0x00, 0x00, 0x00, 0x00, 0x00, 0x00, 0x00, 0xFB, 0x6F, 0x00, 0x00, 0x00, 0x00, 0x00, 0x00, 0x00,
    0x00, 0xFB, 0x6F, 0x00, 0x00, 0x00, 0x00, 0x00, 0x00, 0x00, 0x00, 0xFB, 0x6F, 0x00, 0x00, 0x00,
    0x00, 0x00, 0x00, 0x00, 0x00, 0xFB, 0x6F, 0x00, 0x00, 0x00, 0x00, 0x00, 0x00, 0x00, 0x00, 0xFB,
    0x6F, 0x00, 0x00, 0x00, 0x00, 0x00, 0x00, 0x00, 0x00, 0xFB, 0x6F, 0x00, 0x00, 0x00, 0x00, 0x00,
    0x00, 0x00, 0x00, 0xFB, 0x6F, 0x00, 0x00, 0x00, 0x00, 0x00, 0x00, 0x00, 0x00, 0xFB, 0x6F, 0x00,
    0x00, 0x00, 0x00, 0x00, 0x00, 0x00, 0x00, 0xFB, 0x6F, 0x00, 0x00, 0x00, 0x00, 0x00, 0x00, 0x00,
    0x00, 0xFB, 0x6F, 0x00, 0x00, 0x00, 0x00, 0x00, 0x00, 0x00, 0x00, 0xFB, 0x6F, 0x00, 0x00, 0x00,
    0x00, 0x00, 0x00, 0x00, 0x00, 0xFB, 0x6F, 0x00, 0x00, 0x00, 0x00, 0x00, 0x00, 0x00, 0x00, 0xFB,
    0x6F, 0x00, 0x00, 0x00, 0x00, 0x00, 0x00, 0x00, 0x00, 0xFB, 0x6F, 0x00, 0x00, 0x00, 0x00, 0x00,
    0x00, 0x00, 0x00, 0xFB, 0x6F, 0x00, 0x00, 0x00, 0x00, 0xFC, 0x5F, 0x00, 0x00, 0x00, 0x00, 0x00,
    0xFE, 0x3F, 0xFC, 0x5F, 0x00, 0x00, 0x00, 0x00, 0x00, 0xFE, 0x3F, 0xFC, 0x5F, 0x00, 0x00, 0x00,
    0x00, 0x00, 0xFE, 0x3F, 0xFC, 0x5F, 0x00, 0x00, 0x00, 0x00, 0x00, 0xFE, 0x3F, 0xFC, 0x5F, 0x00,
    0x00, 0x00, 0x00, 0x00, 0xFE, 0x3F, 0xFC, 0x5F, 0x00, 0x00, 0x00, 0x00, 0x00, 0xFE, 0x3F, 0xFC,
    0x5F, 0x00, 0x00, 0x00, 0x00, 0x00, 0xFE, 0x3F, 0xFC, 0x5F, 0x00, 0x00, 0x00, 0x00, 0x00, 0xFE,
    0x3F, 0xFC, 0x5F, 0x00, 0x00, 0x00, 0x00, 0x00, 0xFE, 0x3F, 0xFC, 0x5F, 0x00, 0x00, 0x00, 0x00,
    0x00, 0xFE, 0x3F, 0xFC, 0x5F, 0x00, 0x00, 0x00, 0x00, 0x00, 0xFE, 0x3F, 0xFC, 0x5F, 0x00, 0x00,
    0x00, 0x00, 0x00, 0xFE, 0x3F, 0xFC, 0x5F, 0x00, 0x00, 0x00, 0x00, 0x00, 0xFE, 0x3F, 0xFC, 0x5F,
    0x00, 0x00, 0x00, 0x00, 0x00, 0xFE, 0x3F, 0xFC, 0x5F, 0x00, 0x00, 0x00, 0x00, 0x00, 0xFE, 0x3F,
    0xFC, 0x5F, 0x00, 0x00, 0x00, 0x00, 0x00, 0xFE, 0x3F, 0xFB, 0x5F, 0x00, 0x00, 0x00, 0x00, 0x00,
    0xFE, 0x3F, 0xFA, 0x7F, 0x00, 0x00, 0x00, 0x00, 0x00, 0xFF, 0x1F, 0xF6, 0xCF, 0x00, 0x00, 0x00,
    0x00, 0x40, 0xFF, 0x0E, 0xF1, 0xFF, 0x04, 0x00, 0x00, 0x00, 0xC0, 0xFF, 0x08, 0x90, 0xFF, 0x5F,
    0x00, 0x00, 0x10, 0xFB, 0xEF, 0x01, 0x00, 0xFC, 0xFF, 0xAE, 0x98, 0xFB, 0xFF, 0x3F, 0x00, 0x00,
    0x90, 0xFF, 0xFF, 0xFF, 0xFF, 0xCF, 0x02, 0x00, 0x00, 0x00, 0x82, 0xEC, 0xFF, 0xAD, 0x04, 0x00,
    0x00, 0xF5, 0xFF, 0x00, 0x00, 0x00, 0x00, 0x00, 0x00, 0xF0, 0xFF, 0x06, 0xF0, 0xFF, 0x05, 0x00,
    0x00, 0x00, 0x00, 0x00, 0xF5, 0xFF, 0x01, 0xA0, 0xFF, 0x0A, 0x00, 0x00, 0x00, 0x00, 0x00, 0xFA,
    0xAF, 0x00, 0x40, 0xFF, 0x0F, 0x00, 0x00, 0x00, 0x00, 0x00, 0xFF, 0x4F, 0x00, 0x00, 0xFE, 0x5F,
    0x00, 0x00, 0x00, 0x00, 0x50, 0xFF, 0x0E, 0x00, 0x00, 0xF8, 0xAF, 0x00, 0x00, 0x00, 0x00, 0xA0,
    0xFF, 0x09, 0x00, 0x00, 0xF3, 0xFF, 0x00, 0x00, 0x00, 0x00, 0xF0, 0xFF, 0x03, 0x00, 0x00, 0xD0,
    0xFF, 0x05, 0x00, 0x00, 0x00, 0xF5, 0xDF, 0x00, 0x00, 0x00, 0x70, 0xFF, 0x0A, 0x00, 0x00, 0x00,
    0xFB, 0x7F, 0x00, 0x00, 0x00, 0x10, 0xFF, 0x0F, 0x00, 0x00, 0x00, 0xFF, 0x2F, 0x00, 0x00, 0x00,
    0x00, 0xFB, 0x5F, 0x00, 0x00, 0x50, 0xFF, 0x0C, 0x00, 0x00, 0x00, 0x00, 0xF6, 0xBF, 0x00, 0x00,
    0xB0, 0xFF, 0x06, 0x00, 0x00, 0x00, 0x00, 0xF0, 0xFF, 0x00, 0x00, 0xF1, 0xFF, 0x01, 0x00, 0x00,
    0x00, 0x00, 0xA0, 0xFF, 0x05, 0x00, 0xF6, 0xAF, 0x00, 0x00, 0x00, 0x00, 0x00, 0x40, 0xFF, 0x0B,
    0x00, 0xFB, 0x5F, 0x00, 0x00, 0x00, 0x00, 0x00, 0x00, 0xFE, 0x0F, 0x10, 0xFF, 0x0E, 0x00, 0x00,
    0x00, 0x00, 0x00, 0x00, 0xF9, 0x5F, 0x60, 0xFF, 0x09, 0x00, 0x00, 0x00, 0x00, 0x00, 0x00, 0xF3,
    0xBF, 0xB0, 0xFF, 0x03, 0x00, 0x00, 0x00, 0x00, 0x00, 0x00, 0xD0, 0xFF, 0xF2, 0xDF, 0x00, 0x00,
    0x00, 0x00, 0x00, 0x00, 0x00, 0x70, 0xFF, 0xFC, 0x8F, 0x00, 0x00, 0x00, 0x00, 0x00, 0x00, 0x00,
    0x20, 0xFF, 0xFF, 0x2F, 0x00, 0x00, 0x00, 0x00, 0x00, 0x00, 0x00, 0x00, 0xFC, 0xFF, 0x0C, 0x00,
    0x00, 0x00, 0x00, 0x00, 0x00, 0x00, 0x00, 0xF6, 0xFF, 0x06, 0x00, 0x00, 0x00, 0x00, 0x00, 0x00,
    0x00, 0x00, 0xF1, 0xFF, 0x01, 0x00, 0x00, 0x00, 0x00, 0xE0, 0xFF, 0x03, 0x00, 0x00, 0x00, 0x90,
    0xFF, 0x04, 0x00, 0x00, 0x00, 0xA0, 0xFF, 0x07, 0xA0, 0xFF, 0x06, 0x00, 0x00, 0x00, 0xE0, 0xFF,
    0x08, 0x00, 0x00, 0x00, 0xE0, 0xFF, 0x03, 0x60, 0xFF, 0x0A, 0x00, 0x00, 0x00, 0xF2, 0xFF, 0x0D,
    0x00, 0x00, 0x00, 0xF1, 0xFF, 0x00, 0x30, 0xFF, 0x0D, 0x00, 0x00, 0x00, 0xF7, 0xFF, 0x1F, 0x00,
    0x00, 0x00, 0xF5, 0xBF, 0x00, 0x00, 0xFF, 0x1F, 0x00, 0x00, 0x00, 0xFB, 0xFF, 0x5F, 0x00, 0x00,
    0x00, 0xF8, 0x7F, 0x00, 0x00, 0xFB, 0x5F, 0x00, 0x00, 0x00, 0xFF, 0xFB, 0xAF, 0x00, 0x00, 0x00,
    0xFC, 0x4F, 0x00, 0x00, 0xF7, 0x8F, 0x00, 0x00, 0x40, 0xFF, 0xC7, 0xEF, 0x00, 0x00, 0x00, 0xFF,
    0x0F, 0x00, 0x00, 0xF3, 0xCF, 0x00, 0x00, 0x80, 0xFF, 0x73, 0xFF, 0x02, 0x00, 0x30, 0xFF, 0x0C,
    0x00, 0x00, 0xF0, 0xFF, 0x00, 0x00, 0xD0, 0xEF, 0x30, 0xFF, 0x07, 0x00, 0x60, 0xFF, 0x08, 0x00,
    0x00, 0xC0, 0xFF, 0x03, 0x00, 0xF1, 0xAF, 0x00, 0xFE, 0x0B, 0x00, 0xA0, 0xFF, 0x04, 0x00, 0x00,
    0x80, 0xFF, 0x07, 0x00, 0xF6, 0x5F, 0x00, 0xFA, 0x0F, 0x00, 0xE0, 0xFF, 0x01, 0x00, 0x00, 0x40,
    0xFF, 0x0A, 0x00, 0xFA, 0x1F, 0x00, 0xF6, 0x4F, 0x00, 0xF1, 0xDF, 0x00, 0x00, 0x00, 0x10, 0xFF,
    0x0E, 0x00, 0xFE, 0x0C, 0x00, 0xF1, 0x8F, 0x00, 0xF5, 0x9F, 0x00, 0x00, 0x00, 0x00, 0xFD, 0x1F,
    0x30, 0xFF, 0x07, 0x00, 0xD0, 0xCF, 0x00, 0xF8, 0x5F, 0x00, 0x00, 0x00, 0x00, 0xF9, 0x5F, 0x70,
    0xFF, 0x03, 0x00, 0x90, 0xFF, 0x01, 0xFC, 0x1F, 0x00, 0x00, 0x00, 0x00, 0xF5, 0x9F, 0xC0, 0xEF,
    0x00, 0x00, 0x40, 0xFF, 0x05, 0xFF, 0x0E, 0x00, 0x00, 0x00, 0x00, 0xF1, 0xCF, 0xF0, 0x9F, 0x00,
    0x00, 0x00, 0xFF, 0x39, 0xFF, 0x0A, 0x00, 0x00, 0x00, 0x00, 0xE0, 0xEF, 0xF4, 0x5F, 0x00, 0x00,
    0x00, 0xFB, 0x5D, 0xFF, 0x06, 0x00, 0x00, 0x00, 0x00, 0xA0, 0xFF, 0xF9, 0x0F, 0x00, 0x00, 0x00,
    0xF7, 0x9F, 0xFF, 0x02, 0x00, 0x00, 0x00, 0x00, 0x60, 0xFF, 0xFE, 0x0C, 0x00, 0x00, 0x00, 0xF2,
    0xEF, 0xEF, 0x00, 0x00, 0x00, 0x00, 0x00, 0x20, 0xFF, 0xFF, 0x07, 0x00, 0x00, 0x00, 0xE0, 0xFF,
    0xBF, 0x00, 0x00, 0x00, 0x00, 0x00, 0x00, 0xFE, 0xFF, 0x02, 0x00, 0x00, 0x00, 0xA0, 0xFF, 0x7F,
    0x00, 0x00, 0x00, 0x00, 0x00, 0x00, 0xFB, 0xEF, 0x00, 0x00, 0x00, 0x00, 0x50, 0xFF, 0x3F, 0x00,
    0x00, 0x00, 0x00, 0x00, 0x00, 0xF7, 0x9F, 0x00, 0x00, 0x00, 0x00, 0x10, 0xFF, 0x0F, 0x00, 0x00,
    0x00, 0x90, 0xFF, 0x1E, 0x00, 0x00, 0x00, 0x00, 0x40, 0xFF, 0x5F, 0x10, 0xFE, 0xAF, 0x00, 0x00,
    0x00, 0x00, 0xE0, 0xFF, 0x0B, 0x00, 0xF5, 0xFF, 0x04, 0x00, 0x00, 0x00, 0xF8, 0xFF, 0x02, 0x00,
    0xB0, 0xFF, 0x0D, 0x00, 0x00, 0x20, 0xFF, 0x7F, 0x00, 0x00, 0x20, 0xFF, 0x7F, 0x00, 0x00, 0xB0,
    0xFF, 0x0D, 0x00, 0x00, 0x00, 0xF7, 0xFF, 0x02, 0x00, 0xF5, 0xFF, 0x03, 0x00, 0x00, 0x00, 0xD0,
    0xFF, 0x0B, 0x10, 0xFE, 0x9F, 0x00, 0x00, 0x00, 0x00, 0x30, 0xFF, 0x5F, 0x90, 0xFF, 0x1E, 0x00,
    0x00, 0x00, 0x00, 0x00, 0xF9, 0xEF, 0xF4, 0xFF, 0x05, 0x00, 0x00, 0x00, 0x00, 0x00, 0xE1, 0xFF,
    0xFF, 0xBF, 0x00, 0x00, 0x00, 0x00, 0x00, 0x00, 0x50, 0xFF, 0xFF, 0x2F, 0x00, 0x00, 0x00, 0x00,
    0x00, 0x00, 0x00, 0xFB, 0xFF, 0x07, 0x00, 0x00, 0x00, 0x00, 0x00, 0x00, 0x00, 0xFD, 0xFF, 0x09,
    0x00, 0x00, 0x00, 0x00, 0x00, 0x00, 0x70, 0xFF, 0xFF, 0x3F, 0x00, 0x00, 0x00, 0x00, 0x00, 0x00,
    0xF2, 0xFF, 0xFE, 0xDF, 0x00, 0x00, 0x00, 0x00, 0x00, 0x00, 0xFB, 0xDF, 0xF2, 0xFF, 0x07, 0x00,
    0x00, 0x00, 0x00, 0x50, 0xFF, 0x3F, 0x70, 0xFF, 0x2F, 0x00, 0x00, 0x00, 0x00, 0xE1, 0xFF, 0x09,
    0x00, 0xFD, 0xBF, 0x00, 0x00, 0x00, 0x00, 0xF9, 0xEF, 0x01, 0x00, 0xF4, 0xFF, 0x05, 0x00, 0x00,
    0x40, 0xFF, 0x5F, 0x00, 0x00, 0xA0, 0xFF, 0x1E, 0x00, 0x00, 0xD0, 0xFF, 0x0B, 0x00, 0x00, 0x10,
    0xFE, 0x9F, 0x00, 0x00, 0xF8, 0xFF, 0x02, 0x00, 0x00, 0x00, 0xF6, 0xFF, 0x03, 0x20, 0xFF, 0x8F,
    0x00, 0x00, 0x00, 0x00, 0xC0, 0xFF, 0x0D, 0xC0, 0xFF, 0x0D, 0x00, 0x00, 0x00, 0x00, 0x20, 0xFF,
    0x7F, 0xF8, 0xFF, 0x01, 0x00, 0x00, 0x00, 0x00, 0x40, 0xFF, 0x3F, 0xE0, 0xFF, 0x08, 0x00, 0x00,
    0x00, 0x00, 0xC0, 0xFF, 0x0B, 0x60, 0xFF, 0x1F, 0x00, 0x00, 0x00, 0x00, 0xF4, 0xFF, 0x02, 0x00,
    0xFD, 0x8F, 0x00, 0x00, 0x00, 0x00, 0xFC, 0xAF, 0x00, 0x00, 0xF5, 0xFF, 0x01, 0x00, 0x00, 0x40,
    0xFF, 0x1F, 0x00, 0x00, 0xC0, 0xFF, 0x08, 0x00, 0x00, 0xC0, 0xFF, 0x08, 0x00, 0x00, 0x40, 0xFF,
    0x1F, 0x00, 0x00, 0xF4, 0xFF, 0x01, 0x00, 0x00, 0x00, 0xFB, 0x9F, 0x00, 0x00, 0xFC, 0x7F, 0x00,
    0x00, 0x00, 0x00, 0xF3, 0xFF, 0x01, 0x50, 0xFF, 0x0E, 0x00, 0x00, 0x00, 0x00, 0xA0, 0xFF, 0x09,
    0xD0, 0xFF, 0x06, 0x00, 0x00, 0x00, 0x00, 0x20, 0xFF, 0x1F, 0xF5, 0xDF, 0x00, 0x00, 0x00, 0x00,
    0x00, 0x00, 0xF9, 0x9F, 0xFD, 0x5F, 0x00, 0x00, 0x00, 0x00, 0x00, 0x00, 0xF1, 0xFF, 0xFF, 0x0C,
    0x00, 0x00, 0x00, 0x00, 0x00, 0x00, 0x80, 0xFF, 0xFF, 0x04, 0x00, 0x00, 0x00, 0x00, 0x00, 0x00,
    0x00, 0xFE, 0xBF, 0x00, 0x00, 0x00, 0x00, 0x00, 0x00, 0x00, 0x00, 0xFA, 0x6F, 0x00, 0x00, 0x00,
    0x00, 0x00, 0x00, 0x00, 0x00, 0xFA, 0x6F, 0x00, 0x00, 0x00, 0x00, 0x00, 0x00, 0x00, 0x00, 0xFA,
    0x6F, 0x00, 0x00, 0x00, 0x00, 0x00, 0x00, 0x00, 0x00, 0xFA, 0x6F, 0x00, 0x00, 0x00, 0x00, 0x00,
    0x00, 0x00, 0x00, 0xFA, 0x6F, 0x00, 0x00, 0x00, 0x00, 0x00, 0x00, 0x00, 0x00, 0xFA, 0x6F, 0x00,
    0x00, 0x00, 0x00, 0x00, 0x00, 0x00, 0x00, 0xFA, 0x6F, 0x00, 0x00, 0x00, 0x00, 0x00, 0x00, 0x00,
    0x00, 0xFA, 0x6F, 0x00, 0x00, 0x00, 0x00, 0x00, 0x00, 0x00, 0x00, 0xFA, 0x6F, 0x00, 0x00, 0x00,
    0x00, 0xF6, 0xFF, 0xFF, 0xFF, 0xFF, 0xFF, 0xFF, 0xFF, 0x0F, 0xF6, 0xFF, 0xFF, 0xFF, 0xFF, 0xFF,
    0xFF, 0xFF, 0x0F, 0x83, 0x88, 0x88, 0x88, 0x88, 0x88, 0xF8, 0xFF, 0x0C, 0x00, 0x00, 0x00, 0x00,
    0x00, 0x00, 0xF6, 0xFF, 0x02, 0x00, 0x00, 0x00, 0x00, 0x00, 0x10, 0xFF, 0x7F, 0x00, 0x00, 0x00,
    0x00, 0x00, 0x00, 0xB0, 0xFF, 0x0C, 0x00, 0x00, 0x00, 0x00, 0x00, 0x00, 0xF6, 0xFF, 0x02, 0x00,
    0x00, 0x00, 0x00, 0x00, 0x20, 0xFF, 0x6F, 0x00, 0x00, 0x00, 0x00, 0x00, 0x00, 0xB0, 0xFF, 0x0C,
    0x00, 0x00, 0x00, 0x00, 0x00, 0x00, 0xF6, 0xFF, 0x02, 0x00, 0x00, 0x00, 0x00, 0x00, 0x20, 0xFF,
    0x6F, 0x00, 0x00, 0x00, 0x00, 0x00, 0x00, 0xC0, 0xFF, 0x0B, 0x00, 0x00, 0x00, 0x00, 0x00, 0x00,
    0xF7, 0xFF, 0x02, 0x00, 0x00, 0x00, 0x00, 0x00, 0x20, 0xFF, 0x6F, 0x00, 0x00, 0x00, 0x00, 0x00,
    0x00, 0xC0, 0xFF, 0x0B, 0x00, 0x00, 0x00, 0x00, 0x00, 0x00, 0xF7, 0xFF, 0x01, 0x00, 0x00, 0x00,
    0x00, 0x00, 0x20, 0xFF, 0x6F, 0x00, 0x00, 0x00, 0x00, 0x00, 0x00, 0xC0, 0xFF, 0x0B, 0x00, 0x00,
    0x00, 0x00, 0x00, 0x00, 0xF7, 0xEF, 0x01, 0x00, 0x00, 0x00, 0x00, 0x00, 0x20, 0xFF, 0x5F, 0x00,
    0x00, 0x00, 0x00, 0x00, 0x00, 0xC0, 0xFF, 0x0B, 0x00, 0x00, 0x00, 0x00, 0x00, 0x00, 0xF7, 0xFF,
    0x8A, 0x88, 0x88, 0x88, 0x88, 0x88, 0x38, 0xF9, 0xFF, 0xFF, 0xFF, 0xFF, 0xFF, 0xFF, 0xFF, 0x7F,
    0xF9, 0xFF, 0xFF, 0xFF, 0xFF, 0xFF, 0xFF, 0xFF, 0x7F, 0xFA, 0xFF, 0xFF, 0x06, 0xFA, 0xFF, 0xFF,
    0x06, 0xFA, 0xAF, 0x77, 0x03, 0xFA, 0x5F, 0x00, 0x00, 0xFA, 0x5F, 0x00, 0x00, 0xFA, 0x5F, 0x00,
    0x00, 0xFA, 0x5F, 0x00, 0x00, 0xFA, 0x5F, 0x00, 0x00, 0xFA, 0x5F, 0x00, 0x00, 0xFA, 0x5F, 0x00,
    0x00, 0xFA, 0x5F, 0x00, 0x00, 0xFA, 0x5F, 0x00, 0x00, 0xFA, 0x5F, 0x00, 0x00, 0xFA, 0x5F, 0x00,
    0x00, 0xFA, 0x5F, 0x00, 0x00, 0xFA, 0x5F, 0x00, 0x00, 0xFA, 0x5F, 0x00, 0x00, 0xFA, 0x5F, 0x00,
    0x00, 0xFA, 0x5F, 0x00, 0x00, 0xFA, 0x5F, 0x00, 0x00, 0xFA, 0x5F, 0x00, 0x00, 0xFA, 0x5F, 0x00,
    0x00, 0xFA, 0x5F, 0x00, 0x00, 0xFA, 0x5F, 0x00, 0x00, 0xFA, 0x5F, 0x00, 0x00, 0xFA, 0x5F, 0x00,
    0x00, 0xFA, 0x5F, 0x00, 0x00, 0xFA, 0x5F, 0x00, 0x00, 0xFA, 0x5F, 0x00, 0x00, 0xFA, 0xAF, 0x77,
    0x03, 0xFA, 0xFF, 0xFF, 0x06, 0xFA, 0xFF, 0xFF, 0x06, 0xF2, 0xAF, 0x00, 0x00, 0x00, 0x00, 0x00,
    0xC0, 0xFF, 0x01, 0x00, 0x00, 0x00, 0x00, 0x60, 0xFF, 0x06, 0x00, 0x00, 0x00, 0x00, 0x10, 0xFF,
    0x0C, 0x00, 0x00, 0x00, 0x00, 0x00, 0xFA, 0x2F, 0x00, 0x00, 0x00, 0x00, 0x00, 0xF4, 0x8F, 0x00,
    0x00, 0x00, 0x00, 0x00, 0xE0, 0xEF, 0x00, 0x00, 0x00, 0x00, 0x00, 0x80, 0xFF, 0x04, 0x00, 0x00,
    0x00, 0x00, 0x20, 0xFF, 0x0A, 0x00, 0x00, 0x00, 0x00, 0x00, 0xFC, 0x1F, 0x00, 0x00, 0x00, 0x00,
    0x00, 0xF6, 0x7F, 0x00, 0x00, 0x00, 0x00, 0x00, 0xF0, 0xDF, 0x00, 0x00, 0x00, 0x00, 0x00, 0xA0,
    0xFF, 0x03, 0x00, 0x00, 0x00, 0x00, 0x40, 0xFF, 0x09, 0x00, 0x00, 0x00, 0x00, 0x00, 0xFE, 0x0E,
    0x00, 0x00, 0x00, 0x00, 0x00, 0xF8, 0x5F, 0x00, 0x00, 0x00, 0x00, 0x00, 0xF2, 0xBF, 0x00, 0x00,
    0x00, 0x00, 0x00, 0xC0, 0xFF, 0x01, 0x00, 0x00, 0x00, 0x00, 0x60, 0xFF, 0x07, 0x00, 0x00, 0x00,
    0x00, 0x00, 0xFF, 0x0D, 0x00, 0x00, 0x00, 0x00, 0x00, 0xFA, 0x3F, 0x00, 0x00, 0x00, 0x00, 0x00,
    0xF4, 0x9F, 0x00, 0x00, 0x00, 0x00, 0x00, 0xE0, 0xEF, 0x00, 0x00, 0x00, 0x00, 0x00, 0x80, 0xFF,
    0x05, 0x00, 0x00, 0x00, 0x00, 0x20, 0xFF, 0x0B, 0x00, 0x00, 0x00, 0x00, 0x00, 0xFC, 0x1F, 0xFD,
    0xFF, 0xFF, 0x03, 0xFD, 0xFF, 0xFF, 0x03, 0x76, 0xD7, 0xFF, 0x03, 0x00, 0xC0, 0xFF, 0x03, 0x00,
    0xC0, 0xFF, 0x03, 0x00, 0xC0, 0xFF, 0x03, 0x00, 0xC0, 0xFF, 0x03, 0x00, 0xC0, 0xFF, 0x03, 0x00,
    0xC0, 0xFF, 0x03, 0x00, 0xC0, 0xFF, 0x03, 0x00, 0xC0, 0xFF, 0x03, 0x00, 0xC0, 0xFF, 0x03, 0x00,
    0xC0, 0xFF, 0x03, 0x00, 0xC0, 0xFF, 0x03, 0x00, 0xC0, 0xFF, 0x03, 0x00, 0xC0, 0xFF, 0x03, 0x00,
    0xC0, 0xFF, 0x03, 0x00, 0xC0, 0xFF, 0x03, 0x00, 0xC0, 0xFF, 0x03, 0x00, 0xC0, 0xFF, 0x03, 0x00,
    0xC0, 0xFF, 0x03, 0x00, 0xC0, 0xFF, 0x03, 0x00, 0xC0, 0xFF, 0x03, 0x00, 0xC0, 0xFF, 0x03, 0x00,
    0xC0, 0xFF, 0x03, 0x00, 0xC0, 0xFF, 0x03, 0x00, 0xC0, 0xFF, 0x03, 0x00, 0xC0, 0xFF, 0x03, 0x00,
    0xC0, 0xFF, 0x03, 0x76, 0xD7, 0xFF, 0x03, 0xFD, 0xFF, 0xFF, 0x03, 0xFD, 0xFF, 0xFF, 0x03, 0x00,
    0x00, 0xF5, 0x1F, 0x00, 0x00, 0x00, 0x00, 0xFC, 0x7F, 0x00, 0x00, 0x00, 0x20, 0xFF, 0xEF, 0x00,
    0x00, 0x00, 0x90, 0xFF, 0xFF, 0x04, 0x00, 0x00, 0xE0, 0xAF, 0xFE, 0x0B, 0x00, 0x00, 0xF5, 0x4F,
    0xF8, 0x1F, 0x00, 0x00, 0xFC, 0x0E, 0xF2, 0x7F, 0x00, 0x20, 0xFF, 0x08, 0xC0, 0xEF, 0x00, 0x90,
    0xFF, 0x02, 0x60, 0xFF, 0x04, 0xE0, 0xBF, 0x00, 0x00, 0xFF, 0x0B, 0xF5, 0x5F, 0x00, 0x00, 0xFA,
    0x1F, 0xFC, 0x0F, 0x00, 0x00, 0xF4, 0x8F, 0xFF, 0xFF, 0xFF, 0xFF, 0xFF, 0xFF, 0xFF, 0x0D, 0xFF,
    0xFF, 0xFF, 0xFF, 0xFF, 0xFF, 0xFF, 0x0D, 0x76, 0x77, 0x77, 0x77, 0x77, 0x77, 0x77, 0x05, 0xA0,
    0xFF, 0x0D, 0x00, 0x00, 0xFC, 0x8F, 0x00, 0x00, 0xE1, 0xFF, 0x04, 0x00, 0x30, 0xFF, 0x0E, 0x00,
    0x00, 0xE5, 0x4B, 0x00, 0x00, 0x94, 0xFD, 0xEF, 0x4A, 0x00, 0x00, 0x00, 0xB1, 0xFF, 0xFF, 0xFF,
    0xFF, 0x0A, 0x00, 0x00, 0xFD, 0xFF, 0x79, 0xB7, 0xFF, 0x8F, 0x00, 0x70, 0xFF, 0x1C, 0x00, 0x00,
    0xF4, 0xFF, 0x01, 0xC0, 0xFF, 0x03, 0x00, 0x00, 0xB0, 0xFF, 0x06, 0x00, 0x00, 0x00, 0x00, 0x00,
    0x70, 0xFF, 0x08, 0x00, 0x00, 0x00, 0x00, 0x00, 0x70, 0xFF, 0x08, 0x00, 0x00, 0xA5, 0xED, 0xFF,
    0xFF, 0xFF, 0x08, 0x00, 0xD3, 0xFF, 0xFF, 0xFF, 0xFF, 0xFF, 0x08, 0x30, 0xFF, 0xBF, 0x36, 0x12,
    0x81, 0xFF, 0x08, 0xC0, 0xFF, 0x07, 0x00, 0x00, 0x70, 0xFF, 0x08, 0xF1, 0xEF, 0x00, 0x00, 0x00,
    0x70, 0xFF, 0x08, 0xF3, 0xCF, 0x00, 0x00, 0x00, 0x70, 0xFF, 0x08, 0xF2, 0xFF, 0x00, 0x00, 0x00,
    0xE1, 0xFF, 0x08, 0xE0, 0xFF, 0x0A, 0x00, 0x30, 0xFD, 0xFF, 0x09, 0x70, 0xFF, 0xEF, 0xAA, 0xFD,
    0xFF, 0xFF, 0x0A, 0x00, 0xF9, 0xFF, 0xFF, 0xFF, 0x6B, 0xFF, 0x0C, 0x00, 0x40, 0xEA, 0xEF, 0x5B,
    0x10, 0xFF, 0x1F, 0xFC, 0x3F, 0x00, 0x00, 0x00, 0x00, 0x00, 0x00, 0xFC, 0x3F, 0x00, 0x00, 0x00,
    0x00, 0x00, 0x00, 0xFC, 0x3F, 0x00, 0x00, 0x00, 0x00, 0x00, 0x00, 0xFC, 0x3F, 0x00, 0x00, 0x00,
    0x00, 0x00, 0x00, 0xFC, 0x3F, 0x00, 0x00, 0x00, 0x00, 0x00, 0x00, 0xFC, 0x3F, 0x00, 0x00, 0x00,
    0x00, 0x00, 0x00, 0xFC, 0x3F, 0x00, 0x00, 0x00, 0x00, 0x00, 0x00, 0xFC, 0x3F, 0x70, 0xEC, 0xDF,
    0x29, 0x00, 0x00, 0xFC, 0x5F, 0xFD, 0xFF, 0xFF, 0xFF, 0x05, 0x00, 0xFC, 0xFF, 0xEF, 0x8A, 0xFA,
    0xFF, 0x4F, 0x00, 0xFC, 0xFF, 0x09, 0x00, 0x10, 0xFB, 0xDF, 0x00, 0xFC, 0xBF, 0x00, 0x00, 0x00,
    0xE0, 0xFF, 0x04, 0xFC, 0x4F, 0x00, 0x00, 0x00, 0x70, 0xFF, 0x09, 0xFC, 0x3F, 0x00, 0x00, 0x00,
    0x30, 0xFF, 0x0C, 0xFC, 0x3F, 0x00, 0x00, 0x00, 0x00, 0xFF, 0x0E, 0xFC, 0x3F, 0x00, 0x00, 0x00,
    0x00, 0xFF, 0x0F, 0xFC, 0x3F, 0x00, 0x00, 0x00, 0x00, 0xFF, 0x0F, 0xFC, 0x3F, 0x00, 0x00, 0x00,
    0x10, 0xFF, 0x0E, 0xFC, 0x3F, 0x00, 0x00, 0x00, 0x30, 0xFF, 0x0D, 0xFC, 0x4F, 0x00, 0x00, 0x00,
    0x80, 0xFF, 0x09, 0xFC, 0xBF, 0x00, 0x00, 0x00, 0xE0, 0xFF, 0x04, 0xFC, 0xFF, 0x0A, 0x00, 0x10,
    0xFC, 0xDF, 0x00, 0xFC, 0xFF, 0xEF, 0x8A, 0xFA, 0xFF, 0x3F, 0x00, 0xFC, 0x3F, 0xFD, 0xFF, 0xFF,
    0xFF, 0x05, 0x00, 0xFC, 0x0F, 0x70, 0xEC, 0xDF, 0x29, 0x00, 0x00, 0x00, 0x00, 0x82, 0xFD, 0xEF,
    0x4A, 0x00, 0x00, 0x00, 0x60, 0xFF, 0xFF, 0xFF, 0xFF, 0x0A, 0x00, 0x00, 0xF7, 0xFF, 0x8C, 0xA7,
    0xFF, 0xBF, 0x00, 0x20, 0xFF, 0x5F, 0x00, 0x00, 0xD2, 0xFF, 0x06, 0xB0, 0xFF, 0x07, 0x00, 0x00,
    0x30, 0xFF, 0x0D, 0xF0, 0xFF, 0x00, 0x00, 0x00, 0x00, 0xFC, 0x1F, 0xF4, 0xBF, 0x00, 0x00, 0x00,
    0x00, 0x53, 0x05, 0xF6, 0x8F, 0x00, 0x00, 0x00, 0x00, 0x00, 0x00, 0xF7, 0x7F, 0x00, 0x00, 0x00,
    0x00, 0x00, 0x00, 0xF7, 0x7F, 0x00, 0x00, 0x00, 0x00, 0x00, 0x00, 0xF6, 0x8F, 0x00, 0x00, 0x00,
    0x00, 0x00, 0x00, 0xF4, 0xAF, 0x00, 0x00, 0x00, 0x00, 0x00, 0x00, 0xF1, 0xEF, 0x00, 0x00, 0x00,
    0x00, 0xD9, 0x1D, 0xB0, 0xFF, 0x06, 0x00, 0x00, 0x10, 0xFF, 0x0E, 0x30, 0xFF, 0x4F, 0x00, 0x00,
    0xC2, 0xFF, 0x06, 0x00, 0xF7, 0xFF, 0x8C, 0xA7, 0xFF, 0xBF, 0x00, 0x00, 0x70, 0xFF, 0xFF, 0xFF,
    0xFF, 0x09, 0x00, 0x00, 0x00, 0x82, 0xFD, 0xDF, 0x39, 0x00, 0x00, 0x00, 0x00, 0x00, 0x00, 0x00,
    0x00, 0xFB, 0x4F, 0x00, 0x00, 0x00, 0x00, 0x00, 0x00, 0xFB, 0x4F, 0x00, 0x00, 0x00, 0x00, 0x00,
    0x00, 0xFB, 0x4F, 0x00, 0x00, 0x00, 0x00, 0x00, 0x00, 0xFB, 0x4F, 0x00, 0x00, 0x00, 0x00, 0x00,
    0x00, 0xFB, 0x4F, 0x00, 0x00, 0x00, 0x00, 0x00, 0x00, 0xFB, 0x4F, 0x00, 0x00, 0x00, 0x00, 0x00,
    0x00, 0xFB, 0x4F, 0x00, 0x00, 0xB4, 0xFE, 0xAE, 0x04, 0xFB, 0x4F, 0x00, 0x90, 0xFF, 0xFF, 0xFF,
    0x9F, 0xFB, 0x4F, 0x00, 0xF9, 0xFF, 0x9D, 0xB9, 0xFF, 0xFF, 0x4F, 0x30, 0xFF, 0x7F, 0x00, 0x00,
    0xD2, 0xFF, 0x4F, 0xB0, 0xFF, 0x09, 0x00, 0x00, 0x20, 0xFF, 0x4F, 0xF0, 0xFF, 0x01, 0x00, 0x00,
    0x00, 0xFB, 0x4F, 0xF4, 0xCF, 0x00, 0x00, 0x00, 0x00, 0xFB, 0x4F, 0xF6, 0x9F, 0x00, 0x00, 0x00,
    0x00, 0xFB, 0x4F, 0xF7, 0x8F, 0x00, 0x00, 0x00, 0x00, 0xFB, 0x4F, 0xF7, 0x8F, 0x00, 0x00, 0x00,
    0x00, 0xFB, 0x4F, 0xF6, 0x9F, 0x00, 0x00, 0x00, 0x00, 0xFB, 0x4F, 0xF3, 0xCF, 0x00, 0x00, 0x00,
    0x00, 0xFB, 0x4F, 0xF0, 0xFF, 0x01, 0x00, 0x00, 0x00, 0xFB, 0x4F, 0xA0, 0xFF, 0x08, 0x00, 0x00,
    0x20, 0xFF, 0x4F, 0x30, 0xFF, 0x6F, 0x00, 0x00, 0xD2, 0xFF, 0x4F, 0x00, 0xF8, 0xFF, 0x9D, 0xB9,
    0xFF, 0xFF, 0x4F, 0x00, 0x90, 0xFF, 0xFF, 0xFF, 0x9F, 0xF9, 0x4F, 0x00, 0x00, 0xB4, 0xFE, 0xAE,
    0x04, 0xF8, 0x4F, 0x00, 0x00, 0x70, 0xFC, 0xDF, 0x4A, 0x00, 0x00, 0x00, 0x30, 0xFE, 0xFF, 0xFF,
    0xFF, 0x0A, 0x00, 0x00, 0xF4, 0xFF, 0x8C, 0xA7, 0xFF, 0xAF, 0x00, 0x10, 0xFE, 0x5F, 0x00, 0x00,
    0xE2, 0xFF, 0x04, 0x80, 0xFF, 0x07, 0x00, 0x00, 0x50, 0xFF, 0x0B, 0xE0, 0xFF, 0x00, 0x00, 0x00,
    0x00, 0xFF, 0x0F, 0xF3, 0xBF, 0x00, 0x00, 0x00, 0x00, 0xFC, 0x2F, 0xF5, 0xFF, 0xFF, 0xFF, 0xFF,
    0xFF, 0xFF, 0x3F, 0xF7, 0xFF, 0xFF, 0xFF, 0xFF, 0xFF, 0xFF, 0x4F, 0xF7, 0xBF, 0x77, 0x77, 0x77,
    0x77, 0x77, 0x27, 0xF6, 0x9F, 0x00, 0x00, 0x00, 0x00, 0x00, 0x00, 0xF4, 0xCF, 0x00, 0x00, 0x00,
    0x00, 0x00, 0x00, 0xF1, 0xFF, 0x02, 0x00, 0x00, 0x00, 0x00, 0x00, 0xB0, 0xFF, 0x0B, 0x00, 0x00,
    0x00, 0x81, 0x00, 0x30, 0xFF, 0xAF, 0x00, 0x00, 0x30, 0xFE, 0x0B, 0x00, 0xF6, 0xFF, 0x9E, 0x87,
    0xFC, 0xFF, 0x05, 0x00, 0x50, 0xFF, 0xFF, 0xFF, 0xFF, 0x5E, 0x00, 0x00, 0x00, 0x71, 0xEC, 0xEF,
    0x7C, 0x01, 0x00, 0x00, 0x00, 0x00, 0xC6, 0xFE, 0x5E, 0x00, 0x00, 0xC0, 0xFF, 0xFF, 0x6F, 0x00,
    0x00, 0xF9, 0xFF, 0x9C, 0x49, 0x00, 0x00, 0xFF, 0x6F, 0x00, 0x00, 0x00, 0x30, 0xFF, 0x0D, 0x00,
    0x00, 0x00, 0x40, 0xFF, 0x0B, 0x00, 0x00, 0x00, 0x40, 0xFF, 0x0B, 0x00, 0x00, 0xF0, 0xFF, 0xFF,
    0xFF, 0xFF, 0x06, 0xF0, 0xFF, 0xFF, 0xFF, 0xFF, 0x06, 0x40, 0x74, 0xFF, 0x4C, 0x44, 0x02, 0x00,
    0x40, 0xFF, 0x0B, 0x00, 0x00, 0x00, 0x40, 0xFF, 0x0B, 0x00, 0x00, 0x00, 0x40, 0xFF, 0x0B, 0x00,
    0x00, 0x00, 0x40, 0xFF, 0x0B, 0x00, 0x00, 0x00, 0x40, 0xFF, 0x0B, 0x00, 0x00, 0x00, 0x40, 0xFF,
    0x0B, 0x00, 0x00, 0x00, 0x40, 0xFF, 0x0B, 0x00, 0x00, 0x00, 0x40, 0xFF, 0x0B, 0x00, 0x00, 0x00,
    0x40, 0xFF, 0x0B, 0x00, 0x00, 0x00, 0x40, 0xFF, 0x0B, 0x00, 0x00, 0x00, 0x40, 0xFF, 0x0B, 0x00,
    0x00, 0x00, 0x40, 0xFF, 0x0B, 0x00, 0x00, 0x00, 0x40, 0xFF, 0x0B, 0x00, 0x00, 0x00, 0x40, 0xFF,
    0x0B, 0x00, 0x00, 0x00, 0x40, 0xFF, 0x0B, 0x00, 0x00, 0x00, 0x00, 0xB4, 0xFE, 0xAE, 0x04, 0xF7,
    0x4F, 0x00, 0xA0, 0xFF, 0xFF, 0xFF, 0x9F, 0xF9, 0x4F, 0x00, 0xF9, 0xFF, 0x9D, 0xB9, 0xFF, 0xFF,
    0x4F, 0x40, 0xFF, 0x7F, 0x00, 0x00, 0xD2, 0xFF, 0x4F, 0xB0, 0xFF, 0x09, 0x00, 0x00, 0x20, 0xFF,
    0x4F, 0xF0, 0xFF, 0x01, 0x00, 0x00, 0x00, 0xFB, 0x4F, 0xF3, 0xDF, 0x00, 0x00, 0x00, 0x00, 0xFB,
    0x4F, 0xF5, 0xAF, 0x00, 0x00, 0x00, 0x00, 0xFB, 0x4F, 0xF6, 0x9F, 0x00, 0x00, 0x00, 0x00, 0xFB,
    0x4F, 0xF6, 0x9F, 0x00, 0x00, 0x00, 0x00, 0xFB, 0x4F, 0xF5, 0xAF, 0x00, 0x00, 0x00, 0x00, 0xFB,
    0x4F, 0xF3, 0xCF, 0x00, 0x00, 0x00, 0x00, 0xFB, 0x4F, 0xF0, 0xFF, 0x01, 0x00, 0x00, 0x00, 0xFB,
    0x4F, 0xA0, 0xFF, 0x09, 0x00, 0x00, 0x20, 0xFF, 0x4F, 0x30, 0xFF, 0x7F, 0x00, 0x00, 0xD2, 0xFF,
    0x4F, 0x00, 0xF8, 0xFF, 0x9D, 0xB9, 0xFF, 0xFF, 0x4F, 0x00, 0x90, 0xFF, 0xFF, 0xFF, 0xAF, 0xFB,
    0x4F, 0x00, 0x00, 0xB4, 0xFE, 0xBE, 0x04, 0xFB, 0x4F, 0x00, 0x00, 0x00, 0x00, 0x00, 0x00, 0xFC,
    0x3F, 0x00, 0x00, 0x00, 0x00, 0x00, 0x00, 0xFF, 0x1F, 0x00, 0x88, 0x00, 0x00, 0x00, 0x60, 0xFF,
    0x0C, 0x40, 0xFF, 0x09, 0x00, 0x00, 0xF4, 0xFF, 0x05, 0x10, 0xFD, 0xEF, 0x79, 0xC8, 0xFF, 0xAF,
    0x00, 0x00, 0xB1, 0xFF, 0xFF, 0xFF, 0xFF, 0x09, 0x00, 0x00, 0x00, 0x93, 0xFD, 0xDF, 0x39, 0x00,
    0x00, 0xFC, 0x3F, 0x00, 0x00, 0x00, 0x00, 0x00, 0xFC, 0x3F, 0x00, 0x00, 0x00, 0x00, 0x00, 0xFC,
    0x3F, 0x00, 0x00, 0x00, 0x00, 0x00, 0xFC, 0x3F, 0x00, 0x00, 0x00, 0x00, 0x00, 0xFC, 0x3F, 0x00,
    0x00, 0x00, 0x00, 0x00, 0xFC, 0x3F, 0x00, 0x00, 0x00, 0x00, 0x00, 0xFC, 0x3F, 0x00, 0x00, 0x00,
    0x00, 0x00, 0xFC, 0x3F, 0x50, 0xEB, 0xEF, 0x3A, 0x00, 0xFC, 0x4F, 0xFB, 0xFF, 0xFF, 0xFF, 0x06,
    0xFC, 0xEF, 0xFF, 0x9A, 0xFA, 0xFF, 0x2F, 0xFC, 0xFF, 0x1B, 0x00, 0x10, 0xFD, 0x8F, 0xFC, 0xCF,
    0x00, 0x00, 0x00, 0xF4, 0xCF, 0xFC, 0x4F, 0x00, 0x00, 0x00, 0xF1, 0xEF, 0xFC, 0x3F, 0x00, 0x00,
    0x00, 0xF0, 0xFF, 0xFC, 0x3F, 0x00, 0x00, 0x00, 0xF0, 0xFF, 0xFC, 0x3F, 0x00, 0x00, 0x00, 0xF0,
    0xFF, 0xFC, 0x3F, 0x00, 0x00, 0x00, 0xF0, 0xFF, 0xFC, 0x3F, 0x00, 0x00, 0x00, 0xF0, 0xFF, 0xFC,
    0x3F, 0x00, 0x00, 0x00, 0xF0, 0xFF, 0xFC, 0x3F, 0x00, 0x00, 0x00, 0xF0, 0xFF, 0xFC, 0x3F, 0x00,
    0x00, 0x00, 0xF0, 0xFF, 0xFC, 0x3F, 0x00, 0x00, 0x00, 0xF0, 0xFF, 0xFC, 0x3F, 0x00, 0x00, 0x00,
    0xF0, 0xFF, 0xFC, 0x3F, 0x00, 0x00, 0x00, 0xF0, 0xFF, 0xFC, 0x3F, 0x00, 0x00, 0x00, 0xF0, 0xFF,
    0x50, 0x05, 0xF8, 0x9F, 0xFB, 0xBF, 0xE4, 0x4E, 0x00, 0x00, 0x00, 0x00, 0x00, 0x00, 0xF7, 0x8F,
    0xF7, 0x8F, 0xF7, 0x8F, 0xF7, 0x8F, 0xF7, 0x8F, 0xF7, 0x8F, 0xF7, 0x8F, 0xF7, 0x8F, 0xF7, 0x8F,
    0xF7, 0x8F, 0xF7, 0x8F, 0xF7, 0x8F, 0xF7, 0x8F, 0xF7, 0x8F, 0xF7, 0x8F, 0xF7, 0x8F, 0xF7, 0x8F,
    0xF7, 0x8F, 0x00, 0x00, 0x50, 0x04, 0x00, 0x00, 0xFB, 0x5F, 0x00, 0x00, 0xFE, 0x8F, 0x00, 0x00,
    0xF6, 0x2D, 0x00, 0x00, 0x00, 0x00, 0x00, 0x00, 0x00, 0x00, 0x00, 0x00, 0x00, 0x00, 0x00, 0x00,
    0xFA, 0x5F, 0x00, 0x00, 0xFA, 0x5F, 0x00, 0x00, 0xFA, 0x5F, 0x00, 0x00, 0xFA, 0x5F, 0x00, 0x00,
    0xFA, 0x5F, 0x00, 0x00, 0xFA, 0x5F, 0x00, 0x00, 0xFA, 0x5F, 0x00, 0x00, 0xFA, 0x5F, 0x00, 0x00,
    0xFA, 0x5F, 0x00, 0x00, 0xFA, 0x5F, 0x00, 0x00, 0xFA, 0x5F, 0x00, 0x00, 0xFA, 0x5F, 0x00, 0x00,
    0xFA, 0x5F, 0x00, 0x00, 0xFA, 0x5F, 0x00, 0x00, 0xFA, 0x5F, 0x00, 0x00, 0xFA, 0x5F, 0x00, 0x00,
    0xFA, 0x5F, 0x00, 0x00, 0xFA, 0x5F, 0x00, 0x00, 0xFA, 0x5F, 0x00, 0x00, 0xFA, 0x5F, 0x00, 0x00,
    0xFB, 0x4F, 0x00, 0x00, 0xFE, 0x2F, 0x90, 0xD9, 0xFF, 0x0E, 0xF0, 0xFF, 0xFF, 0x05, 0xD0, 0xFF,
    0x4B, 0x00, 0xFB, 0x4F, 0x00, 0x00, 0x00, 0x00, 0x00, 0x00, 0xFB, 0x4F, 0x00, 0x00, 0x00, 0x00,
    0x00, 0x00, 0xFB, 0x4F, 0x00, 0x00, 0x00, 0x00, 0x00, 0x00, 0xFB, 0x4F, 0x00, 0x00, 0x00, 0x00,
    0x00, 0x00, 0xFB, 0x4F, 0x00, 0x00, 0x00, 0x00, 0x00, 0x00, 0xFB, 0x4F, 0x00, 0x00, 0x00, 0x00,
    0x00, 0x00, 0xFB, 0x4F, 0x00, 0x00, 0x00, 0x00, 0x00, 0x00, 0xFB, 0x4F, 0x00, 0x00, 0x30, 0xFF,
    0x7F, 0x00, 0xFB, 0x4F, 0x00, 0x00, 0xE2, 0xFF, 0x08, 0x00, 0xFB, 0x4F, 0x00, 0x10, 0xFE, 0xAF,
    0x00, 0x00, 0xFB, 0x4F, 0x00, 0xD1, 0xFF, 0x0B, 0x00, 0x00, 0xFB, 0x4F, 0x00, 0xFC, 0xCF, 0x00,
    0x00, 0x00, 0xFB, 0x4F, 0xB0, 0xFF, 0x1D, 0x00, 0x00, 0x00, 0xFB, 0x4F, 0xF9, 0xEF, 0x02, 0x00,
    0x00, 0x00, 0xFB, 0xAF, 0xFF, 0x5F, 0x00, 0x00, 0x00, 0x00, 0xFB, 0xFF, 0xFF, 0xCF, 0x00, 0x00,
    0x00, 0x00, 0xFB, 0xFF, 0xEF, 0xFF, 0x08, 0x00, 0x00, 0x00, 0xFB, 0xFF, 0x45, 0xFF, 0x4F, 0x00,
    0x00, 0x00, 0xFB, 0x7F, 0x00, 0xF8, 0xEF, 0x01, 0x00, 0x00, 0xFB, 0x4F, 0x00, 0xC0, 0xFF, 0x0B,
    0x00, 0x00, 0xFB, 0x4F, 0x00, 0x20, 0xFF, 0x7F, 0x00, 0x00, 0xFB, 0x4F, 0x00, 0x00, 0xF5, 0xFF,
    0x03, 0x00, 0xFB, 0x4F, 0x00, 0x00, 0x90, 0xFF, 0x0D, 0x00, 0xFB, 0x4F, 0x00, 0x00, 0x00, 0xFD,
    0x9F, 0x00, 0xFB, 0x4F, 0x00, 0x00, 0x00, 0xF3, 0xFF, 0x05, 0xF7, 0x8F, 0xF7, 0x8F, 0xF7, 0x8F,
    0xF7, 0x8F, 0xF7, 0x8F, 0xF7, 0x8F, 0xF7, 0x8F, 0xF7, 0x8F, 0xF7, 0x8F, 0xF7, 0x8F, 0xF7, 0x8F,
    0xF7, 0x8F, 0xF7, 0x8F, 0xF7, 0x8F, 0xF7, 0x8F, 0xF7, 0x8F, 0xF7, 0x8F, 0xF7, 0x8F, 0xF7, 0x8F,
    0xF7, 0x8F, 0xF7, 0x8F, 0xF7, 0x8F, 0xF7, 0x8F, 0xF7, 0x8F, 0xF7, 0x8F, 0xFC, 0x1F, 0x70, 0xEC,
    0xDF, 0x3A, 0x00, 0x20, 0xD9, 0xFF, 0x8D, 0x01, 0x00, 0xFC, 0x4F, 0xFD, 0xFF, 0xFF, 0xFF, 0x05,
    0xF7, 0xFF, 0xFF, 0xFF, 0x2E, 0x00, 0xFC, 0xFF, 0xDF, 0x99, 0xFB, 0xFF, 0x8F, 0xFF, 0x9C, 0xB9,
    0xFF, 0xDF, 0x00, 0xFC, 0xFF, 0x06, 0x00, 0x30, 0xFE, 0xFF, 0x5F, 0x00, 0x00, 0xF3, 0xFF, 0x04,
    0xFC, 0x8F, 0x00, 0x00, 0x00, 0xF6, 0xFF, 0x08, 0x00, 0x00, 0x90, 0xFF, 0x08, 0xFC, 0x3F, 0x00,
    0x00, 0x00, 0xF2, 0xFF, 0x02, 0x00, 0x00, 0x60, 0xFF, 0x0A, 0xFC, 0x3F, 0x00, 0x00, 0x00, 0xF0,
    0xFF, 0x00, 0x00, 0x00, 0x40, 0xFF, 0x0A, 0xFC, 0x3F, 0x00, 0x00, 0x00, 0xF0, 0xFF, 0x00, 0x00,
    0x00, 0x40, 0xFF, 0x0B, 0xFC, 0x3F, 0x00, 0x00, 0x00, 0xF0, 0xFF, 0x00, 0x00, 0x00, 0x40, 0xFF,
    0x0B, 0xFC, 0x3F, 0x00, 0x00, 0x00, 0xF0, 0xFF, 0x00, 0x00, 0x00, 0x40, 0xFF, 0x0B, 0xFC, 0x3F,
    0x00, 0x00, 0x00, 0xF0, 0xFF, 0x00, 0x00, 0x00, 0x40, 0xFF, 0x0B, 0xFC, 0x3F, 0x00, 0x00, 0x00,
    0xF0, 0xFF, 0x00, 0x00, 0x00, 0x40, 0xFF, 0x0B, 0xFC, 0x3F, 0x00, 0x00, 0x00, 0xF0, 0xFF, 0x00,
    0x00, 0x00, 0x40, 0xFF, 0x0B, 0xFC, 0x3F, 0x00, 0x00, 0x00, 0xF0, 0xFF, 0x00, 0x00, 0x00, 0x40,
    0xFF, 0x0B, 0xFC, 0x3F, 0x00, 0x00, 0x00, 0xF0, 0xFF, 0x00, 0x00, 0x00, 0x40, 0xFF, 0x0B, 0xFC,
    0x3F, 0x00, 0x00, 0x00, 0xF0, 0xFF, 0x00, 0x00, 0x00, 0x40, 0xFF, 0x0B, 0xFC, 0x3F, 0x00, 0x00,
    0x00, 0xF0, 0xFF, 0x00, 0x00, 0x00, 0x40, 0xFF, 0x0B, 0xFC, 0x3F, 0x00, 0x00, 0x00, 0xF0, 0xFF,
    0x00, 0x00, 0x00, 0x40, 0xFF, 0x0B, 0xFC, 0x1F, 0x50, 0xEB, 0xEF, 0x3A, 0x00, 0xFC, 0x2F, 0xFB,
    0xFF, 0xFF, 0xFF, 0x06, 0xFC, 0xDF, 0xFF, 0x9A, 0xFA, 0xFF, 0x2F, 0xFC, 0xFF, 0x1B, 0x00, 0x10,
    0xFD, 0x8F, 0xFC, 0xCF, 0x00, 0x00, 0x00, 0xF4, 0xCF, 0xFC, 0x4F, 0x00, 0x00, 0x00, 0xF1, 0xEF,
    0xFC, 0x3F, 0x00, 0x00, 0x00, 0xF0, 0xFF, 0xFC, 0x3F, 0x00, 0x00, 0x00, 0xF0, 0xFF, 0xFC, 0x3F,
    0x00, 0x00, 0x00, 0xF0, 0xFF, 0xFC, 0x3F, 0x00, 0x00, 0x00, 0xF0, 0xFF, 0xFC, 0x3F, 0x00, 0x00,
    0x00, 0xF0, 0xFF, 0xFC, 0x3F, 0x00, 0x00, 0x00, 0xF0, 0xFF, 0xFC, 0x3F, 0x00, 0x00, 0x00, 0xF0,
    0xFF, 0xFC, 0x3F, 0x00, 0x00, 0x00, 0xF0, 0xFF, 0xFC, 0x3F, 0x00, 0x00, 0x00, 0xF0, 0xFF, 0xFC,
    0x3F, 0x00, 0x00, 0x00, 0xF0, 0xFF, 0xFC, 0x3F, 0x00, 0x00, 0x00, 0xF0, 0xFF, 0xFC, 0x3F, 0x00,
    0x00, 0x00, 0xF0, 0xFF, 0x00, 0x00, 0x71, 0xFC, 0xEF, 0x6B, 0x00, 0x00, 0x00, 0x00, 0x40, 0xFE,
    0xFF, 0xFF, 0xFF, 0x2D, 0x00, 0x00, 0x00, 0xF5, 0xFF, 0x8D, 0x97, 0xFE, 0xFF, 0x03, 0x00, 0x10,
    0xFE, 0x8F, 0x00, 0x00, 0xB0, 0xFF, 0x0D, 0x00, 0x90, 0xFF, 0x0A, 0x00, 0x00, 0x00, 0xFC, 0x6F,
    0x00, 0xE0, 0xFF, 0x01, 0x00, 0x00, 0x00, 0xF4, 0xDF, 0x00, 0xF4, 0xCF, 0x00, 0x00, 0x00, 0x00,
    0xE0, 0xFF, 0x01, 0xF6, 0x9F, 0x00, 0x00, 0x00, 0x00, 0xB0, 0xFF, 0x03, 0xF7, 0x8F, 0x00, 0x00,
    0x00, 0x00, 0xA0, 0xFF, 0x04, 0xF7, 0x7F, 0x00, 0x00, 0x00, 0x00, 0xA0, 0xFF, 0x04, 0xF6, 0x8F,
    0x00, 0x00, 0x00, 0x00, 0xC0, 0xFF, 0x03, 0xF4, 0xBF, 0x00, 0x00, 0x00, 0x00, 0xF0, 0xFF, 0x01,
    0xF0, 0xFF, 0x01, 0x00, 0x00, 0x00, 0xF4, 0xCF, 0x00, 0xA0, 0xFF, 0x09, 0x00, 0x00, 0x00, 0xFC,
    0x6F, 0x00, 0x20, 0xFF, 0x7F, 0x00, 0x00, 0xA0, 0xFF, 0x0D, 0x00, 0x00, 0xF5, 0xFF, 0x8D, 0x97,
    0xFE, 0xFF, 0x03, 0x00, 0x00, 0x50, 0xFE, 0xFF, 0xFF, 0xFF, 0x2D, 0x00, 0x00, 0x00, 0x00, 0x71,
    0xEC, 0xEF, 0x6B, 0x00, 0x00, 0x00, 0xFC, 0x0F, 0x70, 0xEC, 0xDF, 0x29, 0x00, 0x00, 0xFC, 0x4F,
    0xFE, 0xFF, 0xFF, 0xFF, 0x05, 0x00, 0xFC, 0xFF, 0xEF, 0x9A, 0xFB, 0xFF, 0x3F, 0x00, 0xFC, 0xFF,
    0x07, 0x00, 0x20, 0xFD, 0xDF, 0x00, 0xFC, 0x8F, 0x00, 0x00, 0x00, 0xF2, 0xFF, 0x04, 0xFC, 0x3F,
    0x00, 0x00, 0x00, 0x90, 0xFF, 0x09, 0xFC, 0x3F, 0x00, 0x00, 0x00, 0x40, 0xFF, 0x0C, 0xFC, 0x3F,
    0x00, 0x00, 0x00, 0x10, 0xFF, 0x0E, 0xFC, 0x3F, 0x00, 0x00, 0x00, 0x00, 0xFF, 0x0F, 0xFC, 0x3F,
    0x00, 0x00, 0x00, 0x00, 0xFF, 0x0F, 0xFC, 0x3F, 0x00, 0x00, 0x00, 0x10, 0xFF, 0x0E, 0xFC, 0x3F,
    0x00, 0x00, 0x00, 0x40, 0xFF, 0x0C, 0xFC, 0x3F, 0x00, 0x00, 0x00, 0x90, 0xFF, 0x09, 0xFC, 0x7F,
    0x00, 0x00, 0x00, 0xF1, 0xFF, 0x03, 0xFC, 0xFF, 0x05, 0x00, 0x10, 0xFC, 0xCF, 0x00, 0xFC, 0xFF,
    0xCF, 0x78, 0xF9, 0xFF, 0x3F, 0x00, 0xFC, 0x7F, 0xFE, 0xFF, 0xFF, 0xFF, 0x04, 0x00, 0xFC, 0x3F,
    0x81, 0xFC, 0xDF, 0x29, 0x00, 0x00, 0xFC, 0x3F, 0x00, 0x00, 0x00, 0x00, 0x00, 0x00, 0xFC, 0x3F,
    0x00, 0x00, 0x00, 0x00, 0x00, 0x00, 0xFC, 0x3F, 0x00, 0x00, 0x00, 0x00, 0x00, 0x00, 0xFC, 0x3F,
    0x00, 0x00, 0x00, 0x00, 0x00, 0x00, 0xFC, 0x3F, 0x00, 0x00, 0x00, 0x00, 0x00, 0x00, 0xFC, 0x3F,
    0x00, 0x00, 0x00, 0x00, 0x00, 0x00, 0xFC, 0x3F, 0x00, 0x00, 0x00, 0x00, 0x00, 0x00, 0x00, 0x00,
    0xB4, 0xFE, 0xBE, 0x05, 0xF8, 0x3F, 0x00, 0xA0, 0xFF, 0xFF, 0xFF, 0xBF, 0xFA, 0x3F, 0x00, 0xFA,
    0xFF, 0x8D, 0xA7, 0xFF, 0xFF, 0x3F, 0x40, 0xFF, 0x7F, 0x00, 0x00, 0xC1, 0xFF, 0x3F, 0xB0, 0xFF,
    0x09, 0x00, 0x00, 0x10, 0xFE, 0x3F, 0xF1, 0xFF, 0x01, 0x00, 0x00, 0x00, 0xFC, 0x3F, 0xF4, 0xCF,
    0x00, 0x00, 0x00, 0x00, 0xFC, 0x3F, 0xF6, 0x9F, 0x00, 0x00, 0x00, 0x00, 0xFC, 0x3F, 0xF7, 0x8F,
    0x00, 0x00, 0x00, 0x00, 0xFC, 0x3F, 0xF7, 0x8F, 0x00, 0x00, 0x00, 0x00, 0xFC, 0x3F, 0xF6, 0x9F,
    0x00, 0x00, 0x00, 0x00, 0xFC, 0x3F, 0xF4, 0xCF, 0x00, 0x00, 0x00, 0x00, 0xFC, 0x3F, 0xF0, 0xFF,
    0x01, 0x00, 0x00, 0x00, 0xFC, 0x3F, 0xB0, 0xFF, 0x08, 0x00, 0x00, 0x10, 0xFE, 0x3F, 0x30, 0xFF,
    0x6F, 0x00, 0x00, 0xC1, 0xFF, 0x3F, 0x00, 0xF9, 0xFF, 0x8C, 0xA7, 0xFF, 0xFF, 0x3F, 0x00, 0xA0,
    0xFF, 0xFF, 0xFF, 0xBF, 0xFC, 0x3F, 0x00, 0x00, 0xB4, 0xFE, 0xBE, 0x05, 0xFC, 0x3F, 0x00, 0x00,
    0x00, 0x00, 0x00, 0x00, 0xFC, 0x3F, 0x00, 0x00, 0x00, 0x00, 0x00, 0x00, 0xFC, 0x3F, 0x00, 0x00,
    0x00, 0x00, 0x00, 0x00, 0xFC, 0x3F, 0x00, 0x00, 0x00, 0x00, 0x00, 0x00, 0xFC, 0x3F, 0x00, 0x00,
    0x00, 0x00, 0x00, 0x00, 0xFC, 0x3F, 0x00, 0x00, 0x00, 0x00, 0x00, 0x00, 0xFC, 0x3F, 0x00, 0x00,
    0x00, 0x00, 0x00, 0x00, 0xFC, 0x3F, 0xFC, 0x2F, 0x91, 0xFE, 0x09, 0xFC, 0x5F, 0xFE, 0xFF, 0x0B,
    0xFC, 0xFF, 0xFF, 0xEF, 0x0A, 0xFC, 0xFF, 0x3B, 0x00, 0x00, 0xFC, 0xCF, 0x00, 0x00, 0x00, 0xFC,
    0x4F, 0x00, 0x00, 0x00, 0xFC, 0x3F, 0x00, 0x00, 0x00, 0xFC, 0x3F, 0x00, 0x00, 0x00, 0xFC, 0x3F,
    0x00, 0x00, 0x00, 0xFC, 0x3F, 0x00, 0x00, 0x00, 0xFC, 0x3F, 0x00, 0x00, 0x00, 0xFC, 0x3F, 0x00,
    0x00, 0x00, 0xFC, 0x3F, 0x00, 0x00, 0x00, 0xFC, 0x3F, 0x00, 0x00, 0x00, 0xFC, 0x3F, 0x00, 0x00,
    0x00, 0xFC, 0x3F, 0x00, 0x00, 0x00, 0xFC, 0x3F, 0x00, 0x00, 0x00, 0xFC, 0x3F, 0x00, 0x00, 0x00,
    0x00, 0x00, 0xB6, 0xFE, 0xCE, 0x18, 0x00, 0x00, 0x00, 0xD2, 0xFF, 0xFF, 0xFF, 0xFF, 0x05, 0x00,
    0x10, 0xFE, 0xEF, 0x79, 0xE9, 0xFF, 0x4F, 0x00, 0x80, 0xFF, 0x0B, 0x00, 0x00, 0xFA, 0xDF, 0x00,
    0xC0, 0xFF, 0x03, 0x00, 0x00, 0xE0, 0xFF, 0x01, 0xD0, 0xFF, 0x03, 0x00, 0x00, 0x50, 0x77, 0x01,
    0x90, 0xFF, 0x2C, 0x00, 0x00, 0x00, 0x00, 0x00, 0x20, 0xFE, 0xFF, 0x7C, 0x03, 0x00, 0x00, 0x00,
    0x00, 0xB2, 0xFF, 0xFF, 0xFF, 0x3A, 0x00, 0x00, 0x00, 0x00, 0x93, 0xFD, 0xFF, 0xFF, 0x0A, 0x00,
    0x00, 0x00, 0x00, 0x10, 0xB5, 0xFF, 0xAF, 0x00, 0x00, 0x00, 0x00, 0x00, 0x00, 0xF4, 0xFF, 0x02,
    0xB4, 0x6B, 0x00, 0x00, 0x00, 0xB0, 0xFF, 0x05, 0xF4, 0xCF, 0x00, 0x00, 0x00, 0xA0, 0xFF, 0x05,
    0xE0, 0xFF, 0x08, 0x00, 0x00, 0xF4, 0xFF, 0x01, 0x40, 0xFF, 0xEF, 0x79, 0xB8, 0xFF, 0x8F, 0x00,
    0x00, 0xE4, 0xFF, 0xFF, 0xFF, 0xFF, 0x09, 0x00, 0x00, 0x10, 0xB7, 0xFE, 0xDF, 0x39, 0x00, 0x00,
    0x00, 0xB0, 0xFF, 0x04, 0x00, 0x00, 0xB0, 0xFF, 0x04, 0x00, 0x00, 0xB0, 0xFF, 0x04, 0x00, 0x00,
    0xB0, 0xFF, 0x04, 0x00, 0xFD, 0xFF, 0xFF, 0xFF, 0x9F, 0xFD, 0xFF, 0xFF, 0xFF, 0x9F, 0x44, 0xC4,
    0xFF, 0x48, 0x24, 0x00, 0xB0, 0xFF, 0x04, 0x00, 0x00, 0xB0, 0xFF, 0x04, 0x00, 0x00, 0xB0, 0xFF,
    0x04, 0x00, 0x00, 0xB0, 0xFF, 0x04, 0x00, 0x00, 0xB0, 0xFF, 0x04, 0x00, 0x00, 0xB0, 0xFF, 0x04,
    0x00, 0x00, 0xB0, 0xFF, 0x04, 0x00, 0x00, 0xB0, 0xFF, 0x04, 0x00, 0x00, 0xB0, 0xFF, 0x04, 0x00,
    0x00, 0xB0, 0xFF, 0x04, 0x00, 0x00, 0xA0, 0xFF, 0x05, 0x00, 0x00, 0x90, 0xFF, 0x08, 0x00, 0x00,
    0x50, 0xFF, 0xAF, 0x79, 0x00, 0x00, 0xFD, 0xFF, 0xAF, 0x00, 0x00, 0x91, 0xFE, 0x7E, 0xFD, 0x2F,
    0x00, 0x00, 0x00, 0xF1, 0xEF, 0xFD, 0x2F, 0x00, 0x00, 0x00, 0xF1, 0xEF, 0xFD, 0x2F, 0x00, 0x00,
    0x00, 0xF1, 0xEF, 0xFD, 0x2F, 0x00, 0x00, 0x00, 0xF1, 0xEF, 0xFD, 0x2F, 0x00, 0x00, 0x00, 0xF1,
    0xEF, 0xFD, 0x2F, 0x00, 0x00, 0x00, 0xF1, 0xEF, 0xFD, 0x2F, 0x00, 0x00, 0x00, 0xF1, 0xEF, 0xFD,
    0x2F, 0x00, 0x00, 0x00, 0xF1, 0xEF, 0xFD, 0x2F, 0x00, 0x00, 0x00, 0xF1, 0xEF, 0xFD, 0x2F, 0x00,
    0x00, 0x00, 0xF1, 0xEF, 0xFD, 0x2F, 0x00, 0x00, 0x00, 0xF1, 0xEF, 0xFC, 0x3F, 0x00, 0x00, 0x00,
    0xF1, 0xEF, 0xFC, 0x4F, 0x00, 0x00, 0x00, 0xF1, 0xEF, 0xF9, 0x8F, 0x00, 0x00, 0x00, 0xF7, 0xEF,
    0xF5, 0xFF, 0x02, 0x00, 0x60, 0xFF, 0xEF, 0xE0, 0xFF, 0xBF, 0xA8, 0xFE, 0xFF, 0xEF, 0x30, 0xFE,
    0xFF, 0xFF, 0xFF, 0xF6, 0xEF, 0x00, 0x91, 0xFD, 0xDF, 0x29, 0xF0, 0xEF, 0xF4, 0xBF, 0x00, 0x00,
    0x00, 0x00, 0xFD, 0x3F, 0xE0, 0xFF, 0x01, 0x00, 0x00, 0x20, 0xFF, 0x0D, 0x90, 0xFF, 0x06, 0x00,
    0x00, 0x70, 0xFF, 0x08, 0x30, 0xFF, 0x0B, 0x00, 0x00, 0xC0, 0xFF, 0x02, 0x00, 0xFE, 0x0F, 0x00,
    0x00, 0xF1, 0xCF, 0x00, 0x00, 0xF8, 0x5F, 0x00, 0x00, 0xF6, 0x7F, 0x00, 0x00, 0xF3, 0xAF, 0x00,
    0x00, 0xFB, 0x1F, 0x00, 0x00, 0xD0, 0xFF, 0x00, 0x00, 0xFF, 0x0C, 0x00, 0x00, 0x70, 0xFF, 0x04,
    0x50, 0xFF, 0x06, 0x00, 0x00, 0x20, 0xFF, 0x0A, 0xA0, 0xFF, 0x01, 0x00, 0x00, 0x00, 0xFC, 0x0E,
    0xE0, 0xBF, 0x00, 0x00, 0x00, 0x00, 0xF7, 0x4F, 0xF4, 0x6F, 0x00, 0x00, 0x00, 0x00, 0xF1, 0x9F,
    0xF9, 0x0F, 0x00, 0x00, 0x00, 0x00, 0xB0, 0xEF, 0xFE, 0x0A, 0x00, 0x00, 0x00, 0x00, 0x60, 0xFF,
    0xFF, 0x05, 0x00, 0x00, 0x00, 0x00, 0x10, 0xFF, 0xFF, 0x00, 0x00, 0x00, 0x00, 0x00, 0x00, 0xFA,
    0xAF, 0x00, 0x00, 0x00, 0x00, 0x00, 0x00, 0xF5, 0x4F, 0x00, 0x00, 0x00, 0xF2, 0xCF, 0x00, 0x00,
    0x00, 0xF0, 0xBF, 0x00, 0x00, 0x00, 0xF1, 0xEF, 0x00, 0xE0, 0xFF, 0x00, 0x00, 0x00, 0xF4, 0xFF,
    0x00, 0x00, 0x00, 0xF5, 0x9F, 0x00, 0x90, 0xFF, 0x04, 0x00, 0x00, 0xF9, 0xFF, 0x04, 0x00, 0x00,
    0xF9, 0x5F, 0x00, 0x50, 0xFF, 0x08, 0x00, 0x00, 0xFE, 0xFF, 0x09, 0x00, 0x00, 0xFC, 0x0F, 0x00,
    0x10, 0xFF, 0x0C, 0x00, 0x30, 0xFF, 0xFD, 0x0E, 0x00, 0x00, 0xFF, 0x0C, 0x00, 0x00, 0xFC, 0x1F,
    0x00, 0x80, 0xEF, 0xF5, 0x3F, 0x00, 0x40, 0xFF, 0x07, 0x00, 0x00, 0xF7, 0x5F, 0x00, 0xC0, 0xAF,
    0xF0, 0x8F, 0x00, 0x80, 0xFF, 0x03, 0x00, 0x00, 0xF3, 0x9F, 0x00, 0xF1, 0x5F, 0xB0, 0xCF, 0x00,
    0xC0, 0xEF, 0x00, 0x00, 0x00, 0xE0, 0xDF, 0x00, 0xF6, 0x1F, 0x60, 0xFF, 0x01, 0xF0, 0xAF, 0x00,
    0x00, 0x00, 0xA0, 0xFF, 0x01, 0xFB, 0x0B, 0x10, 0xFF, 0x06, 0xF4, 0x5F, 0x00, 0x00, 0x00, 0x50,
    0xFF, 0x05, 0xFF, 0x07, 0x00, 0xFC, 0x0B, 0xF8, 0x1F, 0x00, 0x00, 0x00, 0x10, 0xFF, 0x59, 0xFF,
    0x02, 0x00, 0xF7, 0x0F, 0xFC, 0x0C, 0x00, 0x00, 0x00, 0x00, 0xFC, 0x9D, 0xDF, 0x00, 0x00, 0xF2,
    0x5F, 0xFF, 0x08, 0x00, 0x00, 0x00, 0x00, 0xF8, 0xFF, 0x8F, 0x00, 0x00, 0xD0, 0xDF, 0xFF, 0x03,
    0x00, 0x00, 0x00, 0x00, 0xF3, 0xFF, 0x3F, 0x00, 0x00, 0x80, 0xFF, 0xEF, 0x00, 0x00, 0x00, 0x00,
    0x00, 0xF0, 0xFF, 0x0E, 0x00, 0x00, 0x30, 0xFF, 0xAF, 0x00, 0x00, 0x00, 0x00, 0x00, 0xA0, 0xFF,
    0x09, 0x00, 0x00, 0x00, 0xFE, 0x6F, 0x00, 0x00, 0x00, 0x00, 0x00, 0x60, 0xFF, 0x05, 0x00, 0x00,
    0x00, 0xFA, 0x1F, 0x00, 0x00, 0x00, 0xD0, 0xFF, 0x09, 0x00, 0x00, 0x50, 0xFF, 0x2F, 0x30, 0xFF,
    0x2F, 0x00, 0x00, 0xE0, 0xFF, 0x07, 0x00, 0xF8, 0xBF, 0x00, 0x00, 0xF8, 0xDF, 0x00, 0x00, 0xD0,
    0xFF, 0x05, 0x10, 0xFF, 0x3F, 0x00, 0x00, 0x40, 0xFF, 0x0D, 0xA0, 0xFF, 0x09, 0x00, 0x00, 0x00,
    0xFA, 0x7F, 0xF4, 0xEF, 0x00, 0x00, 0x00, 0x00, 0xE1, 0xFF, 0xFD, 0x4F, 0x00, 0x00, 0x00, 0x00,
    0x50, 0xFF, 0xFF, 0x0A, 0x00, 0x00, 0x00, 0x00, 0x00, 0xFB, 0xEF, 0x01, 0x00, 0x00, 0x00, 0x00,
    0x00, 0xFD, 0xFF, 0x02, 0x00, 0x00, 0x00, 0x00, 0x70, 0xFF, 0xFF, 0x0C, 0x00, 0x00, 0x00, 0x00,
    0xF2, 0xEF, 0xFB, 0x6F, 0x00, 0x00, 0x00, 0x00, 0xFC, 0x6F, 0xF2, 0xFF, 0x01, 0x00, 0x00, 0x60,
    0xFF, 0x0C, 0x80, 0xFF, 0x0B, 0x00, 0x00, 0xF1, 0xFF, 0x03, 0x00, 0xFD, 0x5F, 0x00, 0x00, 0xFB,
    0x9F, 0x00, 0x00, 0xF4, 0xEF, 0x01, 0x60, 0xFF, 0x1E, 0x00, 0x00, 0xB0, 0xFF, 0x0A, 0xE1, 0xFF,
    0x06, 0x00, 0x00, 0x20, 0xFF, 0x4F, 0xF7, 0xCF, 0x00, 0x00, 0x00, 0x20, 0xFF, 0x1F, 0xF1, 0xFF,
    0x01, 0x00, 0x00, 0x70, 0xFF, 0x0B, 0xC0, 0xFF, 0x06, 0x00, 0x00, 0xB0, 0xFF, 0x05, 0x60, 0xFF,
    0x0B, 0x00, 0x00, 0xF1, 0xFF, 0x00, 0x10, 0xFF, 0x1F, 0x00, 0x00, 0xF5, 0xAF, 0x00, 0x00, 0xFB,
    0x6F, 0x00, 0x00, 0xFA, 0x5F, 0x00, 0x00, 0xF5, 0xBF, 0x00, 0x00, 0xFF, 0x0F, 0x00, 0x00, 0xF0,
    0xFF, 0x01, 0x40, 0xFF, 0x0A, 0x00, 0x00, 0x90, 0xFF, 0x06, 0x90, 0xFF, 0x05, 0x00, 0x00, 0x40,
    0xFF, 0x0B, 0xE0, 0xFF, 0x00, 0x00, 0x00, 0x00, 0xFE, 0x0F, 0xF2, 0xAF, 0x00, 0x00, 0x00, 0x00,
    0xF8, 0x5F, 0xF7, 0x4F, 0x00, 0x00, 0x00, 0x00, 0xF3, 0xAF, 0xFC, 0x0E, 0x00, 0x00, 0x00, 0x00,
    0xD0, 0xFF, 0xFF, 0x09, 0x00, 0x00, 0x00, 0x00, 0x70, 0xFF, 0xFF, 0x04, 0x00, 0x00, 0x00, 0x00,
    0x20, 0xFF, 0xEF, 0x00, 0x00, 0x00, 0x00, 0x00, 0x00, 0xFC, 0x9F, 0x00, 0x00, 0x00, 0x00, 0x00,
    0x00, 0xF8, 0x3F, 0x00, 0x00, 0x00, 0x00, 0x00, 0x00, 0xFC, 0x0E, 0x00, 0x00, 0x00, 0x00, 0x00,
    0x20, 0xFF, 0x09, 0x00, 0x00, 0x00, 0x00, 0x00, 0x80, 0xFF, 0x03, 0x00, 0x00, 0x00, 0x00, 0x00,
    0xF4, 0xCF, 0x00, 0x00, 0x00, 0x00, 0x60, 0xCA, 0xFF, 0x4F, 0x00, 0x00, 0x00, 0x00, 0xA0, 0xFF,
    0xFF, 0x07, 0x00, 0x00, 0x00, 0x00, 0x80, 0xFF, 0x4C, 0x00, 0x00, 0x00, 0x00, 0x00, 0xF7, 0xFF,
    0xFF, 0xFF, 0xFF, 0xFF, 0xCF, 0x00, 0xF7, 0xFF, 0xFF, 0xFF, 0xFF, 0xFF, 0xCF, 0x00, 0x73, 0x77,
    0x77, 0x77, 0x87, 0xFF, 0x7F, 0x00, 0x00, 0x00, 0x00, 0x00, 0xB0, 0xFF, 0x0C, 0x00, 0x00, 0x00,
    0x00, 0x00, 0xF6, 0xEF, 0x01, 0x00, 0x00, 0x00, 0x00, 0x20, 0xFF, 0x5F, 0x00, 0x00, 0x00, 0x00,
    0x00, 0xD0, 0xFF, 0x09, 0x00, 0x00, 0x00, 0x00, 0x00, 0xF9, 0xDF, 0x00, 0x00, 0x00, 0x00, 0x00,
    0x50, 0xFF, 0x3F, 0x00, 0x00, 0x00, 0x00, 0x00, 0xE1, 0xFF, 0x07, 0x00, 0x00, 0x00, 0x00, 0x00,
    0xFC, 0xBF, 0x00, 0x00, 0x00, 0x00, 0x00, 0x70, 0xFF, 0x1E, 0x00, 0x00, 0x00, 0x00, 0x00, 0xF3,
    0xFF, 0x04, 0x00, 0x00, 0x00, 0x00, 0x00, 0xFD, 0x8F, 0x00, 0x00, 0x00, 0x00, 0x00, 0xA0, 0xFF,
    0x0C, 0x00, 0x00, 0x00, 0x00, 0x00, 0xF5, 0xFF, 0x79, 0x77, 0x77, 0x77, 0x77, 0x01, 0xF9, 0xFF,
    0xFF, 0xFF, 0xFF, 0xFF, 0xFF, 0x04, 0xF9, 0xFF, 0xFF, 0xFF, 0xFF, 0xFF, 0xFF, 0x04, 0x00, 0x00,
    0x00, 0x50, 0x5C, 0x00, 0x00, 0x10, 0xFC, 0xAF, 0x00, 0x00, 0xD1, 0xFF, 0x19, 0x00, 0x00, 0xF9,
    0x9F, 0x00, 0x00, 0x10, 0xFF, 0x1F, 0x00, 0x00, 0x50, 0xFF, 0x0A, 0x00, 0x00, 0x70, 0xFF, 0x08,
    0x00, 0x00, 0x80, 0xFF, 0x07, 0x00, 0x00, 0x80, 0xFF, 0x06, 0x00, 0x00, 0x80, 0xFF, 0x06, 0x00,
    0x00, 0x80, 0xFF, 0x06, 0x00, 0x00, 0x90, 0xFF, 0x05, 0x00, 0x00, 0xB0, 0xFF, 0x04, 0x00, 0x00,
    0xF2, 0xFF, 0x00, 0x00, 0x41, 0xFD, 0x7F, 0x00, 0x00, 0xFF, 0xFF, 0x09, 0x00, 0x00, 0xFF, 0xFF,
    0x04, 0x00, 0x00, 0xA6, 0xFF, 0x3F, 0x00, 0x00, 0x00, 0xF5, 0xDF, 0x00, 0x00, 0x00, 0xD0, 0xFF,
    0x03, 0x00, 0x00, 0xA0, 0xFF, 0x05, 0x00, 0x00, 0x80, 0xFF, 0x06, 0x00, 0x00, 0x80, 0xFF, 0x06,
    0x00, 0x00, 0x80, 0xFF, 0x06, 0x00, 0x00, 0x80, 0xFF, 0x06, 0x00, 0x00, 0x70, 0xFF, 0x08, 0x00,
    0x00, 0x50, 0xFF, 0x0A, 0x00, 0x00, 0x10, 0xFF, 0x0F, 0x00, 0x00, 0x00, 0xFA, 0x8F, 0x00, 0x00,
    0x00, 0xD1, 0xFF, 0x18, 0x00, 0x00, 0x10, 0xFC, 0xAF, 0x00, 0x00, 0x00, 0x50, 0x5C, 0xF3, 0x3F,
    0xF3, 0x3F, 0xF3, 0x3F, 0xF3, 0x3F, 0xF3, 0x3F, 0xF3, 0x3F, 0xF3, 0x3F, 0xF3, 0x3F, 0xF3, 0x3F,
    0xF3, 0x3F, 0xF3, 0x3F, 0xF3, 0x3F, 0xF3, 0x3F, 0xF3, 0x3F, 0xF3, 0x3F, 0xF3, 0x3F, 0xF3, 0x3F,
    0xF3, 0x3F, 0xF3, 0x3F, 0xF3, 0x3F, 0xF3, 0x3F, 0xF3, 0x3F, 0xF3, 0x3F, 0xF3, 0x3F, 0xF3, 0x3F,
    0xF3, 0x3F, 0xF3, 0x3F, 0xF3, 0x3F, 0xC3, 0x06, 0x00, 0x00, 0x00, 0x00, 0xF8, 0xDF, 0x02, 0x00,
    0x00, 0x00, 0x80, 0xFF, 0x1E, 0x00, 0x00, 0x00, 0x00, 0xF7, 0xBF, 0x00, 0x00, 0x00, 0x00, 0xE0,
    0xFF, 0x02, 0x00, 0x00, 0x00, 0x90, 0xFF, 0x07, 0x00, 0x00, 0x00, 0x60, 0xFF, 0x09, 0x00, 0x00,
    0x00, 0x50, 0xFF, 0x0A, 0x00, 0x00, 0x00, 0x50, 0xFF, 0x0A, 0x00, 0x00, 0x00, 0x50, 0xFF, 0x0A,
    0x00, 0x00, 0x00, 0x50, 0xFF, 0x0A, 0x00, 0x00, 0x00, 0x40, 0xFF, 0x0B, 0x00, 0x00, 0x00, 0x20,
    0xFF, 0x0D, 0x00, 0x00, 0x00, 0x00, 0xFD, 0x4F, 0x00, 0x00, 0x00, 0x00, 0xF5, 0xEF, 0x15, 0x00,
    0x00, 0x00, 0x60, 0xFF, 0xFF, 0x01, 0x00, 0x00, 0x20, 0xFC, 0xFF, 0x01, 0x00, 0x00, 0xE2, 0xFF,
    0x7B, 0x00, 0x00, 0x00, 0xFB, 0x7F, 0x00, 0x00, 0x00, 0x10, 0xFF, 0x0E, 0x00, 0x00, 0x00, 0x30,
    0xFF, 0x0C, 0x00, 0x00, 0x00, 0x40, 0xFF, 0x0A, 0x00, 0x00, 0x00, 0x50, 0xFF, 0x0A, 0x00, 0x00,
    0x00, 0x50, 0xFF, 0x0A, 0x00, 0x00, 0x00, 0x50, 0xFF, 0x0A, 0x00, 0x00, 0x00, 0x60, 0xFF, 0x09,
    0x00, 0x00, 0x00, 0x80, 0xFF, 0x07, 0x00, 0x00, 0x00, 0xD0, 0xFF, 0x03, 0x00, 0x00, 0x00, 0xF6,
    0xCF, 0x00, 0x00, 0x00, 0x70, 0xFF, 0x2E, 0x00, 0x00, 0x00, 0xF8, 0xDF, 0x02, 0x00, 0x00, 0x00,
    0xC3, 0x06, 0x00, 0x00, 0x00, 0x00, 0x00, 0xA2, 0xFE, 0x7D, 0x00, 0x00, 0x00, 0x10, 0x99, 0x03,
    0x30, 0xFF, 0xFF, 0xFF, 0x3E, 0x00, 0x00, 0x40, 0xFF, 0x04, 0xE0, 0xFF, 0xAC, 0xFE, 0xFF, 0x04,
    0x00, 0x90, 0xFF, 0x00, 0xF6, 0x8F, 0x00, 0x90, 0xFF, 0x8F, 0x11, 0xF7, 0xAF, 0x00, 0xFB, 0x0E,
    0x00, 0x00, 0xF7, 0xFF, 0xFF, 0xFF, 0x2F, 0x00, 0xFD, 0x0C, 0x00, 0x00, 0x40, 0xFE, 0xFF, 0xEF,
    0x03, 0x00, 0x11, 0x00, 0x00, 0x00, 0x00, 0x50, 0x99, 0x06, 0x00, 0x00,
};
const GFXglyph Roboto16Glyphs[] = {
    { 0, 0, 8, 0, 0, 0, 0 }, //  
    { 5, 24, 8, 2, 24, 72, 0 }, // !
    { 7, 8, 11, 2, 25, 32, 72 }, // "
    { 19, 24, 20, 1, 24, 240, 104 }, // #
    { 16, 32, 19, 1, 28, 256, 344 }, // $
    { 22, 24, 24, 1, 24, 264, 600 }, // %
    { 20, 24, 21, 1, 24, 240, 864 }, // &
    { 4, 8, 6, 1, 25, 16, 1104 }, // '
    { 9, 34, 11, 2, 26, 170, 1120 }, // (
    { 10, 34, 11, 0, 26, 170, 1290 }, // )
    { 14, 14, 14, 0, 24, 98, 1460 }, // *
    { 17, 18, 19, 1, 20, 162, 1558 }, // +
    { 5, 9, 6, 0, 4, 27, 1720 }, // ,
    { 9, 3, 9, 0, 11, 15, 1747 }, // -
    { 5, 4, 9, 2, 4, 12, 1762 }, // .
    { 13, 26, 14, 0, 24, 182, 1774 }, // /
    { 16, 24, 19, 1, 24, 192, 1956 }, // 0
    { 10, 24, 19, 2, 24, 120, 2148 }, // 1
    { 17, 24, 19, 1, 24, 216, 2268 }, // 2
    { 16, 24, 19, 1, 24, 192, 2484 }, // 3
    { 18, 24, 19, 0, 24, 216, 2676 }, // 4
    { 16, 24, 19, 2, 24, 192, 2892 }, // 5
    { 15, 24, 19, 2, 24, 192, 3084 }, // 6
    { 17, 24, 19, 1, 24, 216, 3276 }, // 7
    { 16, 24, 19, 1, 24, 192, 3492 }, // 8
    { 16, 24, 19, 1, 24, 192, 3684 }, // 9
    { 4, 18, 8, 2, 18, 36, 3876 }, // :
    { 6, 23, 7, 0, 18, 69, 3912 }, // ;
    { 14, 15, 17, 1, 18, 105, 3981 }, // <
    { 14, 10, 18, 2, 16, 70, 4086 }, // =
    { 14, 15, 17, 2, 18, 105, 4156 }, // >
    { 14, 24, 16, 1, 24, 168, 4261 }, // ?
    { 28, 30, 30, 1, 23, 420, 4429 }, // @
    { 22, 24, 22, 0, 24, 264, 4849 }, // A
    { 17, 24, 21, 2, 24, 216, 5113 }, // B
    { 19, 24, 21, 1, 24, 240, 5329 }, // C
    { 18, 24, 22, 2, 24, 216, 5569 }, // D
    { 16, 24, 19, 2, 24, 192, 5785 }, // E
    { 16, 24, 18, 2, 24, 192, 5977 }, // F
    { 20, 24, 22, 1, 24, 240, 6169 }, // G
    { 19, 24, 24, 2, 24, 240, 6409 }, // H
    { 5, 24, 9, 2, 24, 72, 6649 }, // I
    { 16, 24, 18, 0, 24, 192, 6721 }, // J
    { 19, 24, 21, 2, 24, 240, 6913 }, // K
    { 15, 24, 18, 2, 24, 192, 7153 }, // L
    { 25, 24, 29, 2, 24, 312, 7345 }, // M
    { 19, 24, 24, 2, 24, 240, 7657 }, // N
    { 20, 24, 23, 1, 24, 240, 7897 }, // O
    { 18, 24, 21, 2, 24, 216, 8137 }, // P
    { 20, 28, 23, 1, 24, 280, 8353 }, // Q
    { 18, 24, 20, 2, 24, 216, 8633 }, // R
    { 18, 24, 20, 1, 24, 216, 8849 }, // S
    { 19, 24, 20, 0, 24, 240, 9065 }, // T
    { 18, 24, 21, 2, 24, 216, 9305 }, // U
    { 21, 24, 21, 0, 24, 264, 9521 }, // V
    { 29, 24, 29, 0, 24, 360, 9785 }, // W
    { 20, 24, 21, 0, 24, 240, 10145 }, // X
    { 20, 24, 20, 0, 24, 240, 10385 }, // Y
    { 18, 24, 20, 1, 24, 216, 10625 }, // Z
    { 7, 32, 9, 2, 27, 128, 10841 }, // [
    { 14, 26, 14, 0, 24, 182, 10969 }, // <backslash>
    { 7, 32, 9, 0, 27, 128, 11151 }, // ]
    { 12, 12, 14, 1, 24, 72, 11279 }, // ^
    { 15, 3, 15, 0, 0, 24, 11351 }, // _
    { 8, 5, 10, 0, 25, 20, 11375 }, // `
    { 16, 18, 18, 1, 18, 144, 11395 }, // a
    { 16, 25, 19, 2, 25, 200, 11539 }, // b
    { 16, 18, 17, 1, 18, 144, 11739 }, // c
    { 16, 25, 19, 1, 25, 200, 11883 }, // d
    { 16, 18, 17, 1, 18, 144, 12083 }, // e
    { 12, 25, 11, 0, 25, 150, 12227 }, // f
    { 16, 25, 19, 1, 18, 200, 12377 }, // g
    { 14, 25, 18, 2, 25, 175, 12577 }, // h
    { 4, 25, 8, 2, 25, 50, 12752 }, // i
    { 8, 32, 8, -2, 25, 128, 12802 }, // j
    { 15, 25, 17, 2, 25, 200, 12930 }, // k
    { 4, 25, 8, 2, 25, 50, 13130 }, // l
    { 25, 18, 29, 2, 18, 234, 13180 }, // m
    { 14, 18, 18, 2, 18, 126, 13414 }, // n
    { 17, 18, 19, 1, 18, 162, 13540 }, // o
    { 15, 25, 19, 2, 18, 200, 13702 }, // p
    { 16, 25, 19, 1, 18, 200, 13902 }, // q
    { 9, 18, 11, 2, 18, 90, 14102 }, // r
    { 15, 18, 17, 1, 18, 144, 14192 }, // s
    { 10, 22, 11, 0, 22, 110, 14336 }, // t
    { 14, 18, 18, 2, 18, 126, 14446 }, // u
    { 16, 18, 16, 0, 18, 144, 14572 }, // v
    { 25, 18, 25, 0, 18, 234, 14716 }, // w
    { 16, 18, 16, 0, 18, 144, 14950 }, // x
    { 16, 25, 16, 0, 18, 200, 15094 }, // y
    { 15, 18, 16, 1, 18, 144, 15294 }, // z
    { 10, 32, 11, 1, 26, 160, 15438 }, // {
    { 4, 28, 8, 2, 24, 56, 15598 }, // |
    { 11, 32, 11, 0, 26, 192, 15654 }, // }
    { 19, 7, 22, 2, 13, 70, 15846 }, // ~
};
const UnicodeInterval Roboto16Intervals[] = {
    { 0x20, 0x7E, 0x0 },
};
const GFXfont Roboto16 = {
    (uint8_t*)Roboto16Bitmaps,
    (GFXglyph*)Roboto16Glyphs,
    (UnicodeInterval*)Roboto16Intervals,
    1,
    0,
    44,
    35,
    -10,
};
