#pragma once
#include "glyph.h"
#pragma once
const uint8_t Roboto18Bitmaps[20400] = {
    0xE0, 0xFF, 0x0B, 0xE0, 0xFF, 0x0A, 0xE0, 0xFF, 0x0A, 0xD0, 0xFF, 0x0A, 0xD0, 0xFF, 0x0A, 0xD0,
    0xFF, 0x0A, 0xD0, 0xFF, 0x09, 0xC0, 0xFF, 0x09, 0xC0, 0xFF, 0x09, 0xC0, 0xFF, 0x09, 0xC0, 0xFF,
    0x08, 0xC0, 0xFF, 0x08, 0xB0, 0xFF, 0x08, 0xB0, 0xFF, 0x08, 0xB0, 0xFF, 0x08, 0xB0, 0xFF, 0x07,
    0xB0, 0xFF, 0x07, 0xA0, 0xFF, 0x07, 0xA0, 0xFF, 0x07, 0x20, 0x33, 0x01, 0x00, 0x00, 0x00, 0x00,
    0x00, 0x00, 0x00, 0x00, 0x00, 0x40, 0xCC, 0x04, 0xE0, 0xFF, 0x0E, 0xF0, 0xFF, 0x0F, 0x60, 0xEE,
    0x06, 0xF7, 0x2F, 0x70, 0xFF, 0x02, 0xF7, 0x2F, 0x70, 0xFF, 0x02, 0xF7, 0x2F, 0x70, 0xFF, 0x02,
    0xF7, 0x0F, 0x70, 0xFF, 0x01, 0xF7, 0x0F, 0x70, 0xFF, 0x00, 0xF7, 0x0E, 0x70, 0xEF, 0x00, 0xF7,
    0x0C, 0x70, 0xCF, 0x00, 0xF7, 0x0B, 0x70, 0xBF, 0x00, 0xF7, 0x09, 0x70, 0xAF, 0x00, 0x00, 0x00,
    0x00, 0x00, 0xFB, 0x0F, 0x00, 0x20, 0xFF, 0x08, 0x00, 0x00, 0x00, 0x00, 0x00, 0xFE, 0x0C, 0x00,
    0x50, 0xFF, 0x05, 0x00, 0x00, 0x00, 0x00, 0x10, 0xFF, 0x08, 0x00, 0x90, 0xFF, 0x01, 0x00, 0x00,
    0x00, 0x00, 0x50, 0xFF, 0x05, 0x00, 0xC0, 0xEF, 0x00, 0x00, 0x00, 0x00, 0x00, 0x80, 0xFF, 0x01,
    0x00, 0xF0, 0xAF, 0x00, 0x00, 0x00, 0x00, 0x00, 0xC0, 0xEF, 0x00, 0x00, 0xF3, 0x7F, 0x00, 0x00,
    0x00, 0x00, 0x00, 0xF0, 0xAF, 0x00, 0x00, 0xF7, 0x3F, 0x00, 0x00, 0x60, 0xFF, 0xFF, 0xFF, 0xFF,
    0xFF, 0xFF, 0xFF, 0xFF, 0xFF, 0x0E, 0x60, 0xFF, 0xFF, 0xFF, 0xFF, 0xFF, 0xFF, 0xFF, 0xFF, 0xFF,
    0x0E, 0x30, 0x99, 0x99, 0xFD, 0x9F, 0x99, 0x99, 0xFF, 0x9D, 0x99, 0x08, 0x00, 0x00, 0x00, 0xFC,
    0x0E, 0x00, 0x30, 0xFF, 0x07, 0x00, 0x00, 0x00, 0x00, 0x00, 0xFF, 0x0A, 0x00, 0x60, 0xFF, 0x03,
    0x00, 0x00, 0x00, 0x00, 0x20, 0xFF, 0x07, 0x00, 0xA0, 0xFF, 0x00, 0x00, 0x00, 0x00, 0x00, 0x60,
    0xFF, 0x04, 0x00, 0xD0, 0xDF, 0x00, 0x00, 0x00, 0x00, 0x00, 0x90, 0xFF, 0x01, 0x00, 0xF0, 0xAF,
    0x00, 0x00, 0x00, 0x00, 0x00, 0xC0, 0xEF, 0x00, 0x00, 0xF3, 0x7F, 0x00, 0x00, 0x00, 0xFC, 0xFF,
    0xFF, 0xFF, 0xFF, 0xFF, 0xFF, 0xFF, 0xFF, 0x8F, 0x00, 0xFC, 0xFF, 0xFF, 0xFF, 0xFF, 0xFF, 0xFF,
    0xFF, 0xFF, 0x8F, 0x00, 0x86, 0x88, 0xFB, 0xAF, 0x88, 0x88, 0xFE, 0x8E, 0x88, 0x48, 0x00, 0x00,
    0x00, 0xF8, 0x2F, 0x00, 0x00, 0xFF, 0x0B, 0x00, 0x00, 0x00, 0x00, 0x00, 0xFB, 0x0F, 0x00, 0x20,
    0xFF, 0x08, 0x00, 0x00, 0x00, 0x00, 0x00, 0xFE, 0x0C, 0x00, 0x50, 0xFF, 0x05, 0x00, 0x00, 0x00,
    0x00, 0x00, 0xFF, 0x09, 0x00, 0x80, 0xFF, 0x02, 0x00, 0x00, 0x00, 0x00, 0x30, 0xFF, 0x06, 0x00,
    0xA0, 0xFF, 0x00, 0x00, 0x00, 0x00, 0x00, 0x60, 0xFF, 0x03, 0x00, 0xD0, 0xCF, 0x00, 0x00, 0x00,
    0x00, 0x00, 0x90, 0xFF, 0x01, 0x00, 0xF0, 0xAF, 0x00, 0x00, 0x00, 0x00, 0x00, 0xC0, 0xEF, 0x00,
    0x00, 0xF3, 0x7F, 0x00, 0x00, 0x00, 0x00, 0x00, 0x00, 0x00, 0x00, 0x11, 0x00, 0x00, 0x00, 0x00,
    0x00, 0x00, 0x00, 0x40, 0xFF, 0x07, 0x00, 0x00, 0x00, 0x00, 0x00, 0x00, 0x40, 0xFF, 0x07, 0x00,
    0x00, 0x00, 0x00, 0x00, 0x00, 0x40, 0xFF, 0x07, 0x00, 0x00, 0x00, 0x00, 0x00, 0x00, 0x40, 0xFF,
    0x07, 0x00, 0x00, 0x00, 0x00, 0x00, 0x71, 0xFC, 0xFF, 0xCF, 0x06, 0x00, 0x00, 0x00, 0x50, 0xFE,
    0xFF, 0xFF, 0xFF, 0xEF, 0x03, 0x00, 0x00, 0xF5, 0xFF, 0xFF, 0xFF, 0xFF, 0xFF, 0x3F, 0x00, 0x10,
    0xFF, 0xFF, 0x27, 0x00, 0xA2, 0xFF, 0xDF, 0x00, 0x70, 0xFF, 0x4F, 0x00, 0x00, 0x00, 0xF9, 0xFF,
    0x05, 0xB0, 0xFF, 0x0C, 0x00, 0x00, 0x00, 0xE0, 0xFF, 0x0B, 0xE0, 0xFF, 0x09, 0x00, 0x00, 0x00,
    0x90, 0xFF, 0x0E, 0xE0, 0xFF, 0x08, 0x00, 0x00, 0x00, 0x60, 0xFF, 0x0F, 0xC0, 0xFF, 0x0C, 0x00,
    0x00, 0x00, 0x30, 0xAA, 0x0A, 0x80, 0xFF, 0x4F, 0x00, 0x00, 0x00, 0x00, 0x00, 0x00, 0x20, 0xFF,
    0xFF, 0x07, 0x00, 0x00, 0x00, 0x00, 0x00, 0x00, 0xF7, 0xFF, 0xEF, 0x27, 0x00, 0x00, 0x00, 0x00,
    0x00, 0x70, 0xFF, 0xFF, 0xFF, 0x6C, 0x00, 0x00, 0x00, 0x00, 0x00, 0xC3, 0xFF, 0xFF, 0xFF, 0x7F,
    0x00, 0x00, 0x00, 0x00, 0x00, 0xA4, 0xFF, 0xFF, 0xFF, 0x1C, 0x00, 0x00, 0x00, 0x00, 0x00, 0x50,
    0xFB, 0xFF, 0xDF, 0x00, 0x00, 0x00, 0x00, 0x00, 0x00, 0x40, 0xFD, 0xFF, 0x08, 0x00, 0x00, 0x00,
    0x00, 0x00, 0x00, 0xE1, 0xFF, 0x0E, 0x44, 0x24, 0x00, 0x00, 0x00, 0x00, 0x60, 0xFF, 0x2F, 0xFE,
    0x8F, 0x00, 0x00, 0x00, 0x00, 0x20, 0xFF, 0x4F, 0xFC, 0xAF, 0x00, 0x00, 0x00, 0x00, 0x20, 0xFF,
    0x4F, 0xF9, 0xFF, 0x01, 0x00, 0x00, 0x00, 0x70, 0xFF, 0x2F, 0xF3, 0xFF, 0x0A, 0x00, 0x00, 0x00,
    0xE2, 0xFF, 0x0D, 0xB0, 0xFF, 0xCF, 0x04, 0x00, 0x71, 0xFF, 0xFF, 0x05, 0x10, 0xFE, 0xFF, 0xFF,
    0xFE, 0xFF, 0xFF, 0xAF, 0x00, 0x00, 0xC1, 0xFF, 0xFF, 0xFF, 0xFF, 0xFF, 0x08, 0x00, 0x00, 0x00,
    0xA4, 0xFD, 0xFF, 0xCF, 0x17, 0x00, 0x00, 0x00, 0x00, 0x00, 0x90, 0xFF, 0x02, 0x00, 0x00, 0x00,
    0x00, 0x00, 0x00, 0x90, 0xFF, 0x02, 0x00, 0x00, 0x00, 0x00, 0x00, 0x00, 0x90, 0xFF, 0x02, 0x00,
    0x00, 0x00, 0x00, 0x00, 0x00, 0x50, 0x88, 0x01, 0x00, 0x00, 0x00, 0x00, 0x20, 0xEA, 0xEF, 0x2A,
    0x00, 0x00, 0x00, 0x00, 0x00, 0x00, 0x00, 0x00, 0x00, 0xF5, 0xFF, 0xFF, 0xFF, 0x04, 0x00, 0x00,
    0x00, 0x00, 0x00, 0x00, 0x00, 0x20, 0xFF, 0x7F, 0x74, 0xFF, 0x2F, 0x00, 0x00, 0x00, 0x00, 0x00,
    0x00, 0x00, 0xA0, 0xFF, 0x03, 0x00, 0xF3, 0x9F, 0x00, 0x00, 0x00, 0x6B, 0x00, 0x00, 0x00, 0xE0,
    0xBF, 0x00, 0x00, 0xC0, 0xDF, 0x00, 0x00, 0x60, 0xFF, 0x04, 0x00, 0x00, 0xF0, 0x9F, 0x00, 0x00,
    0x90, 0xFF, 0x00, 0x00, 0xF1, 0xAF, 0x00, 0x00, 0x00, 0xF0, 0x8F, 0x00, 0x00, 0x80, 0xFF, 0x00,
    0x00, 0xFB, 0x1E, 0x00, 0x00, 0x00, 0xF0, 0x8F, 0x00, 0x00, 0x90, 0xFF, 0x00, 0x50, 0xFF, 0x06,
    0x00, 0x00, 0x00, 0xE0, 0xBF, 0x00, 0x00, 0xB0, 0xDF, 0x00, 0xE0, 0xCF, 0x00, 0x00, 0x00, 0x00,
    0xA0, 0xFF, 0x03, 0x00, 0xF3, 0x9F, 0x00, 0xF9, 0x2F, 0x00, 0x00, 0x00, 0x00, 0x20, 0xFF, 0x7F,
    0x74, 0xFF, 0x2F, 0x30, 0xFF, 0x07, 0x00, 0x00, 0x00, 0x00, 0x00, 0xF5, 0xFF, 0xFF, 0xFF, 0x05,
    0xD0, 0xDF, 0x00, 0x00, 0x00, 0x00, 0x00, 0x00, 0x20, 0xEA, 0xEF, 0x2A, 0x00, 0xF7, 0x3F, 0x00,
    0x00, 0x00, 0x00, 0x00, 0x00, 0x00, 0x00, 0x00, 0x00, 0x20, 0xFF, 0x09, 0x00, 0x00, 0x00, 0x00,
    0x00, 0x00, 0x00, 0x00, 0x00, 0x00, 0xC0, 0xEF, 0x00, 0x91, 0xFE, 0xBE, 0x03, 0x00, 0x00, 0x00,
    0x00, 0x00, 0x00, 0xF6, 0x5F, 0x30, 0xFE, 0xFF, 0xFF, 0x7F, 0x00, 0x00, 0x00, 0x00, 0x00, 0x10,
    0xFE, 0x0A, 0xE1, 0xFF, 0x48, 0xE6, 0xFF, 0x04, 0x00, 0x00, 0x00, 0x00, 0xA0, 0xFF, 0x01, 0xF7,
    0x5F, 0x00, 0x10, 0xFF, 0x0C, 0x00, 0x00, 0x00, 0x00, 0xF4, 0x6F, 0x00, 0xFC, 0x0D, 0x00, 0x00,
    0xF9, 0x0F, 0x00, 0x00, 0x00, 0x00, 0xFE, 0x0C, 0x00, 0xFD, 0x0B, 0x00, 0x00, 0xF6, 0x2F, 0x00,
    0x00, 0x00, 0x90, 0xFF, 0x02, 0x00, 0xFE, 0x0A, 0x00, 0x00, 0xF6, 0x3F, 0x00, 0x00, 0x00, 0xF3,
    0x8F, 0x00, 0x00, 0xFD, 0x0B, 0x00, 0x00, 0xF6, 0x2F, 0x00, 0x00, 0x00, 0xFD, 0x0D, 0x00, 0x00,
    0xFC, 0x0D, 0x00, 0x00, 0xF9, 0x1F, 0x00, 0x00, 0x60, 0xFF, 0x04, 0x00, 0x00, 0xF7, 0x5F, 0x00,
    0x10, 0xFF, 0x0C, 0x00, 0x00, 0x00, 0x98, 0x00, 0x00, 0x00, 0xE1, 0xFF, 0x48, 0xE6, 0xFF, 0x04,
    0x00, 0x00, 0x00, 0x00, 0x00, 0x00, 0x00, 0x30, 0xFE, 0xFF, 0xFF, 0x7F, 0x00, 0x00, 0x00, 0x00,
    0x00, 0x00, 0x00, 0x00, 0x00, 0x91, 0xFD, 0xBE, 0x04, 0x00, 0x00, 0x00, 0x00, 0xA5, 0xFE, 0xDF,
    0x18, 0x00, 0x00, 0x00, 0x00, 0x00, 0x00, 0x00, 0xB1, 0xFF, 0xFF, 0xFF, 0xFF, 0x05, 0x00, 0x00,
    0x00, 0x00, 0x00, 0x00, 0xFC, 0xFF, 0xEF, 0xFE, 0xFF, 0x4F, 0x00, 0x00, 0x00, 0x00, 0x00, 0x50,
    0xFF, 0xCF, 0x02, 0x40, 0xFE, 0xDF, 0x00, 0x00, 0x00, 0x00, 0x00, 0xA0, 0xFF, 0x1E, 0x00, 0x00,
    0xF3, 0xFF, 0x01, 0x00, 0x00, 0x00, 0x00, 0xD0, 0xFF, 0x0A, 0x00, 0x00, 0xF0, 0xFF, 0x03, 0x00,
    0x00, 0x00, 0x00, 0xE0, 0xFF, 0x08, 0x00, 0x00, 0xF0, 0xFF, 0x01, 0x00, 0x00, 0x00, 0x00, 0xC0,
    0xFF, 0x0C, 0x00, 0x00, 0xF7, 0xDF, 0x00, 0x00, 0x00, 0x00, 0x00, 0x70, 0xFF, 0x3F, 0x00, 0x50,
    0xFF, 0x6F, 0x00, 0x00, 0x00, 0x00, 0x00, 0x10, 0xFE, 0xDF, 0x00, 0xF9, 0xFF, 0x09, 0x00, 0x00,
    0x00, 0x00, 0x00, 0x00, 0xF5, 0xFF, 0xEB, 0xFF, 0x9F, 0x00, 0x00, 0x00, 0x00, 0x00, 0x00, 0x00,
    0x90, 0xFF, 0xFF, 0xFF, 0x05, 0x00, 0x00, 0x00, 0x00, 0x00, 0x00, 0x00, 0x30, 0xFF, 0xFF, 0x1D,
    0x00, 0x00, 0x00, 0x00, 0x00, 0x00, 0x00, 0x00, 0xF6, 0xFF, 0xFF, 0x3F, 0x00, 0x00, 0x00, 0x00,
    0x00, 0x00, 0x00, 0x90, 0xFF, 0xEF, 0xFE, 0xEF, 0x02, 0x00, 0x10, 0x77, 0x07, 0x00, 0x00, 0xF8,
    0xFF, 0x1B, 0xF3, 0xFF, 0x1D, 0x00, 0x30, 0xFF, 0x0D, 0x00, 0x40, 0xFF, 0xBF, 0x00, 0x50, 0xFF,
    0xCF, 0x00, 0x50, 0xFF, 0x0C, 0x00, 0xB0, 0xFF, 0x0E, 0x00, 0x00, 0xF7, 0xFF, 0x0A, 0x90, 0xFF,
    0x0A, 0x00, 0xF0, 0xFF, 0x08, 0x00, 0x00, 0x90, 0xFF, 0x8F, 0xD0, 0xFF, 0x06, 0x00, 0xF1, 0xFF,
    0x05, 0x00, 0x00, 0x00, 0xFB, 0xFF, 0xFA, 0xFF, 0x01, 0x00, 0xF0, 0xFF, 0x06, 0x00, 0x00, 0x00,
    0xD0, 0xFF, 0xFF, 0xAF, 0x00, 0x00, 0xD0, 0xFF, 0x0B, 0x00, 0x00, 0x00, 0x10, 0xFE, 0xFF, 0x1F,
    0x00, 0x00, 0x80, 0xFF, 0x5F, 0x00, 0x00, 0x00, 0x10, 0xFB, 0xFF, 0x1E, 0x00, 0x00, 0x10, 0xFE,
    0xFF, 0x18, 0x00, 0x10, 0xE6, 0xFF, 0xFF, 0xBF, 0x00, 0x00, 0x00, 0xF3, 0xFF, 0xFF, 0xDE, 0xFE,
    0xFF, 0xFF, 0xFC, 0xFF, 0x08, 0x00, 0x00, 0x20, 0xFC, 0xFF, 0xFF, 0xFF, 0xFF, 0x5D, 0xB0, 0xFF,
    0x5F, 0x00, 0x00, 0x00, 0x40, 0xD9, 0xFE, 0xDE, 0x49, 0x00, 0x10, 0xFE, 0xFF, 0x02, 0xF1, 0xBF,
    0xF1, 0xBF, 0xF1, 0xAF, 0xF1, 0x9F, 0xF1, 0x8F, 0xF1, 0x8F, 0xF1, 0x7F, 0xF1, 0x6F, 0xF1, 0x5F,
    0x00, 0x00, 0x00, 0x00, 0x94, 0x00, 0x00, 0x00, 0x00, 0x70, 0xFF, 0x00, 0x00, 0x00, 0x00, 0xF7,
    0xDF, 0x01, 0x00, 0x00, 0x50, 0xFF, 0x1D, 0x00, 0x00, 0x00, 0xF2, 0xFF, 0x02, 0x00, 0x00, 0x00,
    0xFB, 0x6F, 0x00, 0x00, 0x00, 0x50, 0xFF, 0x0C, 0x00, 0x00, 0x00, 0xD0, 0xFF, 0x05, 0x00, 0x00,
    0x00, 0xF5, 0xDF, 0x00, 0x00, 0x00, 0x00, 0xFC, 0x7F, 0x00, 0x00, 0x00, 0x10, 0xFF, 0x2F, 0x00,
    0x00, 0x00, 0x60, 0xFF, 0x0D, 0x00, 0x00, 0x00, 0xA0, 0xFF, 0x09, 0x00, 0x00, 0x00, 0xE0, 0xFF,
    0x06, 0x00, 0x00, 0x00, 0xF1, 0xFF, 0x04, 0x00, 0x00, 0x00, 0xF4, 0xFF, 0x01, 0x00, 0x00, 0x00,
    0xF5, 0xFF, 0x00, 0x00, 0x00, 0x00, 0xF7, 0xFF, 0x00, 0x00, 0x00, 0x00, 0xF8, 0xEF, 0x00, 0x00,
    0x00, 0x00, 0xF8, 0xEF, 0x00, 0x00, 0x00, 0x00, 0xF8, 0xFF, 0x00, 0x00, 0x00, 0x00, 0xF7, 0xFF,
    0x00, 0x00, 0x00, 0x00, 0xF5, 0xFF, 0x00, 0x00, 0x00, 0x00, 0xF4, 0xFF, 0x02, 0x00, 0x00, 0x00,
    0xF1, 0xFF, 0x04, 0x00, 0x00, 0x00, 0xE0, 0xFF, 0x06, 0x00, 0x00, 0x00, 0xB0, 0xFF, 0x09, 0x00,
    0x00, 0x00, 0x70, 0xFF, 0x0E, 0x00, 0x00, 0x00, 0x10, 0xFF, 0x2F, 0x00, 0x00, 0x00, 0x00, 0xFC,
    0x7F, 0x00, 0x00, 0x00, 0x00, 0xF5, 0xEF, 0x00, 0x00, 0x00, 0x00, 0xD0, 0xFF, 0x04, 0x00, 0x00,
    0x00, 0x50, 0xFF, 0x0C, 0x00, 0x00, 0x00, 0x00, 0xFB, 0x5F, 0x00, 0x00, 0x00, 0x00, 0xF2, 0xEF,
    0x01, 0x00, 0x00, 0x00, 0x50, 0xFF, 0x0C, 0x00, 0x00, 0x00, 0x00, 0xF7, 0xCF, 0x00, 0x00, 0x00,
    0x00, 0x70, 0xFF, 0x01, 0x00, 0x00, 0x00, 0x00, 0xA4, 0x00, 0xA0, 0x04, 0x00, 0x00, 0x00, 0x00,
    0xF1, 0x7F, 0x00, 0x00, 0x00, 0x00, 0xC1, 0xFF, 0x07, 0x00, 0x00, 0x00, 0x00, 0xFD, 0x5F, 0x00,
    0x00, 0x00, 0x00, 0xF2, 0xFF, 0x02, 0x00, 0x00, 0x00, 0x70, 0xFF, 0x0B, 0x00, 0x00, 0x00, 0x00,
    0xFD, 0x5F, 0x00, 0x00, 0x00, 0x00, 0xF6, 0xDF, 0x00, 0x00, 0x00, 0x00, 0xE0, 0xFF, 0x05, 0x00,
    0x00, 0x00, 0x90, 0xFF, 0x0B, 0x00, 0x00, 0x00, 0x40, 0xFF, 0x1F, 0x00, 0x00, 0x00, 0x00, 0xFF,
    0x6F, 0x00, 0x00, 0x00, 0x00, 0xFB, 0xAF, 0x00, 0x00, 0x00, 0x00, 0xF8, 0xEF, 0x00, 0x00, 0x00,
    0x00, 0xF5, 0xFF, 0x01, 0x00, 0x00, 0x00, 0xF2, 0xFF, 0x03, 0x00, 0x00, 0x00, 0xF1, 0xFF, 0x05,
    0x00, 0x00, 0x00, 0xF0, 0xFF, 0x07, 0x00, 0x00, 0x00, 0xF0, 0xFF, 0x07, 0x00, 0x00, 0x00, 0xF0,
    0xFF, 0x08, 0x00, 0x00, 0x00, 0xF0, 0xFF, 0x07, 0x00, 0x00, 0x00, 0xF0, 0xFF, 0x07, 0x00, 0x00,
    0x00, 0xF0, 0xFF, 0x05, 0x00, 0x00, 0x00, 0xF2, 0xFF, 0x03, 0x00, 0x00, 0x00, 0xF4, 0xFF, 0x01,
    0x00, 0x00, 0x00, 0xF7, 0xEF, 0x00, 0x00, 0x00, 0x00, 0xFA, 0xAF, 0x00, 0x00, 0x00, 0x00, 0xFE,
    0x6F, 0x00, 0x00, 0x00, 0x20, 0xFF, 0x1F, 0x00, 0x00, 0x00, 0x70, 0xFF, 0x0B, 0x00, 0x00, 0x00,
    0xD0, 0xFF, 0x05, 0x00, 0x00, 0x00, 0xF4, 0xDF, 0x00, 0x00, 0x00, 0x00, 0xFC, 0x5F, 0x00, 0x00,
    0x00, 0x50, 0xFF, 0x0B, 0x00, 0x00, 0x00, 0xE1, 0xFF, 0x02, 0x00, 0x00, 0x00, 0xFC, 0x5F, 0x00,
    0x00, 0x00, 0xC0, 0xFF, 0x07, 0x00, 0x00, 0x00, 0xF1, 0x7F, 0x00, 0x00, 0x00, 0x00, 0xA0, 0x04,
    0x00, 0x00, 0x00, 0x00, 0x00, 0x00, 0x00, 0xF2, 0xAF, 0x00, 0x00, 0x00, 0x00, 0x00, 0x00, 0xF2,
    0x9F, 0x00, 0x00, 0x00, 0x00, 0x00, 0x00, 0xF1, 0x9F, 0x00, 0x00, 0x00, 0x00, 0x00, 0x00, 0xF1,
    0x8F, 0x00, 0x00, 0x00, 0x80, 0x16, 0x00, 0xF1, 0x8F, 0x00, 0x40, 0x19, 0xF1, 0xFF, 0x5B, 0xF1,
    0x7F, 0x83, 0xFE, 0x6F, 0xF5, 0xFF, 0xFF, 0xFF, 0xFF, 0xFF, 0xFF, 0xAF, 0x20, 0xB7, 0xFF, 0xFF,
    0xFF, 0xFF, 0x8D, 0x04, 0x00, 0x00, 0x50, 0xFF, 0xFF, 0x18, 0x00, 0x00, 0x00, 0x00, 0xA0, 0xFF,
    0xFF, 0x0D, 0x00, 0x00, 0x00, 0x00, 0xF6, 0xAF, 0xF9, 0x9F, 0x00, 0x00, 0x00, 0x20, 0xFF, 0x1F,
    0xE0, 0xFF, 0x05, 0x00, 0x00, 0xD0, 0xFF, 0x06, 0x40, 0xFF, 0x1E, 0x00, 0x00, 0xF5, 0xCF, 0x00,
    0x00, 0xFA, 0x9F, 0x00, 0x00, 0x40, 0x2D, 0x00, 0x00, 0xE1, 0x08, 0x00, 0x00, 0x00, 0x00, 0x00,
    0x00, 0x10, 0x00, 0x00, 0x00, 0x00, 0x00, 0x00, 0xEE, 0x6E, 0x00, 0x00, 0x00, 0x00, 0x00, 0x00,
    0x00, 0x00, 0xFF, 0x7F, 0x00, 0x00, 0x00, 0x00, 0x00, 0x00, 0x00, 0x00, 0xFF, 0x7F, 0x00, 0x00,
    0x00, 0x00, 0x00, 0x00, 0x00, 0x00, 0xFF, 0x7F, 0x00, 0x00, 0x00, 0x00, 0x00, 0x00, 0x00, 0x00,
    0xFF, 0x7F, 0x00, 0x00, 0x00, 0x00, 0x00, 0x00, 0x00, 0x00, 0xFF, 0x7F, 0x00, 0x00, 0x00, 0x00,
    0x00, 0x00, 0x00, 0x00, 0xFF, 0x7F, 0x00, 0x00, 0x00, 0x00, 0x00, 0x00, 0x00, 0x00, 0xFF, 0x7F,
    0x00, 0x00, 0x00, 0x00, 0xF8, 0xFF, 0xFF, 0xFF, 0xFF, 0xFF, 0xFF, 0xFF, 0xFF, 0x0F, 0xF8, 0xFF,
    0xFF, 0xFF, 0xFF, 0xFF, 0xFF, 0xFF, 0xFF, 0x0F, 0xF8, 0xFF, 0xFF, 0xFF, 0xFF, 0xFF, 0xFF, 0xFF,
    0xFF, 0x0F, 0x42, 0x44, 0x44, 0x44, 0xFF, 0x9F, 0x44, 0x44, 0x44, 0x03, 0x00, 0x00, 0x00, 0x00,
    0xFF, 0x7F, 0x00, 0x00, 0x00, 0x00, 0x00, 0x00, 0x00, 0x00, 0xFF, 0x7F, 0x00, 0x00, 0x00, 0x00,
    0x00, 0x00, 0x00, 0x00, 0xFF, 0x7F, 0x00, 0x00, 0x00, 0x00, 0x00, 0x00, 0x00, 0x00, 0xFF, 0x7F,
    0x00, 0x00, 0x00, 0x00, 0x00, 0x00, 0x00, 0x00, 0xFF, 0x7F, 0x00, 0x00, 0x00, 0x00, 0x00, 0x00,
    0x00, 0x00, 0xFF, 0x7F, 0x00, 0x00, 0x00, 0x00, 0x00, 0x00, 0x00, 0x00, 0xFF, 0x7F, 0x00, 0x00,
    0x00, 0x00, 0x00, 0x00, 0x00, 0x00, 0xCC, 0x5C, 0x00, 0x00, 0x00, 0x00, 0x00, 0x10, 0x01, 0x00,
    0xFA, 0xBF, 0x00, 0xFA, 0xBF, 0x00, 0xFA, 0xBF, 0x00, 0xFB, 0x9F, 0x00, 0xFE, 0x6F, 0x30, 0xFF,
    0x1F, 0xB0, 0xFF, 0x08, 0xF3, 0xDF, 0x00, 0x50, 0x1C, 0x00, 0xF5, 0xFF, 0xFF, 0xFF, 0xBF, 0xF5,
    0xFF, 0xFF, 0xFF, 0xBF, 0xC3, 0xCC, 0xCC, 0xCC, 0x9C, 0x00, 0x00, 0x00, 0xA0, 0xEF, 0x04, 0xF3,
    0xFF, 0x0D, 0xF3, 0xFF, 0x0D, 0x90, 0xDF, 0x04, 0x00, 0x00, 0x00, 0x00, 0x00, 0x90, 0xFF, 0x05,
    0x00, 0x00, 0x00, 0x00, 0x00, 0xF0, 0xEF, 0x00, 0x00, 0x00, 0x00, 0x00, 0x00, 0xF5, 0x9F, 0x00,
    0x00, 0x00, 0x00, 0x00, 0x00, 0xFC, 0x2F, 0x00, 0x00, 0x00, 0x00, 0x00, 0x20, 0xFF, 0x0C, 0x00,
    0x00, 0x00, 0x00, 0x00, 0x80, 0xFF, 0x06, 0x00, 0x00, 0x00, 0x00, 0x00, 0xE0, 0xFF, 0x00, 0x00,
    0x00, 0x00, 0x00, 0x00, 0xF4, 0xAF, 0x00, 0x00, 0x00, 0x00, 0x00, 0x00, 0xFB, 0x3F, 0x00, 0x00,
    0x00, 0x00, 0x00, 0x10, 0xFF, 0x0D, 0x00, 0x00, 0x00, 0x00, 0x00, 0x70, 0xFF, 0x07, 0x00, 0x00,
    0x00, 0x00, 0x00, 0xD0, 0xFF, 0x01, 0x00, 0x00, 0x00, 0x00, 0x00, 0xF4, 0xBF, 0x00, 0x00, 0x00,
    0x00, 0x00, 0x00, 0xFA, 0x4F, 0x00, 0x00, 0x00, 0x00, 0x00, 0x10, 0xFF, 0x0E, 0x00, 0x00, 0x00,
    0x00, 0x00, 0x60, 0xFF, 0x08, 0x00, 0x00, 0x00, 0x00, 0x00, 0xC0, 0xFF, 0x02, 0x00, 0x00, 0x00,
    0x00, 0x00, 0xF3, 0xBF, 0x00, 0x00, 0x00, 0x00, 0x00, 0x00, 0xF9, 0x5F, 0x00, 0x00, 0x00, 0x00,
    0x00, 0x00, 0xFF, 0x0E, 0x00, 0x00, 0x00, 0x00, 0x00, 0x50, 0xFF, 0x09, 0x00, 0x00, 0x00, 0x00,
    0x00, 0xC0, 0xFF, 0x03, 0x00, 0x00, 0x00, 0x00, 0x00, 0xF2, 0xCF, 0x00, 0x00, 0x00, 0x00, 0x00,
    0x00, 0xF8, 0x6F, 0x00, 0x00, 0x00, 0x00, 0x00, 0x00, 0xFE, 0x1F, 0x00, 0x00, 0x00, 0x00, 0x00,
    0x50, 0xFF, 0x0A, 0x00, 0x00, 0x00, 0x00, 0x00, 0xB0, 0xFF, 0x04, 0x00, 0x00, 0x00, 0x00, 0x00,
    0xF1, 0xDF, 0x00, 0x00, 0x00, 0x00, 0x00, 0x00, 0xF7, 0x7F, 0x00, 0x00, 0x00, 0x00, 0x00, 0x00,
    0x00, 0x00, 0x72, 0xEC, 0xEF, 0x9D, 0x04, 0x00, 0x00, 0x00, 0x70, 0xFF, 0xFF, 0xFF, 0xFF, 0xBF,
    0x01, 0x00, 0x00, 0xF8, 0xFF, 0xFF, 0xED, 0xFF, 0xFF, 0x0C, 0x00, 0x30, 0xFF, 0xDF, 0x04, 0x00,
    0xB2, 0xFF, 0x8F, 0x00, 0xB0, 0xFF, 0x1E, 0x00, 0x00, 0x00, 0xFB, 0xFF, 0x01, 0xF1, 0xFF, 0x07,
    0x00, 0x00, 0x00, 0xF2, 0xFF, 0x06, 0xF5, 0xFF, 0x01, 0x00, 0x00, 0x00, 0xC0, 0xFF, 0x0A, 0xF8,
    0xDF, 0x00, 0x00, 0x00, 0x00, 0x80, 0xFF, 0x0D, 0xFB, 0xBF, 0x00, 0x00, 0x00, 0x00, 0x60, 0xFF,
    0x0F, 0xFC, 0x9F, 0x00, 0x00, 0x00, 0x00, 0x40, 0xFF, 0x1F, 0xFD, 0x9F, 0x00, 0x00, 0x00, 0x00,
    0x40, 0xFF, 0x2F, 0xFD, 0x9F, 0x00, 0x00, 0x00, 0x00, 0x40, 0xFF, 0x2F, 0xFD, 0x9F, 0x00, 0x00,
    0x00, 0x00, 0x40, 0xFF, 0x3F, 0xFD, 0x9F, 0x00, 0x00, 0x00, 0x00, 0x40, 0xFF, 0x3F, 0xFD, 0x9F,
    0x00, 0x00, 0x00, 0x00, 0x40, 0xFF, 0x3F, 0xFD, 0x9F, 0x00, 0x00, 0x00, 0x00, 0x40, 0xFF, 0x2F,
    0xFD, 0x9F, 0x00, 0x00, 0x00, 0x00, 0x40, 0xFF, 0x2F, 0xFC, 0x9F, 0x00, 0x00, 0x00, 0x00, 0x50,
    0xFF, 0x1F, 0xFA, 0xBF, 0x00, 0x00, 0x00, 0x00, 0x60, 0xFF, 0x0F, 0xF8, 0xDF, 0x00, 0x00, 0x00,
    0x00, 0x80, 0xFF, 0x0D, 0xF5, 0xFF, 0x01, 0x00, 0x00, 0x00, 0xC0, 0xFF, 0x0A, 0xF0, 0xFF, 0x07,
    0x00, 0x00, 0x00, 0xF2, 0xFF, 0x05, 0xA0, 0xFF, 0x2F, 0x00, 0x00, 0x00, 0xFB, 0xFF, 0x00, 0x20,
    0xFF, 0xEF, 0x04, 0x00, 0xA2, 0xFF, 0x7F, 0x00, 0x00, 0xF7, 0xFF, 0xEF, 0xED, 0xFF, 0xFF, 0x0C,
    0x00, 0x00, 0x60, 0xFF, 0xFF, 0xFF, 0xFF, 0xAF, 0x00, 0x00, 0x00, 0x00, 0x71, 0xEC, 0xEF, 0x9D,
    0x03, 0x00, 0x00, 0x00, 0x00, 0x00, 0x00, 0xC6, 0x08, 0x00, 0x00, 0x20, 0xF9, 0xFF, 0x08, 0x00,
    0x50, 0xFC, 0xFF, 0xFF, 0x08, 0x82, 0xFE, 0xFF, 0xFF, 0xFF, 0x08, 0xFD, 0xFF, 0xFF, 0xFB, 0xFF,
    0x08, 0xFD, 0xDF, 0x17, 0xE0, 0xFF, 0x08, 0x9C, 0x03, 0x00, 0xE0, 0xFF, 0x08, 0x00, 0x00, 0x00,
    0xE0, 0xFF, 0x08, 0x00, 0x00, 0x00, 0xE0, 0xFF, 0x08, 0x00, 0x00, 0x00, 0xE0, 0xFF, 0x08, 0x00,
    0x00, 0x00, 0xE0, 0xFF, 0x08, 0x00, 0x00, 0x00, 0xE0, 0xFF, 0x08, 0x00, 0x00, 0x00, 0xE0, 0xFF,
    0x08, 0x00, 0x00, 0x00, 0xE0, 0xFF, 0x08, 0x00, 0x00, 0x00, 0xE0, 0xFF, 0x08, 0x00, 0x00, 0x00,
    0xE0, 0xFF, 0x08, 0x00, 0x00, 0x00, 0xE0, 0xFF, 0x08, 0x00, 0x00, 0x00, 0xE0, 0xFF, 0x08, 0x00,
    0x00, 0x00, 0xE0, 0xFF, 0x08, 0x00, 0x00, 0x00, 0xE0, 0xFF, 0x08, 0x00, 0x00, 0x00, 0xE0, 0xFF,
    0x08, 0x00, 0x00, 0x00, 0xE0, 0xFF, 0x08, 0x00, 0x00, 0x00, 0xE0, 0xFF, 0x08, 0x00, 0x00, 0x00,
    0xE0, 0xFF, 0x08, 0x00, 0x00, 0x00, 0xE0, 0xFF, 0x08, 0x00, 0x00, 0x00, 0xE0, 0xFF, 0x08, 0x00,
    0x00, 0x00, 0xE0, 0xFF, 0x08, 0x00, 0x00, 0x30, 0xC9, 0xFE, 0xDE, 0x49, 0x00, 0x00, 0x00, 0x00,
    0x10, 0xFB, 0xFF, 0xFF, 0xFF, 0xFF, 0x1C, 0x00, 0x00, 0x00, 0xE2, 0xFF, 0xFF, 0xDE, 0xFE, 0xFF,
    0xEF, 0x01, 0x00, 0x00, 0xFD, 0xFF, 0x29, 0x00, 0x30, 0xFC, 0xFF, 0x0C, 0x00, 0x70, 0xFF, 0x6F,
    0x00, 0x00, 0x00, 0xB0, 0xFF, 0x3F, 0x00, 0xD0, 0xFF, 0x0C, 0x00, 0x00, 0x00, 0x20, 0xFF, 0x8F,
    0x00, 0xF1, 0xFF, 0x06, 0x00, 0x00, 0x00, 0x00, 0xFD, 0xAF, 0x00, 0xF3, 0xFF, 0x03, 0x00, 0x00,
    0x00, 0x00, 0xFC, 0xAF, 0x00, 0x51, 0x55, 0x00, 0x00, 0x00, 0x00, 0x00, 0xFE, 0x8F, 0x00, 0x00,
    0x00, 0x00, 0x00, 0x00, 0x00, 0x20, 0xFF, 0x4F, 0x00, 0x00, 0x00, 0x00, 0x00, 0x00, 0x00, 0x80,
    0xFF, 0x0D, 0x00, 0x00, 0x00, 0x00, 0x00, 0x00, 0x00, 0xF2, 0xFF, 0x06, 0x00, 0x00, 0x00, 0x00,
    0x00, 0x00, 0x00, 0xFD, 0xCF, 0x00, 0x00, 0x00, 0x00, 0x00, 0x00, 0x00, 0xB0, 0xFF, 0x2F, 0x00,
    0x00, 0x00, 0x00, 0x00, 0x00, 0x00, 0xF9, 0xFF, 0x05, 0x00, 0x00, 0x00, 0x00, 0x00, 0x00, 0x80,
    0xFF, 0x7F, 0x00, 0x00, 0x00, 0x00, 0x00, 0x00, 0x00, 0xF6, 0xFF, 0x09, 0x00, 0x00, 0x00, 0x00,
    0x00, 0x00, 0x50, 0xFF, 0xAF, 0x00, 0x00, 0x00, 0x00, 0x00, 0x00, 0x00, 0xF4, 0xFF, 0x0B, 0x00,
    0x00, 0x00, 0x00, 0x00, 0x00, 0x30, 0xFF, 0xCF, 0x00, 0x00, 0x00, 0x00, 0x00, 0x00, 0x00, 0xE2,
    0xFF, 0x0C, 0x00, 0x00, 0x00, 0x00, 0x00, 0x00, 0x10, 0xFE, 0xDF, 0x01, 0x00, 0x00, 0x00, 0x00,
    0x00, 0x00, 0xD1, 0xFF, 0x1E, 0x00, 0x00, 0x00, 0x00, 0x00, 0x00, 0x00, 0xFC, 0xEF, 0x02, 0x00,
    0x00, 0x00, 0x00, 0x00, 0x00, 0x90, 0xFF, 0xEF, 0xCC, 0xCC, 0xCC, 0xCC, 0xCC, 0xCC, 0x0C, 0xC0,
    0xFF, 0xFF, 0xFF, 0xFF, 0xFF, 0xFF, 0xFF, 0xFF, 0x0F, 0xC0, 0xFF, 0xFF, 0xFF, 0xFF, 0xFF, 0xFF,
    0xFF, 0xFF, 0x0F, 0x00, 0x00, 0x30, 0xD9, 0xFF, 0xCE, 0x28, 0x00, 0x00, 0x00, 0x10, 0xFB, 0xFF,
    0xFF, 0xFF, 0xFF, 0x09, 0x00, 0x00, 0xE1, 0xFF, 0xFF, 0xDE, 0xFE, 0xFF, 0xBF, 0x00, 0x00, 0xFD,
    0xFF, 0x18, 0x00, 0x30, 0xFB, 0xFF, 0x07, 0x60, 0xFF, 0x6F, 0x00, 0x00, 0x00, 0xC0, 0xFF, 0x0E,
    0xB0, 0xFF, 0x0C, 0x00, 0x00, 0x00, 0x40, 0xFF, 0x3F, 0xE0, 0xFF, 0x08, 0x00, 0x00, 0x00, 0x00,
    0xFF, 0x6F, 0x70, 0x77, 0x03, 0x00, 0x00, 0x00, 0x00, 0xFF, 0x7F, 0x00, 0x00, 0x00, 0x00, 0x00,
    0x00, 0x10, 0xFF, 0x5F, 0x00, 0x00, 0x00, 0x00, 0x00, 0x00, 0x60, 0xFF, 0x1F, 0x00, 0x00, 0x00,
    0x00, 0x00, 0x00, 0xF3, 0xFF, 0x09, 0x00, 0x00, 0x00, 0x00, 0x00, 0x83, 0xFF, 0xBF, 0x00, 0x00,
    0x00, 0x00, 0xFC, 0xFF, 0xFF, 0xFF, 0x09, 0x00, 0x00, 0x00, 0x00, 0xFC, 0xFF, 0xFF, 0xBF, 0x01,
    0x00, 0x00, 0x00, 0x00, 0xC9, 0xDC, 0xFF, 0xFF, 0x7F, 0x00, 0x00, 0x00, 0x00, 0x00, 0x00, 0x30,
    0xFB, 0xFF, 0x08, 0x00, 0x00, 0x00, 0x00, 0x00, 0x00, 0x90, 0xFF, 0x3F, 0x00, 0x00, 0x00, 0x00,
    0x00, 0x00, 0x00, 0xFE, 0x9F, 0x00, 0x00, 0x00, 0x00, 0x00, 0x00, 0x00, 0xFA, 0xCF, 0x81, 0x88,
    0x01, 0x00, 0x00, 0x00, 0x00, 0xF9, 0xDF, 0xF2, 0xFF, 0x04, 0x00, 0x00, 0x00, 0x00, 0xFA, 0xCF,
    0xF0, 0xFF, 0x09, 0x00, 0x00, 0x00, 0x00, 0xFE, 0x9F, 0xA0, 0xFF, 0x3F, 0x00, 0x00, 0x00, 0x70,
    0xFF, 0x4F, 0x20, 0xFF, 0xFF, 0x17, 0x00, 0x20, 0xF9, 0xFF, 0x0B, 0x00, 0xF4, 0xFF, 0xFF, 0xDD,
    0xFE, 0xFF, 0xDF, 0x01, 0x00, 0x30, 0xFD, 0xFF, 0xFF, 0xFF, 0xFF, 0x1A, 0x00, 0x00, 0x00, 0x50,
    0xDA, 0xFF, 0xCE, 0x28, 0x00, 0x00, 0x00, 0x00, 0x00, 0x00, 0x00, 0x00, 0xF3, 0xFF, 0x0B, 0x00,
    0x00, 0x00, 0x00, 0x00, 0x00, 0x00, 0x00, 0xFD, 0xFF, 0x0B, 0x00, 0x00, 0x00, 0x00, 0x00, 0x00,
    0x00, 0x80, 0xFF, 0xFF, 0x0B, 0x00, 0x00, 0x00, 0x00, 0x00, 0x00, 0x00, 0xF3, 0xFF, 0xFF, 0x0B,
    0x00, 0x00, 0x00, 0x00, 0x00, 0x00, 0x00, 0xFC, 0xFF, 0xFF, 0x0B, 0x00, 0x00, 0x00, 0x00, 0x00,
    0x00, 0x70, 0xFF, 0xBD, 0xFF, 0x0B, 0x00, 0x00, 0x00, 0x00, 0x00, 0x00, 0xF2, 0xFF, 0xB3, 0xFF,
    0x0B, 0x00, 0x00, 0x00, 0x00, 0x00, 0x00, 0xFB, 0x8F, 0xB0, 0xFF, 0x0B, 0x00, 0x00, 0x00, 0x00,
    0x00, 0x60, 0xFF, 0x0E, 0xB0, 0xFF, 0x0B, 0x00, 0x00, 0x00, 0x00, 0x00, 0xF1, 0xFF, 0x04, 0xB0,
    0xFF, 0x0B, 0x00, 0x00, 0x00, 0x00, 0x00, 0xFA, 0xAF, 0x00, 0xB0, 0xFF, 0x0B, 0x00, 0x00, 0x00,
    0x00, 0x50, 0xFF, 0x1E, 0x00, 0xB0, 0xFF, 0x0B, 0x00, 0x00, 0x00, 0x00, 0xE1, 0xFF, 0x06, 0x00,
    0xB0, 0xFF, 0x0B, 0x00, 0x00, 0x00, 0x00, 0xF9, 0xBF, 0x00, 0x00, 0xB0, 0xFF, 0x0B, 0x00, 0x00,
    0x00, 0x40, 0xFF, 0x2F, 0x00, 0x00, 0xB0, 0xFF, 0x0B, 0x00, 0x00, 0x00, 0xD0, 0xFF, 0x07, 0x00,
    0x00, 0xB0, 0xFF, 0x0B, 0x00, 0x00, 0x00, 0xF8, 0xDF, 0x00, 0x00, 0x00, 0xB0, 0xFF, 0x0B, 0x00,
    0x00, 0x30, 0xFF, 0x3F, 0x00, 0x00, 0x00, 0xB0, 0xFF, 0x0B, 0x00, 0x00, 0xD0, 0xFF, 0xFF, 0xFF,
    0xFF, 0xFF, 0xFF, 0xFF, 0xFF, 0xFF, 0x07, 0xF0, 0xFF, 0xFF, 0xFF, 0xFF, 0xFF, 0xFF, 0xFF, 0xFF,
    0xFF, 0x07, 0xC0, 0xCC, 0xCC, 0xCC, 0xCC, 0xCC, 0xFC, 0xFF, 0xCF, 0xCC, 0x06, 0x00, 0x00, 0x00,
    0x00, 0x00, 0x00, 0xB0, 0xFF, 0x0B, 0x00, 0x00, 0x00, 0x00, 0x00, 0x00, 0x00, 0x00, 0xB0, 0xFF,
    0x0B, 0x00, 0x00, 0x00, 0x00, 0x00, 0x00, 0x00, 0x00, 0xB0, 0xFF, 0x0B, 0x00, 0x00, 0x00, 0x00,
    0x00, 0x00, 0x00, 0x00, 0xB0, 0xFF, 0x0B, 0x00, 0x00, 0x00, 0x00, 0x00, 0x00, 0x00, 0x00, 0xB0,
    0xFF, 0x0B, 0x00, 0x00, 0x00, 0x00, 0x00, 0x00, 0x00, 0x00, 0xB0, 0xFF, 0x0B, 0x00, 0x00, 0x00,
    0xD0, 0xFF, 0xFF, 0xFF, 0xFF, 0xFF, 0xFF, 0x0F, 0x00, 0xF0, 0xFF, 0xFF, 0xFF, 0xFF, 0xFF, 0xFF,
    0x0F, 0x00, 0xF0, 0xFF, 0xFF, 0xFF, 0xFF, 0xFF, 0xFF, 0x0F, 0x00, 0xF2, 0xFF, 0x23, 0x22, 0x22,
    0x22, 0x22, 0x02, 0x00, 0xF4, 0xFF, 0x00, 0x00, 0x00, 0x00, 0x00, 0x00, 0x00, 0xF6, 0xDF, 0x00,
    0x00, 0x00, 0x00, 0x00, 0x00, 0x00, 0xF7, 0xBF, 0x00, 0x00, 0x00, 0x00, 0x00, 0x00, 0x00, 0xF9,
    0x9F, 0x00, 0x00, 0x00, 0x00, 0x00, 0x00, 0x00, 0xFB, 0x7F, 0x00, 0x00, 0x00, 0x00, 0x00, 0x00,
    0x00, 0xFC, 0x6F, 0xB6, 0xFE, 0xDF, 0x29, 0x00, 0x00, 0x00, 0xFE, 0xFF, 0xFF, 0xFF, 0xFF, 0xFF,
    0x09, 0x00, 0x00, 0xFF, 0xFF, 0xFF, 0xFF, 0xFF, 0xFF, 0xAF, 0x00, 0x10, 0xFF, 0xFF, 0x49, 0x22,
    0xA4, 0xFF, 0xFF, 0x06, 0x00, 0x84, 0x2B, 0x00, 0x00, 0x00, 0xF5, 0xFF, 0x0E, 0x00, 0x00, 0x00,
    0x00, 0x00, 0x00, 0x80, 0xFF, 0x5F, 0x00, 0x00, 0x00, 0x00, 0x00, 0x00, 0x10, 0xFF, 0x8F, 0x00,
    0x00, 0x00, 0x00, 0x00, 0x00, 0x00, 0xFC, 0xBF, 0x00, 0x00, 0x00, 0x00, 0x00, 0x00, 0x00, 0xFA,
    0xCF, 0x00, 0x00, 0x00, 0x00, 0x00, 0x00, 0x00, 0xF9, 0xCF, 0x70, 0x77, 0x01, 0x00, 0x00, 0x00,
    0x00, 0xFB, 0xBF, 0xF0, 0xFF, 0x05, 0x00, 0x00, 0x00, 0x00, 0xFE, 0x9F, 0xB0, 0xFF, 0x0A, 0x00,
    0x00, 0x00, 0x40, 0xFF, 0x5F, 0x60, 0xFF, 0x4F, 0x00, 0x00, 0x00, 0xD1, 0xFF, 0x0E, 0x00, 0xFD,
    0xFF, 0x17, 0x00, 0x40, 0xFD, 0xFF, 0x06, 0x00, 0xE2, 0xFF, 0xFF, 0xDD, 0xFE, 0xFF, 0xAF, 0x00,
    0x00, 0x10, 0xFC, 0xFF, 0xFF, 0xFF, 0xFF, 0x08, 0x00, 0x00, 0x00, 0x40, 0xD9, 0xFF, 0xCE, 0x18,
    0x00, 0x00, 0x00, 0x00, 0x00, 0x00, 0x83, 0xDB, 0xBF, 0x00, 0x00, 0x00, 0x00, 0x00, 0xD5, 0xFF,
    0xFF, 0xBF, 0x00, 0x00, 0x00, 0x00, 0xB0, 0xFF, 0xFF, 0xFF, 0xAF, 0x00, 0x00, 0x00, 0x10, 0xFC,
    0xFF, 0x8E, 0x04, 0x00, 0x00, 0x00, 0x00, 0xB0, 0xFF, 0x9F, 0x00, 0x00, 0x00, 0x00, 0x00, 0x00,
    0xF5, 0xFF, 0x06, 0x00, 0x00, 0x00, 0x00, 0x00, 0x00, 0xFE, 0x9F, 0x00, 0x00, 0x00, 0x00, 0x00,
    0x00, 0x40, 0xFF, 0x1F, 0x00, 0x00, 0x00, 0x00, 0x00, 0x00, 0xA0, 0xFF, 0x09, 0x00, 0x00, 0x00,
    0x00, 0x00, 0x00, 0xE0, 0xFF, 0x04, 0xA5, 0xFE, 0xCE, 0x18, 0x00, 0x00, 0xF1, 0xFF, 0xD3, 0xFF,
    0xFF, 0xFF, 0xFF, 0x05, 0x00, 0xF4, 0xFF, 0xFE, 0xFF, 0xEE, 0xFF, 0xFF, 0x6F, 0x00, 0xF6, 0xFF,
    0xFF, 0x29, 0x00, 0x71, 0xFF, 0xFF, 0x02, 0xF7, 0xFF, 0x5F, 0x00, 0x00, 0x00, 0xF5, 0xFF, 0x0A,
    0xF8, 0xFF, 0x07, 0x00, 0x00, 0x00, 0xA0, 0xFF, 0x0F, 0xF8, 0xFF, 0x00, 0x00, 0x00, 0x00, 0x30,
    0xFF, 0x4F, 0xF8, 0xEF, 0x00, 0x00, 0x00, 0x00, 0x00, 0xFF, 0x6F, 0xF7, 0xFF, 0x00, 0x00, 0x00,
    0x00, 0x00, 0xFE, 0x7F, 0xF6, 0xFF, 0x00, 0x00, 0x00, 0x00, 0x00, 0xFE, 0x7F, 0xF3, 0xFF, 0x03,
    0x00, 0x00, 0x00, 0x00, 0xFF, 0x6F, 0xF0, 0xFF, 0x08, 0x00, 0x00, 0x00, 0x30, 0xFF, 0x3F, 0x90,
    0xFF, 0x1E, 0x00, 0x00, 0x00, 0xA0, 0xFF, 0x0E, 0x20, 0xFF, 0xBF, 0x00, 0x00, 0x00, 0xF4, 0xFF,
    0x08, 0x00, 0xF8, 0xFF, 0x3C, 0x00, 0x70, 0xFF, 0xEF, 0x01, 0x00, 0xA0, 0xFF, 0xFF, 0xEE, 0xFF,
    0xFF, 0x3F, 0x00, 0x00, 0x00, 0xF8, 0xFF, 0xFF, 0xFF, 0xDF, 0x03, 0x00, 0x00, 0x00, 0x20, 0xD8,
    0xFF, 0xBE, 0x06, 0x00, 0x00, 0xF9, 0xFF, 0xFF, 0xFF, 0xFF, 0xFF, 0xFF, 0xFF, 0xFF, 0x0B, 0xF9,
    0xFF, 0xFF, 0xFF, 0xFF, 0xFF, 0xFF, 0xFF, 0xFF, 0x0A, 0xD7, 0xDD, 0xDD, 0xDD, 0xDD, 0xDD, 0xDD,
    0xFD, 0xFF, 0x06, 0x00, 0x00, 0x00, 0x00, 0x00, 0x00, 0x00, 0xF4, 0xFF, 0x00, 0x00, 0x00, 0x00,
    0x00, 0x00, 0x00, 0x00, 0xFB, 0x8F, 0x00, 0x00, 0x00, 0x00, 0x00, 0x00, 0x00, 0x30, 0xFF, 0x1F,
    0x00, 0x00, 0x00, 0x00, 0x00, 0x00, 0x00, 0xA0, 0xFF, 0x0A, 0x00, 0x00, 0x00, 0x00, 0x00, 0x00,
    0x00, 0xF1, 0xFF, 0x03, 0x00, 0x00, 0x00, 0x00, 0x00, 0x00, 0x00, 0xF9, 0xCF, 0x00, 0x00, 0x00,
    0x00, 0x00, 0x00, 0x00, 0x10, 0xFF, 0x4F, 0x00, 0x00, 0x00, 0x00, 0x00, 0x00, 0x00, 0x70, 0xFF,
    0x0D, 0x00, 0x00, 0x00, 0x00, 0x00, 0x00, 0x00, 0xE0, 0xFF, 0x06, 0x00, 0x00, 0x00, 0x00, 0x00,
    0x00, 0x00, 0xF6, 0xEF, 0x00, 0x00, 0x00, 0x00, 0x00, 0x00, 0x00, 0x00, 0xFD, 0x8F, 0x00, 0x00,
    0x00, 0x00, 0x00, 0x00, 0x00, 0x50, 0xFF, 0x1F, 0x00, 0x00, 0x00, 0x00, 0x00, 0x00, 0x00, 0xC0,
    0xFF, 0x0A, 0x00, 0x00, 0x00, 0x00, 0x00, 0x00, 0x00, 0xF4, 0xFF, 0x03, 0x00, 0x00, 0x00, 0x00,
    0x00, 0x00, 0x00, 0xFB, 0xBF, 0x00, 0x00, 0x00, 0x00, 0x00, 0x00, 0x00, 0x20, 0xFF, 0x4F, 0x00,
    0x00, 0x00, 0x00, 0x00, 0x00, 0x00, 0xA0, 0xFF, 0x0D, 0x00, 0x00, 0x00, 0x00, 0x00, 0x00, 0x00,
    0xF1, 0xFF, 0x06, 0x00, 0x00, 0x00, 0x00, 0x00, 0x00, 0x00, 0xF9, 0xEF, 0x00, 0x00, 0x00, 0x00,
    0x00, 0x00, 0x00, 0x10, 0xFF, 0x8F, 0x00, 0x00, 0x00, 0x00, 0x00, 0x00, 0x00, 0x70, 0xFF, 0x1F,
    0x00, 0x00, 0x00, 0x00, 0x00, 0x00, 0x00, 0xE0, 0xFF, 0x09, 0x00, 0x00, 0x00, 0x00, 0x00, 0x00,
    0x00, 0xF6, 0xFF, 0x02, 0x00, 0x00, 0x00, 0x00, 0x00, 0x00, 0x00, 0xFD, 0xBF, 0x00, 0x00, 0x00,
    0x00, 0x00, 0x00, 0x00, 0x00, 0x71, 0xEC, 0xEF, 0x9D, 0x03, 0x00, 0x00, 0x00, 0x70, 0xFF, 0xFF,
    0xFF, 0xFF, 0xAF, 0x01, 0x00, 0x00, 0xF8, 0xFF, 0xFF, 0xED, 0xFF, 0xFF, 0x0C, 0x00, 0x40, 0xFF,
    0xEF, 0x05, 0x00, 0xC3, 0xFF, 0x9F, 0x00, 0xC0, 0xFF, 0x2E, 0x00, 0x00, 0x00, 0xFC, 0xFF, 0x01,
    0xF1, 0xFF, 0x07, 0x00, 0x00, 0x00, 0xF3, 0xFF, 0x06, 0xF3, 0xFF, 0x03, 0x00, 0x00, 0x00, 0xE0,
    0xFF, 0x08, 0xF4, 0xFF, 0x02, 0x00, 0x00, 0x00, 0xD0, 0xFF, 0x09, 0xF3, 0xFF, 0x04, 0x00, 0x00,
    0x00, 0xE0, 0xFF, 0x08, 0xE0, 0xFF, 0x08, 0x00, 0x00, 0x00, 0xF3, 0xFF, 0x04, 0x80, 0xFF, 0x3F,
    0x00, 0x00, 0x00, 0xFC, 0xDF, 0x00, 0x00, 0xFB, 0xFF, 0x27, 0x10, 0xD5, 0xFF, 0x2E, 0x00, 0x00,
    0xA0, 0xFF, 0xFF, 0xFF, 0xFF, 0xDF, 0x03, 0x00, 0x00, 0x10, 0xFC, 0xFF, 0xFF, 0xFF, 0x2E, 0x00,
    0x00, 0x00, 0xE5, 0xFF, 0xEF, 0xED, 0xFF, 0xFF, 0x08, 0x00, 0x50, 0xFF, 0xBF, 0x03, 0x00, 0x81,
    0xFF, 0x9F, 0x00, 0xF1, 0xFF, 0x09, 0x00, 0x00, 0x00, 0xF5, 0xFF, 0x05, 0xF8, 0xEF, 0x00, 0x00,
    0x00, 0x00, 0xA0, 0xFF, 0x0D, 0xFC, 0xAF, 0x00, 0x00, 0x00, 0x00, 0x40, 0xFF, 0x2F, 0xFE, 0x8F,
    0x00, 0x00, 0x00, 0x00, 0x30, 0xFF, 0x3F, 0xFD, 0x9F, 0x00, 0x00, 0x00, 0x00, 0x40, 0xFF, 0x3F,
    0xFB, 0xDF, 0x00, 0x00, 0x00, 0x00, 0x80, 0xFF, 0x0F, 0xF6, 0xFF, 0x07, 0x00, 0x00, 0x00, 0xF2,
    0xFF, 0x0B, 0xD0, 0xFF, 0x9F, 0x02, 0x00, 0x60, 0xFF, 0xFF, 0x03, 0x20, 0xFE, 0xFF, 0xEF, 0xDD,
    0xFF, 0xFF, 0x6F, 0x00, 0x00, 0xB1, 0xFF, 0xFF, 0xFF, 0xFF, 0xEF, 0x04, 0x00, 0x00, 0x00, 0x93,
    0xEC, 0xFF, 0xAD, 0x05, 0x00, 0x00, 0x00, 0x00, 0x30, 0xD9, 0xFF, 0xAD, 0x05, 0x00, 0x00, 0x00,
    0x00, 0xFA, 0xFF, 0xFF, 0xFF, 0xCF, 0x02, 0x00, 0x00, 0xC0, 0xFF, 0xFF, 0xEE, 0xFF, 0xFF, 0x2E,
    0x00, 0x00, 0xF9, 0xFF, 0x3B, 0x00, 0x81, 0xFF, 0xDF, 0x00, 0x20, 0xFF, 0xAF, 0x00, 0x00, 0x00,
    0xF6, 0xFF, 0x07, 0x80, 0xFF, 0x1F, 0x00, 0x00, 0x00, 0xB0, 0xFF, 0x0E, 0xD0, 0xFF, 0x09, 0x00,
    0x00, 0x00, 0x30, 0xFF, 0x4F, 0xF0, 0xFF, 0x05, 0x00, 0x00, 0x00, 0x00, 0xFE, 0x7F, 0xF1, 0xFF,
    0x04, 0x00, 0x00, 0x00, 0x00, 0xFB, 0xAF, 0xF1, 0xFF, 0x04, 0x00, 0x00, 0x00, 0x00, 0xFA, 0xCF,
    0xF0, 0xFF, 0x05, 0x00, 0x00, 0x00, 0x00, 0xF9, 0xDF, 0xE0, 0xFF, 0x09, 0x00, 0x00, 0x00, 0x00,
    0xFA, 0xDF, 0x90, 0xFF, 0x1F, 0x00, 0x00, 0x00, 0x20, 0xFF, 0xDF, 0x40, 0xFF, 0xAF, 0x00, 0x00,
    0x00, 0xD2, 0xFF, 0xDF, 0x00, 0xFB, 0xFF, 0x2A, 0x00, 0x60, 0xFE, 0xFF, 0xCF, 0x00, 0xE1, 0xFF,
    0xFF, 0xDE, 0xFF, 0xEF, 0xFC, 0xAF, 0x00, 0x10, 0xFD, 0xFF, 0xFF, 0xFF, 0x2C, 0xFB, 0x8F, 0x00,
    0x00, 0x60, 0xEB, 0xEF, 0x5B, 0x00, 0xFE, 0x5F, 0x00, 0x00, 0x00, 0x00, 0x00, 0x00, 0x20, 0xFF,
    0x1F, 0x00, 0x00, 0x00, 0x00, 0x00, 0x00, 0x70, 0xFF, 0x0D, 0x00, 0x00, 0x00, 0x00, 0x00, 0x00,
    0xE1, 0xFF, 0x07, 0x00, 0x00, 0x00, 0x00, 0x00, 0x00, 0xFB, 0xEF, 0x00, 0x00, 0x00, 0x00, 0x00,
    0x00, 0xC2, 0xFF, 0x5F, 0x00, 0x00, 0x00, 0x00, 0x10, 0xA5, 0xFF, 0xFF, 0x08, 0x00, 0x00, 0x00,
    0xE4, 0xFF, 0xFF, 0xFF, 0x7F, 0x00, 0x00, 0x00, 0x00, 0xF5, 0xFF, 0xFF, 0xBF, 0x02, 0x00, 0x00,
    0x00, 0x00, 0xF5, 0xCE, 0x6A, 0x02, 0x00, 0x00, 0x00, 0xB0, 0xCF, 0x02, 0xF6, 0xFF, 0x0A, 0xF6,
    0xFF, 0x0A, 0xC1, 0xEF, 0x03, 0x00, 0x00, 0x00, 0x00, 0x00, 0x00, 0x00, 0x00, 0x00, 0x00, 0x00,
    0x00, 0x00, 0x00, 0x00, 0x00, 0x00, 0x00, 0x00, 0x00, 0x00, 0x00, 0x00, 0x00, 0x00, 0x00, 0x00,
    0x00, 0x00, 0x00, 0x00, 0x00, 0x00, 0x00, 0x00, 0x00, 0xC0, 0xEF, 0x02, 0xF6, 0xFF, 0x0A, 0xF6,
    0xFF, 0x0A, 0xB0, 0xCF, 0x02, 0x00, 0xD4, 0x9F, 0x00, 0x00, 0xFD, 0xFF, 0x03, 0x00, 0xFD, 0xFF,
    0x03, 0x00, 0xF5, 0xAF, 0x00, 0x00, 0x00, 0x00, 0x00, 0x00, 0x00, 0x00, 0x00, 0x00, 0x00, 0x00,
    0x00, 0x00, 0x00, 0x00, 0x00, 0x00, 0x00, 0x00, 0x00, 0x00, 0x00, 0x00, 0x00, 0x00, 0x00, 0x00,
    0x00, 0x00, 0x00, 0x00, 0x00, 0x00, 0x00, 0x00, 0x00, 0x00, 0x00, 0x00, 0x00, 0x00, 0x00, 0x00,
    0x00, 0x00, 0x10, 0x01, 0x00, 0x00, 0xF6, 0xFF, 0x00, 0x00, 0xF6, 0xFF, 0x00, 0x00, 0xF6, 0xEF,
    0x00, 0x00, 0xF7, 0xCF, 0x00, 0x00, 0xFA, 0x9F, 0x00, 0x00, 0xFF, 0x3F, 0x00, 0x70, 0xFF, 0x0C,
    0x00, 0xF1, 0xFF, 0x02, 0x00, 0x30, 0x3C, 0x00, 0x00, 0x00, 0x00, 0x00, 0x00, 0x00, 0x00, 0x10,
    0x78, 0x00, 0x00, 0x00, 0x00, 0x00, 0x20, 0xF9, 0x8F, 0x00, 0x00, 0x00, 0x00, 0x20, 0xFA, 0xFF,
    0x8F, 0x00, 0x00, 0x00, 0x30, 0xFB, 0xFF, 0xFF, 0x6F, 0x00, 0x00, 0x40, 0xFC, 0xFF, 0xFF, 0x8E,
    0x01, 0x00, 0x50, 0xFD, 0xFF, 0xFF, 0x5C, 0x00, 0x00, 0x60, 0xFE, 0xFF, 0xFF, 0x3A, 0x00, 0x00,
    0x00, 0xFA, 0xFF, 0xDF, 0x17, 0x00, 0x00, 0x00, 0x00, 0xFA, 0xFF, 0x08, 0x00, 0x00, 0x00, 0x00,
    0x00, 0xFA, 0xFF, 0xCF, 0x06, 0x00, 0x00, 0x00, 0x00, 0x60, 0xFD, 0xFF, 0xEF, 0x29, 0x00, 0x00,
    0x00, 0x00, 0x50, 0xFD, 0xFF, 0xFF, 0x5B, 0x00, 0x00, 0x00, 0x00, 0x40, 0xFC, 0xFF, 0xFF, 0x8E,
    0x01, 0x00, 0x00, 0x00, 0x30, 0xFB, 0xFF, 0xFF, 0x6F, 0x00, 0x00, 0x00, 0x00, 0x20, 0xFA, 0xFF,
    0x8F, 0x00, 0x00, 0x00, 0x00, 0x00, 0x20, 0xF9, 0x8F, 0x00, 0x00, 0x00, 0x00, 0x00, 0x00, 0x10,
    0x78, 0xF2, 0xFF, 0xFF, 0xFF, 0xFF, 0xFF, 0xFF, 0xFF, 0x04, 0xF2, 0xFF, 0xFF, 0xFF, 0xFF, 0xFF,
    0xFF, 0xFF, 0x04, 0xF2, 0xFF, 0xFF, 0xFF, 0xFF, 0xFF, 0xFF, 0xFF, 0x04, 0x00, 0x00, 0x00, 0x00,
    0x00, 0x00, 0x00, 0x00, 0x00, 0x00, 0x00, 0x00, 0x00, 0x00, 0x00, 0x00, 0x00, 0x00, 0x00, 0x00,
    0x00, 0x00, 0x00, 0x00, 0x00, 0x00, 0x00, 0x00, 0x00, 0x00, 0x00, 0x00, 0x00, 0x00, 0x00, 0x00,
    0x00, 0x00, 0x00, 0x00, 0x00, 0x00, 0x00, 0x00, 0x00, 0xF2, 0xFF, 0xFF, 0xFF, 0xFF, 0xFF, 0xFF,
    0xFF, 0x04, 0xF2, 0xFF, 0xFF, 0xFF, 0xFF, 0xFF, 0xFF, 0xFF, 0x04, 0xF2, 0xFF, 0xFF, 0xFF, 0xFF,
    0xFF, 0xFF, 0xFF, 0x04, 0x87, 0x01, 0x00, 0x00, 0x00, 0x00, 0x00, 0x00, 0x00, 0xF8, 0xAF, 0x03,
    0x00, 0x00, 0x00, 0x00, 0x00, 0x00, 0xF8, 0xFF, 0xBF, 0x04, 0x00, 0x00, 0x00, 0x00, 0x00, 0xF5,
    0xFF, 0xFF, 0xDF, 0x06, 0x00, 0x00, 0x00, 0x00, 0x00, 0xC6, 0xFF, 0xFF, 0xEF, 0x18, 0x00, 0x00,
    0x00, 0x00, 0x00, 0x92, 0xFE, 0xFF, 0xFF, 0x29, 0x00, 0x00, 0x00, 0x00, 0x00, 0x50, 0xFC, 0xFF,
    0xFF, 0x4B, 0x00, 0x00, 0x00, 0x00, 0x00, 0x20, 0xE8, 0xFF, 0xFF, 0x05, 0x00, 0x00, 0x00, 0x00,
    0x00, 0x10, 0xFC, 0xFF, 0x05, 0x00, 0x00, 0x00, 0x00, 0x30, 0xFA, 0xFF, 0xFF, 0x04, 0x00, 0x00,
    0x00, 0x61, 0xFD, 0xFF, 0xFF, 0x3A, 0x00, 0x00, 0x00, 0xA3, 0xFF, 0xFF, 0xFF, 0x29, 0x00, 0x00,
    0x00, 0xD6, 0xFF, 0xFF, 0xEF, 0x17, 0x00, 0x00, 0x00, 0xF5, 0xFF, 0xFF, 0xDF, 0x06, 0x00, 0x00,
    0x00, 0x00, 0xF8, 0xFF, 0xBF, 0x04, 0x00, 0x00, 0x00, 0x00, 0x00, 0xF8, 0xAF, 0x03, 0x00, 0x00,
    0x00, 0x00, 0x00, 0x00, 0x87, 0x01, 0x00, 0x00, 0x00, 0x00, 0x00, 0x00, 0x00, 0x00, 0x00, 0xA5,
    0xFE, 0xEF, 0x5B, 0x00, 0x00, 0x00, 0xD2, 0xFF, 0xFF, 0xFF, 0xFF, 0x2D, 0x00, 0x20, 0xFE, 0xFF,
    0xFF, 0xFF, 0xFF, 0xEF, 0x01, 0xC0, 0xFF, 0xAF, 0x03, 0x30, 0xFB, 0xFF, 0x0A, 0xF3, 0xFF, 0x08,
    0x00, 0x00, 0xB0, 0xFF, 0x1F, 0xF7, 0xFF, 0x00, 0x00, 0x00, 0x30, 0xFF, 0x4F, 0xB6, 0x9B, 0x00,
    0x00, 0x00, 0x00, 0xFF, 0x6F, 0x00, 0x00, 0x00, 0x00, 0x00, 0x00, 0xFF, 0x5F, 0x00, 0x00, 0x00,
    0x00, 0x00, 0x40, 0xFF, 0x3F, 0x00, 0x00, 0x00, 0x00, 0x00, 0xB0, 0xFF, 0x0D, 0x00, 0x00, 0x00,
    0x00, 0x00, 0xF6, 0xFF, 0x06, 0x00, 0x00, 0x00, 0x00, 0x50, 0xFF, 0xCF, 0x00, 0x00, 0x00, 0x00,
    0x00, 0xF5, 0xFF, 0x1E, 0x00, 0x00, 0x00, 0x00, 0x40, 0xFF, 0xEF, 0x02, 0x00, 0x00, 0x00, 0x00,
    0xF2, 0xFF, 0x2D, 0x00, 0x00, 0x00, 0x00, 0x00, 0xFA, 0xFF, 0x02, 0x00, 0x00, 0x00, 0x00, 0x00,
    0xFF, 0x8F, 0x00, 0x00, 0x00, 0x00, 0x00, 0x30, 0xFF, 0x4F, 0x00, 0x00, 0x00, 0x00, 0x00, 0x50,
    0xFF, 0x1F, 0x00, 0x00, 0x00, 0x00, 0x00, 0x10, 0x44, 0x04, 0x00, 0x00, 0x00, 0x00, 0x00, 0x00,
    0x00, 0x00, 0x00, 0x00, 0x00, 0x00, 0x00, 0x00, 0x00, 0x00, 0x00, 0x00, 0x00, 0x00, 0x00, 0x00,
    0x00, 0x00, 0x00, 0x00, 0x00, 0x00, 0x00, 0x00, 0xDA, 0x0A, 0x00, 0x00, 0x00, 0x00, 0x00, 0x60,
    0xFF, 0x6F, 0x00, 0x00, 0x00, 0x00, 0x00, 0x70, 0xFF, 0x7F, 0x00, 0x00, 0x00, 0x00, 0x00, 0x10,
    0xFC, 0x1C, 0x00, 0x00, 0x00, 0x00, 0x00, 0x00, 0x00, 0x00, 0x00, 0x95, 0xEC, 0xFF, 0xDE, 0x6A,
    0x01, 0x00, 0x00, 0x00, 0x00, 0x00, 0x00, 0x00, 0x00, 0x10, 0xF8, 0xFF, 0xFF, 0xFF, 0xFF, 0xFF,
    0xAF, 0x02, 0x00, 0x00, 0x00, 0x00, 0x00, 0x00, 0x00, 0xF6, 0xFF, 0xEF, 0x8B, 0x87, 0xA9, 0xFE,
    0xFF, 0x7F, 0x00, 0x00, 0x00, 0x00, 0x00, 0x00, 0xA0, 0xFF, 0xAF, 0x04, 0x00, 0x00, 0x00, 0x20,
    0xF8, 0xFF, 0x0B, 0x00, 0x00, 0x00, 0x00, 0x00, 0xFA, 0xDF, 0x03, 0x00, 0x00, 0x00, 0x00, 0x00,
    0x10, 0xFA, 0xAF, 0x00, 0x00, 0x00, 0x00, 0x90, 0xFF, 0x0B, 0x00, 0x00, 0x00, 0x00, 0x00, 0x00,
    0x00, 0x90, 0xFF, 0x06, 0x00, 0x00, 0x00, 0xF5, 0xCF, 0x00, 0x00, 0x00, 0x00, 0x00, 0x00, 0x00,
    0x00, 0x00, 0xFA, 0x1F, 0x00, 0x00, 0x00, 0xFE, 0x1E, 0x00, 0x00, 0x00, 0x00, 0x00, 0x00, 0x00,
    0x00, 0x00, 0xF1, 0x9F, 0x00, 0x00, 0x80, 0xFF, 0x06, 0x00, 0x00, 0x00, 0xA3, 0xFE, 0xBE, 0x05,
    0x00, 0x00, 0x70, 0xFF, 0x00, 0x00, 0xE0, 0xDF, 0x00, 0x00, 0x00, 0x80, 0xFF, 0xFF, 0xFF, 0xCF,
    0x02, 0x00, 0x20, 0xFF, 0x05, 0x00, 0xF6, 0x6F, 0x00, 0x00, 0x00, 0xF9, 0xEF, 0x69, 0xD7, 0xFF,
    0x09, 0x00, 0x00, 0xFC, 0x09, 0x00, 0xFB, 0x0F, 0x00, 0x00, 0x50, 0xFF, 0x1D, 0x00, 0x40, 0xFF,
    0x08, 0x00, 0x00, 0xF8, 0x0D, 0x00, 0xFF, 0x0B, 0x00, 0x00, 0xE0, 0xFF, 0x02, 0x00, 0x50, 0xFF,
    0x06, 0x00, 0x00, 0xF6, 0x0F, 0x40, 0xFF, 0x06, 0x00, 0x00, 0xF7, 0x8F, 0x00, 0x00, 0x60, 0xFF,
    0x05, 0x00, 0x00, 0xF3, 0x1F, 0x70, 0xFF, 0x03, 0x00, 0x00, 0xFC, 0x1F, 0x00, 0x00, 0x80, 0xFF,
    0x03, 0x00, 0x00, 0xF2, 0x3F, 0x90, 0xFF, 0x01, 0x00, 0x20, 0xFF, 0x0C, 0x00, 0x00, 0x90, 0xFF,
    0x02, 0x00, 0x00, 0xF2, 0x3F, 0xB0, 0xFF, 0x00, 0x00, 0x50, 0xFF, 0x08, 0x00, 0x00, 0xB0, 0xFF,
    0x00, 0x00, 0x00, 0xF2, 0x3F, 0xC0, 0xEF, 0x00, 0x00, 0x80, 0xFF, 0x06, 0x00, 0x00, 0xC0, 0xFF,
    0x00, 0x00, 0x00, 0xF2, 0x3F, 0xC0, 0xDF, 0x00, 0x00, 0xB0, 0xFF, 0x04, 0x00, 0x00, 0xE0, 0xDF,
    0x00, 0x00, 0x00, 0xF3, 0x1F, 0xC0, 0xDF, 0x00, 0x00, 0xC0, 0xFF, 0x02, 0x00, 0x00, 0xF0, 0xCF,
    0x00, 0x00, 0x00, 0xF6, 0x0F, 0xC0, 0xEF, 0x00, 0x00, 0xC0, 0xFF, 0x02, 0x00, 0x00, 0xF1, 0xAF,
    0x00, 0x00, 0x00, 0xF9, 0x0C, 0xA0, 0xFF, 0x00, 0x00, 0xB0, 0xFF, 0x04, 0x00, 0x00, 0xF8, 0xAF,
    0x00, 0x00, 0x00, 0xFE, 0x07, 0x90, 0xFF, 0x02, 0x00, 0x90, 0xFF, 0x08, 0x00, 0x20, 0xFF, 0xBF,
    0x00, 0x00, 0x70, 0xFF, 0x01, 0x60, 0xFF, 0x05, 0x00, 0x50, 0xFF, 0x3F, 0x00, 0xD2, 0xFF, 0xFF,
    0x01, 0x00, 0xF3, 0x9F, 0x00, 0x20, 0xFF, 0x09, 0x00, 0x00, 0xFD, 0xFF, 0xBB, 0xFF, 0x7B, 0xFF,
    0x4C, 0x83, 0xFF, 0x0D, 0x00, 0x00, 0xFD, 0x0E, 0x00, 0x00, 0xF3, 0xFF, 0xFF, 0xBF, 0x00, 0xFD,
    0xFF, 0xFF, 0xCF, 0x01, 0x00, 0x00, 0xF8, 0x5F, 0x00, 0x00, 0x20, 0xEA, 0xCF, 0x06, 0x00, 0x81,
    0xFD, 0xBE, 0x06, 0x00, 0x00, 0x00, 0xF1, 0xDF, 0x00, 0x00, 0x00, 0x00, 0x00, 0x00, 0x00, 0x00,
    0x00, 0x00, 0x00, 0x00, 0x00, 0x00, 0x80, 0xFF, 0x08, 0x00, 0x00, 0x00, 0x00, 0x00, 0x00, 0x00,
    0x00, 0x00, 0x00, 0x00, 0x00, 0x00, 0x00, 0xFD, 0x6F, 0x00, 0x00, 0x00, 0x00, 0x00, 0x00, 0x00,
    0x00, 0x00, 0x00, 0x00, 0x00, 0x00, 0x00, 0xF3, 0xFF, 0x08, 0x00, 0x00, 0x00, 0x00, 0x00, 0x00,
    0x00, 0x00, 0x00, 0x00, 0x00, 0x00, 0x00, 0x30, 0xFF, 0xDF, 0x05, 0x00, 0x00, 0x00, 0x00, 0x93,
    0x00, 0x00, 0x00, 0x00, 0x00, 0x00, 0x00, 0x00, 0xC2, 0xFF, 0xEF, 0x7A, 0x56, 0x75, 0xD9, 0xFF,
    0x03, 0x00, 0x00, 0x00, 0x00, 0x00, 0x00, 0x00, 0x00, 0xD5, 0xFF, 0xFF, 0xFF, 0xFF, 0xFF, 0xDF,
    0x03, 0x00, 0x00, 0x00, 0x00, 0x00, 0x00, 0x00, 0x00, 0x00, 0x83, 0xDB, 0xFF, 0xEF, 0x8B, 0x03,
    0x00, 0x00, 0x00, 0x00, 0x00, 0x00, 0x00, 0x00, 0x00, 0x00, 0xF5, 0xFF, 0x02, 0x00, 0x00, 0x00,
    0x00, 0x00, 0x00, 0x00, 0x00, 0x00, 0x00, 0xFB, 0xFF, 0x08, 0x00, 0x00, 0x00, 0x00, 0x00, 0x00,
    0x00, 0x00, 0x00, 0x10, 0xFF, 0xFF, 0x0E, 0x00, 0x00, 0x00, 0x00, 0x00, 0x00, 0x00, 0x00, 0x00,
    0x70, 0xFF, 0xFF, 0x4F, 0x00, 0x00, 0x00, 0x00, 0x00, 0x00, 0x00, 0x00, 0x00, 0xD0, 0xFF, 0xFD,
    0xAF, 0x00, 0x00, 0x00, 0x00, 0x00, 0x00, 0x00, 0x00, 0x00, 0xF4, 0xFF, 0xF3, 0xFF, 0x01, 0x00,
    0x00, 0x00, 0x00, 0x00, 0x00, 0x00, 0x00, 0xFA, 0x9F, 0xD0, 0xFF, 0x07, 0x00, 0x00, 0x00, 0x00,
    0x00, 0x00, 0x00, 0x00, 0xFF, 0x4F, 0x70, 0xFF, 0x0D, 0x00, 0x00, 0x00, 0x00, 0x00, 0x00, 0x00,
    0x60, 0xFF, 0x0E, 0x10, 0xFF, 0x3F, 0x00, 0x00, 0x00, 0x00, 0x00, 0x00, 0x00, 0xC0, 0xFF, 0x08,
    0x00, 0xFB, 0x9F, 0x00, 0x00, 0x00, 0x00, 0x00, 0x00, 0x00, 0xF2, 0xFF, 0x02, 0x00, 0xF6, 0xEF,
    0x00, 0x00, 0x00, 0x00, 0x00, 0x00, 0x00, 0xF8, 0xCF, 0x00, 0x00, 0xF0, 0xFF, 0x05, 0x00, 0x00,
    0x00, 0x00, 0x00, 0x00, 0xFE, 0x7F, 0x00, 0x00, 0xA0, 0xFF, 0x0B, 0x00, 0x00, 0x00, 0x00, 0x00,
    0x50, 0xFF, 0x1F, 0x00, 0x00, 0x40, 0xFF, 0x1F, 0x00, 0x00, 0x00, 0x00, 0x00, 0xB0, 0xFF, 0x0B,
    0x00, 0x00, 0x00, 0xFE, 0x7F, 0x00, 0x00, 0x00, 0x00, 0x00, 0xF1, 0xFF, 0x05, 0x00, 0x00, 0x00,
    0xF8, 0xDF, 0x00, 0x00, 0x00, 0x00, 0x00, 0xF7, 0xFF, 0x00, 0x00, 0x00, 0x00, 0xF2, 0xFF, 0x04,
    0x00, 0x00, 0x00, 0x00, 0xFD, 0xFF, 0xFF, 0xFF, 0xFF, 0xFF, 0xFF, 0xFF, 0x0A, 0x00, 0x00, 0x00,
    0x30, 0xFF, 0xFF, 0xFF, 0xFF, 0xFF, 0xFF, 0xFF, 0xFF, 0x1F, 0x00, 0x00, 0x00, 0x90, 0xFF, 0xFF,
    0xFF, 0xFF, 0xFF, 0xFF, 0xFF, 0xFF, 0x6F, 0x00, 0x00, 0x00, 0xF0, 0xFF, 0x08, 0x00, 0x00, 0x00,
    0x00, 0x00, 0xFC, 0xCF, 0x00, 0x00, 0x00, 0xF6, 0xFF, 0x02, 0x00, 0x00, 0x00, 0x00, 0x00, 0xF6,
    0xFF, 0x02, 0x00, 0x00, 0xFC, 0xCF, 0x00, 0x00, 0x00, 0x00, 0x00, 0x00, 0xF0, 0xFF, 0x08, 0x00,
    0x20, 0xFF, 0x7F, 0x00, 0x00, 0x00, 0x00, 0x00, 0x00, 0xA0, 0xFF, 0x0E, 0x00, 0x80, 0xFF, 0x1F,
    0x00, 0x00, 0x00, 0x00, 0x00, 0x00, 0x40, 0xFF, 0x5F, 0x00, 0xE0, 0xFF, 0x0B, 0x00, 0x00, 0x00,
    0x00, 0x00, 0x00, 0x00, 0xFE, 0xBF, 0x00, 0xF4, 0xFF, 0x05, 0x00, 0x00, 0x00, 0x00, 0x00, 0x00,
    0x00, 0xF8, 0xFF, 0x01, 0xFD, 0xFF, 0xFF, 0xFF, 0xFF, 0xCE, 0x49, 0x00, 0x00, 0x00, 0xFD, 0xFF,
    0xFF, 0xFF, 0xFF, 0xFF, 0xFF, 0x2C, 0x00, 0x00, 0xFD, 0xFF, 0xFF, 0xFF, 0xFF, 0xFF, 0xFF, 0xFF,
    0x03, 0x00, 0xFD, 0xBF, 0x00, 0x00, 0x00, 0x41, 0xFB, 0xFF, 0x0D, 0x00, 0xFD, 0xBF, 0x00, 0x00,
    0x00, 0x00, 0xA0, 0xFF, 0x4F, 0x00, 0xFD, 0xBF, 0x00, 0x00, 0x00, 0x00, 0x10, 0xFF, 0x9F, 0x00,
    0xFD, 0xBF, 0x00, 0x00, 0x00, 0x00, 0x00, 0xFD, 0xBF, 0x00, 0xFD, 0xBF, 0x00, 0x00, 0x00, 0x00,
    0x00, 0xFC, 0xCF, 0x00, 0xFD, 0xBF, 0x00, 0x00, 0x00, 0x00, 0x00, 0xFE, 0xBF, 0x00, 0xFD, 0xBF,
    0x00, 0x00, 0x00, 0x00, 0x40, 0xFF, 0x7F, 0x00, 0xFD, 0xBF, 0x00, 0x00, 0x00, 0x00, 0xD1, 0xFF,
    0x1E, 0x00, 0xFD, 0xBF, 0x00, 0x00, 0x00, 0x72, 0xFE, 0xFF, 0x03, 0x00, 0xFD, 0xFF, 0xFF, 0xFF,
    0xFF, 0xFF, 0xFF, 0x3D, 0x00, 0x00, 0xFD, 0xFF, 0xFF, 0xFF, 0xFF, 0xFF, 0xFF, 0x17, 0x00, 0x00,
    0xFD, 0xFF, 0xDD, 0xDD, 0xDD, 0xFE, 0xFF, 0xEF, 0x04, 0x00, 0xFD, 0xBF, 0x00, 0x00, 0x00, 0x10,
    0xE5, 0xFF, 0x3F, 0x00, 0xFD, 0xBF, 0x00, 0x00, 0x00, 0x00, 0x10, 0xFE, 0xDF, 0x00, 0xFD, 0xBF,
    0x00, 0x00, 0x00, 0x00, 0x00, 0xF6, 0xFF, 0x03, 0xFD, 0xBF, 0x00, 0x00, 0x00, 0x00, 0x00, 0xF2,
    0xFF, 0x07, 0xFD, 0xBF, 0x00, 0x00, 0x00, 0x00, 0x00, 0xF1, 0xFF, 0x08, 0xFD, 0xBF, 0x00, 0x00,
    0x00, 0x00, 0x00, 0xF2, 0xFF, 0x07, 0xFD, 0xBF, 0x00, 0x00, 0x00, 0x00, 0x00, 0xF7, 0xFF, 0x04,
    0xFD, 0xBF, 0x00, 0x00, 0x00, 0x00, 0x30, 0xFF, 0xEF, 0x00, 0xFD, 0xBF, 0x00, 0x00, 0x00, 0x20,
    0xF8, 0xFF, 0x6F, 0x00, 0xFD, 0xFF, 0xEE, 0xEE, 0xEE, 0xFF, 0xFF, 0xFF, 0x0A, 0x00, 0xFD, 0xFF,
    0xFF, 0xFF, 0xFF, 0xFF, 0xFF, 0x7F, 0x00, 0x00, 0xFD, 0xFF, 0xFF, 0xFF, 0xFF, 0xDF, 0x6A, 0x01,
    0x00, 0x00, 0x00, 0x00, 0x00, 0x71, 0xEB, 0xFF, 0xCE, 0x28, 0x00, 0x00, 0x00, 0x00, 0x00, 0x80,
    0xFF, 0xFF, 0xFF, 0xFF, 0xFF, 0x1A, 0x00, 0x00, 0x00, 0x10, 0xFD, 0xFF, 0xFF, 0xFF, 0xFF, 0xFF,
    0xEF, 0x02, 0x00, 0x00, 0xD1, 0xFF, 0xDF, 0x16, 0x00, 0x51, 0xFC, 0xFF, 0x1D, 0x00, 0x00, 0xFB,
    0xFF, 0x09, 0x00, 0x00, 0x00, 0x80, 0xFF, 0x9F, 0x00, 0x40, 0xFF, 0xAF, 0x00, 0x00, 0x00, 0x00,
    0x00, 0xFB, 0xFF, 0x01, 0xC0, 0xFF, 0x1F, 0x00, 0x00, 0x00, 0x00, 0x00, 0xF3, 0xFF, 0x07, 0xF1,
    0xFF, 0x09, 0x00, 0x00, 0x00, 0x00, 0x00, 0xE0, 0xFF, 0x0B, 0xF6, 0xFF, 0x04, 0x00, 0x00, 0x00,
    0x00, 0x00, 0xB0, 0xFF, 0x0E, 0xF9, 0xFF, 0x00, 0x00, 0x00, 0x00, 0x00, 0x00, 0x00, 0x11, 0x01,
    0xFB, 0xEF, 0x00, 0x00, 0x00, 0x00, 0x00, 0x00, 0x00, 0x00, 0x00, 0xFC, 0xDF, 0x00, 0x00, 0x00,
    0x00, 0x00, 0x00, 0x00, 0x00, 0x00, 0xFC, 0xCF, 0x00, 0x00, 0x00, 0x00, 0x00, 0x00, 0x00, 0x00,
    0x00, 0xFC, 0xCF, 0x00, 0x00, 0x00, 0x00, 0x00, 0x00, 0x00, 0x00, 0x00, 0xFC, 0xCF, 0x00, 0x00,
    0x00, 0x00, 0x00, 0x00, 0x00, 0x00, 0x00, 0xFB, 0xDF, 0x00, 0x00, 0x00, 0x00, 0x00, 0x00, 0x00,
    0x00, 0x00, 0xFA, 0xEF, 0x00, 0x00, 0x00, 0x00, 0x00, 0x00, 0x00, 0x00, 0x00, 0xF9, 0xFF, 0x00,
    0x00, 0x00, 0x00, 0x00, 0x00, 0x00, 0x00, 0x00, 0xF5, 0xFF, 0x03, 0x00, 0x00, 0x00, 0x00, 0x00,
    0xA0, 0xFF, 0x0D, 0xF2, 0xFF, 0x08, 0x00, 0x00, 0x00, 0x00, 0x00, 0xE0, 0xFF, 0x0B, 0xC0, 0xFF,
    0x1E, 0x00, 0x00, 0x00, 0x00, 0x00, 0xF3, 0xFF, 0x07, 0x50, 0xFF, 0x9F, 0x00, 0x00, 0x00, 0x00,
    0x00, 0xFB, 0xFF, 0x01, 0x00, 0xFB, 0xFF, 0x07, 0x00, 0x00, 0x00, 0x70, 0xFF, 0x9F, 0x00, 0x00,
    0xE1, 0xFF, 0xBF, 0x04, 0x00, 0x41, 0xFB, 0xFF, 0x0D, 0x00, 0x00, 0x20, 0xFE, 0xFF, 0xFF, 0xFE,
    0xFF, 0xFF, 0xDF, 0x01, 0x00, 0x00, 0x00, 0x91, 0xFF, 0xFF, 0xFF, 0xFF, 0xFF, 0x09, 0x00, 0x00,
    0x00, 0x00, 0x00, 0x72, 0xEC, 0xFF, 0xBE, 0x17, 0x00, 0x00, 0x00, 0xFD, 0xFF, 0xFF, 0xFF, 0xEF,
    0x7B, 0x02, 0x00, 0x00, 0x00, 0xFD, 0xFF, 0xFF, 0xFF, 0xFF, 0xFF, 0xAF, 0x02, 0x00, 0x00, 0xFD,
    0xFF, 0xFF, 0xFF, 0xFF, 0xFF, 0xFF, 0x5F, 0x00, 0x00, 0xFD, 0xBF, 0x00, 0x00, 0x10, 0xB5, 0xFF,
    0xFF, 0x06, 0x00, 0xFD, 0xBF, 0x00, 0x00, 0x00, 0x00, 0xE4, 0xFF, 0x4F, 0x00, 0xFD, 0xBF, 0x00,
    0x00, 0x00, 0x00, 0x20, 0xFE, 0xDF, 0x00, 0xFD, 0xBF, 0x00, 0x00, 0x00, 0x00, 0x00, 0xF5, 0xFF,
    0x06, 0xFD, 0xBF, 0x00, 0x00, 0x00, 0x00, 0x00, 0xD0, 0xFF, 0x0C, 0xFD, 0xBF, 0x00, 0x00, 0x00,
    0x00, 0x00, 0x70, 0xFF, 0x1F, 0xFD, 0xBF, 0x00, 0x00, 0x00, 0x00, 0x00, 0x30, 0xFF, 0x5F, 0xFD,
    0xBF, 0x00, 0x00, 0x00, 0x00, 0x00, 0x00, 0xFF, 0x8F, 0xFD, 0xBF, 0x00, 0x00, 0x00, 0x00, 0x00,
    0x00, 0xFE, 0x9F, 0xFD, 0xBF, 0x00, 0x00, 0x00, 0x00, 0x00, 0x00, 0xFD, 0xAF, 0xFD, 0xBF, 0x00,
    0x00, 0x00, 0x00, 0x00, 0x00, 0xFD, 0xAF, 0xFD, 0xBF, 0x00, 0x00, 0x00, 0x00, 0x00, 0x00, 0xFD,
    0xAF, 0xFD, 0xBF, 0x00, 0x00, 0x00, 0x00, 0x00, 0x00, 0xFE, 0x9F, 0xFD, 0xBF, 0x00, 0x00, 0x00,
    0x00, 0x00, 0x00, 0xFF, 0x8F, 0xFD, 0xBF, 0x00, 0x00, 0x00, 0x00, 0x00, 0x30, 0xFF, 0x5F, 0xFD,
    0xBF, 0x00, 0x00, 0x00, 0x00, 0x00, 0x70, 0xFF, 0x2F, 0xFD, 0xBF, 0x00, 0x00, 0x00, 0x00, 0x00,
    0xD0, 0xFF, 0x0D, 0xFD, 0xBF, 0x00, 0x00, 0x00, 0x00, 0x00, 0xF6, 0xFF, 0x06, 0xFD, 0xBF, 0x00,
    0x00, 0x00, 0x00, 0x30, 0xFF, 0xDF, 0x00, 0xFD, 0xBF, 0x00, 0x00, 0x00, 0x00, 0xF5, 0xFF, 0x4F,
    0x00, 0xFD, 0xBF, 0x00, 0x00, 0x10, 0xC6, 0xFF, 0xFF, 0x06, 0x00, 0xFD, 0xFF, 0xEE, 0xEE, 0xFF,
    0xFF, 0xFF, 0x5F, 0x00, 0x00, 0xFD, 0xFF, 0xFF, 0xFF, 0xFF, 0xFF, 0xAF, 0x02, 0x00, 0x00, 0xFD,
    0xFF, 0xFF, 0xFF, 0xDF, 0x7B, 0x01, 0x00, 0x00, 0x00, 0xFD, 0xFF, 0xFF, 0xFF, 0xFF, 0xFF, 0xFF,
    0xFF, 0x1F, 0xFD, 0xFF, 0xFF, 0xFF, 0xFF, 0xFF, 0xFF, 0xFF, 0x1F, 0xFD, 0xFF, 0xFF, 0xFF, 0xFF,
    0xFF, 0xFF, 0xFF, 0x1F, 0xFD, 0xBF, 0x00, 0x00, 0x00, 0x00, 0x00, 0x00, 0x00, 0xFD, 0xBF, 0x00,
    0x00, 0x00, 0x00, 0x00, 0x00, 0x00, 0xFD, 0xBF, 0x00, 0x00, 0x00, 0x00, 0x00, 0x00, 0x00, 0xFD,
    0xBF, 0x00, 0x00, 0x00, 0x00, 0x00, 0x00, 0x00, 0xFD, 0xBF, 0x00, 0x00, 0x00, 0x00, 0x00, 0x00,
    0x00, 0xFD, 0xBF, 0x00, 0x00, 0x00, 0x00, 0x00, 0x00, 0x00, 0xFD, 0xBF, 0x00, 0x00, 0x00, 0x00,
    0x00, 0x00, 0x00, 0xFD, 0xBF, 0x00, 0x00, 0x00, 0x00, 0x00, 0x00, 0x00, 0xFD, 0xBF, 0x00, 0x00,
    0x00, 0x00, 0x00, 0x00, 0x00, 0xFD, 0xFF, 0xFF, 0xFF, 0xFF, 0xFF, 0xFF, 0x6F, 0x00, 0xFD, 0xFF,
    0xFF, 0xFF, 0xFF, 0xFF, 0xFF, 0x6F, 0x00, 0xFD, 0xFF, 0xEE, 0xEE, 0xEE, 0xEE, 0xEE, 0x5E, 0x00,
    0xFD, 0xBF, 0x00, 0x00, 0x00, 0x00, 0x00, 0x00, 0x00, 0xFD, 0xBF, 0x00, 0x00, 0x00, 0x00, 0x00,
    0x00, 0x00, 0xFD, 0xBF, 0x00, 0x00, 0x00, 0x00, 0x00, 0x00, 0x00, 0xFD, 0xBF, 0x00, 0x00, 0x00,
    0x00, 0x00, 0x00, 0x00, 0xFD, 0xBF, 0x00, 0x00, 0x00, 0x00, 0x00, 0x00, 0x00, 0xFD, 0xBF, 0x00,
    0x00, 0x00, 0x00, 0x00, 0x00, 0x00, 0xFD, 0xBF, 0x00, 0x00, 0x00, 0x00, 0x00, 0x00, 0x00, 0xFD,
    0xBF, 0x00, 0x00, 0x00, 0x00, 0x00, 0x00, 0x00, 0xFD, 0xBF, 0x00, 0x00, 0x00, 0x00, 0x00, 0x00,
    0x00, 0xFD, 0xFF, 0xEE, 0xEE, 0xEE, 0xEE, 0xEE, 0xEE, 0x4E, 0xFD, 0xFF, 0xFF, 0xFF, 0xFF, 0xFF,
    0xFF, 0xFF, 0x4F, 0xFD, 0xFF, 0xFF, 0xFF, 0xFF, 0xFF, 0xFF, 0xFF, 0x4F, 0xFD, 0xFF, 0xFF, 0xFF,
    0xFF, 0xFF, 0xFF, 0xFF, 0x0E, 0xFD, 0xFF, 0xFF, 0xFF, 0xFF, 0xFF, 0xFF, 0xFF, 0x0E, 0xFD, 0xFF,
    0xFF, 0xFF, 0xFF, 0xFF, 0xFF, 0xFF, 0x0D, 0xFD, 0xBF, 0x00, 0x00, 0x00, 0x00, 0x00, 0x00, 0x00,
    0xFD, 0xBF, 0x00, 0x00, 0x00, 0x00, 0x00, 0x00, 0x00, 0xFD, 0xBF, 0x00, 0x00, 0x00, 0x00, 0x00,
    0x00, 0x00, 0xFD, 0xBF, 0x00, 0x00, 0x00, 0x00, 0x00, 0x00, 0x00, 0xFD, 0xBF, 0x00, 0x00, 0x00,
    0x00, 0x00, 0x00, 0x00, 0xFD, 0xBF, 0x00, 0x00, 0x00, 0x00, 0x00, 0x00, 0x00, 0xFD, 0xBF, 0x00,
    0x00, 0x00, 0x00, 0x00, 0x00, 0x00, 0xFD, 0xBF, 0x00, 0x00, 0x00, 0x00, 0x00, 0x00, 0x00, 0xFD,
    0xBF, 0x00, 0x00, 0x00, 0x00, 0x00, 0x00, 0x00, 0xFD, 0xFF, 0xFF, 0xFF, 0xFF, 0xFF, 0xFF, 0x0F,
    0x00, 0xFD, 0xFF, 0xFF, 0xFF, 0xFF, 0xFF, 0xFF, 0x0F, 0x00, 0xFD, 0xFF, 0xEE, 0xEE, 0xEE, 0xEE,
    0xEE, 0x0E, 0x00, 0xFD, 0xBF, 0x00, 0x00, 0x00, 0x00, 0x00, 0x00, 0x00, 0xFD, 0xBF, 0x00, 0x00,
    0x00, 0x00, 0x00, 0x00, 0x00, 0xFD, 0xBF, 0x00, 0x00, 0x00, 0x00, 0x00, 0x00, 0x00, 0xFD, 0xBF,
    0x00, 0x00, 0x00, 0x00, 0x00, 0x00, 0x00, 0xFD, 0xBF, 0x00, 0x00, 0x00, 0x00, 0x00, 0x00, 0x00,
    0xFD, 0xBF, 0x00, 0x00, 0x00, 0x00, 0x00, 0x00, 0x00, 0xFD, 0xBF, 0x00, 0x00, 0x00, 0x00, 0x00,
    0x00, 0x00, 0xFD, 0xBF, 0x00, 0x00, 0x00, 0x00, 0x00, 0x00, 0x00, 0xFD, 0xBF, 0x00, 0x00, 0x00,
    0x00, 0x00, 0x00, 0x00, 0xFD, 0xBF, 0x00, 0x00, 0x00, 0x00, 0x00, 0x00, 0x00, 0xFD, 0xBF, 0x00,
    0x00, 0x00, 0x00, 0x00, 0x00, 0x00, 0xFD, 0xBF, 0x00, 0x00, 0x00, 0x00, 0x00, 0x00, 0x00, 0x00,
    0x00, 0x00, 0x72, 0xDB, 0xFF, 0xCE, 0x38, 0x00, 0x00, 0x00, 0x00, 0x00, 0x91, 0xFF, 0xFF, 0xFF,
    0xFF, 0xFF, 0x2C, 0x00, 0x00, 0x00, 0x20, 0xFE, 0xFF, 0xFF, 0xFF, 0xFF, 0xFF, 0xFF, 0x04, 0x00,
    0x00, 0xE1, 0xFF, 0xDF, 0x16, 0x00, 0x40, 0xFB, 0xFF, 0x3F, 0x00, 0x00, 0xFB, 0xFF, 0x09, 0x00,
    0x00, 0x00, 0x60, 0xFF, 0xCF, 0x00, 0x50, 0xFF, 0xAF, 0x00, 0x00, 0x00, 0x00, 0x00, 0xF8, 0xFF,
    0x04, 0xB0, 0xFF, 0x1F, 0x00, 0x00, 0x00, 0x00, 0x00, 0xF1, 0xFF, 0x0A, 0xF1, 0xFF, 0x09, 0x00,
    0x00, 0x00, 0x00, 0x00, 0xB0, 0xFF, 0x0E, 0xF4, 0xFF, 0x04, 0x00, 0x00, 0x00, 0x00, 0x00, 0x20,
    0x44, 0x04, 0xF8, 0xFF, 0x01, 0x00, 0x00, 0x00, 0x00, 0x00, 0x00, 0x00, 0x00, 0xF9, 0xFF, 0x00,
    0x00, 0x00, 0x00, 0x00, 0x00, 0x00, 0x00, 0x00, 0xFA, 0xEF, 0x00, 0x00, 0x00, 0x00, 0x00, 0x00,
    0x00, 0x00, 0x00, 0xFB, 0xDF, 0x00, 0x00, 0x00, 0x00, 0x00, 0x00, 0x00, 0x00, 0x00, 0xFB, 0xDF,
    0x00, 0x00, 0x00, 0x00, 0x00, 0x00, 0x00, 0x00, 0x00, 0xFB, 0xDF, 0x00, 0x00, 0x00, 0xB0, 0xFF,
    0xFF, 0xFF, 0xFF, 0x1F, 0xFB, 0xEF, 0x00, 0x00, 0x00, 0xB0, 0xFF, 0xFF, 0xFF, 0xFF, 0x1F, 0xF9,
    0xFF, 0x00, 0x00, 0x00, 0xA0, 0xEE, 0xEE, 0xFE, 0xFF, 0x1F, 0xF7, 0xFF, 0x02, 0x00, 0x00, 0x00,
    0x00, 0x00, 0x70, 0xFF, 0x1F, 0xF4, 0xFF, 0x06, 0x00, 0x00, 0x00, 0x00, 0x00, 0x70, 0xFF, 0x1F,
    0xF0, 0xFF, 0x0C, 0x00, 0x00, 0x00, 0x00, 0x00, 0x70, 0xFF, 0x1F, 0x90, 0xFF, 0x4F, 0x00, 0x00,
    0x00, 0x00, 0x00, 0x70, 0xFF, 0x1F, 0x20, 0xFF, 0xDF, 0x01, 0x00, 0x00, 0x00, 0x00, 0x70, 0xFF,
    0x1F, 0x00, 0xF8, 0xFF, 0x1D, 0x00, 0x00, 0x00, 0x00, 0xB0, 0xFF, 0x1F, 0x00, 0xB0, 0xFF, 0xFF,
    0x28, 0x00, 0x00, 0x73, 0xFE, 0xFF, 0x0D, 0x00, 0x00, 0xFA, 0xFF, 0xFF, 0xEF, 0xFF, 0xFF, 0xFF,
    0xDF, 0x01, 0x00, 0x00, 0x60, 0xFE, 0xFF, 0xFF, 0xFF, 0xFF, 0xEF, 0x08, 0x00, 0x00, 0x00, 0x00,
    0x50, 0xDA, 0xFF, 0xDE, 0x8C, 0x04, 0x00, 0x00, 0xFD, 0xBF, 0x00, 0x00, 0x00, 0x00, 0x00, 0x00,
    0xB0, 0xFF, 0x0E, 0xFD, 0xBF, 0x00, 0x00, 0x00, 0x00, 0x00, 0x00, 0xB0, 0xFF, 0x0E, 0xFD, 0xBF,
    0x00, 0x00, 0x00, 0x00, 0x00, 0x00, 0xB0, 0xFF, 0x0E, 0xFD, 0xBF, 0x00, 0x00, 0x00, 0x00, 0x00,
    0x00, 0xB0, 0xFF, 0x0E, 0xFD, 0xBF, 0x00, 0x00, 0x00, 0x00, 0x00, 0x00, 0xB0, 0xFF, 0x0E, 0xFD,
    0xBF, 0x00, 0x00, 0x00, 0x00, 0x00, 0x00, 0xB0, 0xFF, 0x0E, 0xFD, 0xBF, 0x00, 0x00, 0x00, 0x00,
    0x00, 0x00, 0xB0, 0xFF, 0x0E, 0xFD, 0xBF, 0x00, 0x00, 0x00, 0x00, 0x00, 0x00, 0xB0, 0xFF, 0x0E,
    0xFD, 0xBF, 0x00, 0x00, 0x00, 0x00, 0x00, 0x00, 0xB0, 0xFF, 0x0E, 0xFD, 0xBF, 0x00, 0x00, 0x00,
    0x00, 0x00, 0x00, 0xB0, 0xFF, 0x0E, 0xFD, 0xBF, 0x00, 0x00, 0x00, 0x00, 0x00, 0x00, 0xB0, 0xFF,
    0x0E, 0xFD, 0xFF, 0xFF, 0xFF, 0xFF, 0xFF, 0xFF, 0xFF, 0xFF, 0xFF, 0x0E, 0xFD, 0xFF, 0xFF, 0xFF,
    0xFF, 0xFF, 0xFF, 0xFF, 0xFF, 0xFF, 0x0E, 0xFD, 0xFF, 0xEE, 0xEE, 0xEE, 0xEE, 0xEE, 0xEE, 0xFE,
    0xFF, 0x0E, 0xFD, 0xBF, 0x00, 0x00, 0x00, 0x00, 0x00, 0x00, 0xB0, 0xFF, 0x0E, 0xFD, 0xBF, 0x00,
    0x00, 0x00, 0x00, 0x00, 0x00, 0xB0, 0xFF, 0x0E, 0xFD, 0xBF, 0x00, 0x00, 0x00, 0x00, 0x00, 0x00,
    0xB0, 0xFF, 0x0E, 0xFD, 0xBF, 0x00, 0x00, 0x00, 0x00, 0x00, 0x00, 0xB0, 0xFF, 0x0E, 0xFD, 0xBF,
    0x00, 0x00, 0x00, 0x00, 0x00, 0x00, 0xB0, 0xFF, 0x0E, 0xFD, 0xBF, 0x00, 0x00, 0x00, 0x00, 0x00,
    0x00, 0xB0, 0xFF, 0x0E, 0xFD, 0xBF, 0x00, 0x00, 0x00, 0x00, 0x00, 0x00, 0xB0, 0xFF, 0x0E, 0xFD,
    0xBF, 0x00, 0x00, 0x00, 0x00, 0x00, 0x00, 0xB0, 0xFF, 0x0E, 0xFD, 0xBF, 0x00, 0x00, 0x00, 0x00,
    0x00, 0x00, 0xB0, 0xFF, 0x0E, 0xFD, 0xBF, 0x00, 0x00, 0x00, 0x00, 0x00, 0x00, 0xB0, 0xFF, 0x0E,
    0xFD, 0xBF, 0x00, 0x00, 0x00, 0x00, 0x00, 0x00, 0xB0, 0xFF, 0x0E, 0xFD, 0xBF, 0x00, 0x00, 0x00,
    0x00, 0x00, 0x00, 0xB0, 0xFF, 0x0E, 0xFD, 0xBF, 0x00, 0x00, 0x00, 0x00, 0x00, 0x00, 0xB0, 0xFF,
    0x0E, 0xF9, 0xFF, 0xF9, 0xFF, 0xF9, 0xFF, 0xF9, 0xFF, 0xF9, 0xFF, 0xF9, 0xFF, 0xF9, 0xFF, 0xF9,
    0xFF, 0xF9, 0xFF, 0xF9, 0xFF, 0xF9, 0xFF, 0xF9, 0xFF, 0xF9, 0xFF, 0xF9, 0xFF, 0xF9, 0xFF, 0xF9,
    0xFF, 0xF9, 0xFF, 0xF9, 0xFF, 0xF9, 0xFF, 0xF9, 0xFF, 0xF9, 0xFF, 0xF9, 0xFF, 0xF9, 0xFF, 0xF9,
    0xFF, 0xF9, 0xFF, 0xF9, 0xFF, 0xF9, 0xFF, 0x00, 0x00, 0x00, 0x00, 0x00, 0x00, 0x00, 0xF8, 0xFF,
    0x00, 0x00, 0x00, 0x00, 0x00, 0x00, 0x00, 0x00, 0xF8, 0xFF, 0x00, 0x00, 0x00, 0x00, 0x00, 0x00,
    0x00, 0x00, 0xF8, 0xFF, 0x00, 0x00, 0x00, 0x00, 0x00, 0x00, 0x00, 0x00, 0xF8, 0xFF, 0x00, 0x00,
    0x00, 0x00, 0x00, 0x00, 0x00, 0x00, 0xF8, 0xFF, 0x00, 0x00, 0x00, 0x00, 0x00, 0x00, 0x00, 0x00,
    0xF8, 0xFF, 0x00, 0x00, 0x00, 0x00, 0x00, 0x00, 0x00, 0x00, 0xF8, 0xFF, 0x00, 0x00, 0x00, 0x00,
    0x00, 0x00, 0x00, 0x00, 0xF8, 0xFF, 0x00, 0x00, 0x00, 0x00, 0x00, 0x00, 0x00, 0x00, 0xF8, 0xFF,
    0x00, 0x00, 0x00, 0x00, 0x00, 0x00, 0x00, 0x00, 0xF8, 0xFF, 0x00, 0x00, 0x00, 0x00, 0x00, 0x00,
    0x00, 0x00, 0xF8, 0xFF, 0x00, 0x00, 0x00, 0x00, 0x00, 0x00, 0x00, 0x00, 0xF8, 0xFF, 0x00, 0x00,
    0x00, 0x00, 0x00, 0x00, 0x00, 0x00, 0xF8, 0xFF, 0x00, 0x00, 0x00, 0x00, 0x00, 0x00, 0x00, 0x00,
    0xF8, 0xFF, 0x00, 0x00, 0x00, 0x00, 0x00, 0x00, 0x00, 0x00, 0xF8, 0xFF, 0x00, 0x00, 0x00, 0x00,
    0x00, 0x00, 0x00, 0x00, 0xF8, 0xFF, 0x00, 0x00, 0x00, 0x00, 0x00, 0x00, 0x00, 0x00, 0xF8, 0xFF,
    0x00, 0x00, 0x00, 0x00, 0x00, 0x00, 0x00, 0x00, 0xF8, 0xFF, 0x00, 0x00, 0x00, 0x00, 0x00, 0x00,
    0x00, 0x00, 0xF8, 0xFF, 0x00, 0xD0, 0xDD, 0x07, 0x00, 0x00, 0x00, 0x00, 0xF9, 0xFF, 0x00, 0xE0,
    0xFF, 0x0A, 0x00, 0x00, 0x00, 0x00, 0xFC, 0xEF, 0x00, 0xB0, 0xFF, 0x0F, 0x00, 0x00, 0x00, 0x10,
    0xFF, 0xAF, 0x00, 0x60, 0xFF, 0x9F, 0x00, 0x00, 0x00, 0xB0, 0xFF, 0x5F, 0x00, 0x00, 0xFE, 0xFF,
    0x3A, 0x00, 0x40, 0xFC, 0xFF, 0x0C, 0x00, 0x00, 0xF3, 0xFF, 0xFF, 0xEF, 0xFF, 0xFF, 0xEF, 0x01,
    0x00, 0x00, 0x20, 0xFD, 0xFF, 0xFF, 0xFF, 0xFF, 0x1B, 0x00, 0x00, 0x00, 0x00, 0x40, 0xD9, 0xFE,
    0xDE, 0x39, 0x00, 0x00, 0x00, 0xFD, 0xBF, 0x00, 0x00, 0x00, 0x00, 0x00, 0xB0, 0xFF, 0x9F, 0x00,
    0xFD, 0xBF, 0x00, 0x00, 0x00, 0x00, 0x00, 0xFA, 0xFF, 0x0A, 0x00, 0xFD, 0xBF, 0x00, 0x00, 0x00,
    0x00, 0x80, 0xFF, 0xCF, 0x00, 0x00, 0xFD, 0xBF, 0x00, 0x00, 0x00, 0x00, 0xF7, 0xFF, 0x1D, 0x00,
    0x00, 0xFD, 0xBF, 0x00, 0x00, 0x00, 0x50, 0xFF, 0xEF, 0x01, 0x00, 0x00, 0xFD, 0xBF, 0x00, 0x00,
    0x00, 0xF4, 0xFF, 0x2E, 0x00, 0x00, 0x00, 0xFD, 0xBF, 0x00, 0x00, 0x30, 0xFF, 0xFF, 0x03, 0x00,
    0x00, 0x00, 0xFD, 0xBF, 0x00, 0x00, 0xE2, 0xFF, 0x5F, 0x00, 0x00, 0x00, 0x00, 0xFD, 0xBF, 0x00,
    0x10, 0xFD, 0xFF, 0x06, 0x00, 0x00, 0x00, 0x00, 0xFD, 0xBF, 0x00, 0xC0, 0xFF, 0x8F, 0x00, 0x00,
    0x00, 0x00, 0x00, 0xFD, 0xBF, 0x00, 0xFB, 0xFF, 0x0A, 0x00, 0x00, 0x00, 0x00, 0x00, 0xFD, 0xBF,
    0x90, 0xFF, 0xBF, 0x00, 0x00, 0x00, 0x00, 0x00, 0x00, 0xFD, 0xBF, 0xF8, 0xFF, 0xCF, 0x00, 0x00,
    0x00, 0x00, 0x00, 0x00, 0xFD, 0xFF, 0xFF, 0xFF, 0xFF, 0x09, 0x00, 0x00, 0x00, 0x00, 0x00, 0xFD,
    0xFF, 0xFF, 0xED, 0xFF, 0x5F, 0x00, 0x00, 0x00, 0x00, 0x00, 0xFD, 0xFF, 0xEF, 0x31, 0xFF, 0xFF,
    0x02, 0x00, 0x00, 0x00, 0x00, 0xFD, 0xFF, 0x2E, 0x00, 0xF7, 0xFF, 0x0D, 0x00, 0x00, 0x00, 0x00,
    0xFD, 0xEF, 0x02, 0x00, 0xA0, 0xFF, 0x9F, 0x00, 0x00, 0x00, 0x00, 0xFD, 0xBF, 0x00, 0x00, 0x00,
    0xFD, 0xFF, 0x06, 0x00, 0x00, 0x00, 0xFD, 0xBF, 0x00, 0x00, 0x00, 0xF2, 0xFF, 0x2F, 0x00, 0x00,
    0x00, 0xFD, 0xBF, 0x00, 0x00, 0x00, 0x60, 0xFF, 0xDF, 0x00, 0x00, 0x00, 0xFD, 0xBF, 0x00, 0x00,
    0x00, 0x00, 0xF9, 0xFF, 0x0A, 0x00, 0x00, 0xFD, 0xBF, 0x00, 0x00, 0x00, 0x00, 0xD0, 0xFF, 0x6F,
    0x00, 0x00, 0xFD, 0xBF, 0x00, 0x00, 0x00, 0x00, 0x20, 0xFF, 0xFF, 0x03, 0x00, 0xFD, 0xBF, 0x00,
    0x00, 0x00, 0x00, 0x00, 0xF5, 0xFF, 0x1D, 0x00, 0xFD, 0xBF, 0x00, 0x00, 0x00, 0x00, 0x00, 0x90,
    0xFF, 0xBF, 0x00, 0xFD, 0xBF, 0x00, 0x00, 0x00, 0x00, 0x00, 0x00, 0xFC, 0xFF, 0x07, 0xFD, 0xBF,
    0x00, 0x00, 0x00, 0x00, 0x00, 0x00, 0x00, 0xFD, 0xBF, 0x00, 0x00, 0x00, 0x00, 0x00, 0x00, 0x00,
    0xFD, 0xBF, 0x00, 0x00, 0x00, 0x00, 0x00, 0x00, 0x00, 0xFD, 0xBF, 0x00, 0x00, 0x00, 0x00, 0x00,
    0x00, 0x00, 0xFD, 0xBF, 0x00, 0x00, 0x00, 0x00, 0x00, 0x00, 0x00, 0xFD, 0xBF, 0x00, 0x00, 0x00,
    0x00, 0x00, 0x00, 0x00, 0xFD, 0xBF, 0x00, 0x00, 0x00, 0x00, 0x00, 0x00, 0x00, 0xFD, 0xBF, 0x00,
    0x00, 0x00, 0x00, 0x00, 0x00, 0x00, 0xFD, 0xBF, 0x00, 0x00, 0x00, 0x00, 0x00, 0x00, 0x00, 0xFD,
    0xBF, 0x00, 0x00, 0x00, 0x00, 0x00, 0x00, 0x00, 0xFD, 0xBF, 0x00, 0x00, 0x00, 0x00, 0x00, 0x00,
    0x00, 0xFD, 0xBF, 0x00, 0x00, 0x00, 0x00, 0x00, 0x00, 0x00, 0xFD, 0xBF, 0x00, 0x00, 0x00, 0x00,
    0x00, 0x00, 0x00, 0xFD, 0xBF, 0x00, 0x00, 0x00, 0x00, 0x00, 0x00, 0x00, 0xFD, 0xBF, 0x00, 0x00,
    0x00, 0x00, 0x00, 0x00, 0x00, 0xFD, 0xBF, 0x00, 0x00, 0x00, 0x00, 0x00, 0x00, 0x00, 0xFD, 0xBF,
    0x00, 0x00, 0x00, 0x00, 0x00, 0x00, 0x00, 0xFD, 0xBF, 0x00, 0x00, 0x00, 0x00, 0x00, 0x00, 0x00,
    0xFD, 0xBF, 0x00, 0x00, 0x00, 0x00, 0x00, 0x00, 0x00, 0xFD, 0xBF, 0x00, 0x00, 0x00, 0x00, 0x00,
    0x00, 0x00, 0xFD, 0xBF, 0x00, 0x00, 0x00, 0x00, 0x00, 0x00, 0x00, 0xFD, 0xBF, 0x00, 0x00, 0x00,
    0x00, 0x00, 0x00, 0x00, 0xFD, 0xBF, 0x00, 0x00, 0x00, 0x00, 0x00, 0x00, 0x00, 0xFD, 0xBF, 0x00,
    0x00, 0x00, 0x00, 0x00, 0x00, 0x00, 0xFD, 0xFF, 0xEE, 0xEE, 0xEE, 0xEE, 0xEE, 0xEE, 0x07, 0xFD,
    0xFF, 0xFF, 0xFF, 0xFF, 0xFF, 0xFF, 0xFF, 0x08, 0xFD, 0xFF, 0xFF, 0xFF, 0xFF, 0xFF, 0xFF, 0xFF,
    0x08, 0xFD, 0xFF, 0x0E, 0x00, 0x00, 0x00, 0x00, 0x00, 0x00, 0x00, 0x00, 0xFC, 0xFF, 0x0F, 0xFD,
    0xFF, 0x5F, 0x00, 0x00, 0x00, 0x00, 0x00, 0x00, 0x00, 0x30, 0xFF, 0xFF, 0x0F, 0xFD, 0xFF, 0xBF,
    0x00, 0x00, 0x00, 0x00, 0x00, 0x00, 0x00, 0x90, 0xFF, 0xFF, 0x0F, 0xFD, 0xFF, 0xFF, 0x02, 0x00,
    0x00, 0x00, 0x00, 0x00, 0x00, 0xF0, 0xFF, 0xFF, 0x0F, 0xFD, 0xFF, 0xFF, 0x08, 0x00, 0x00, 0x00,
    0x00, 0x00, 0x00, 0xF6, 0xFF, 0xFF, 0x0F, 0xFD, 0xEF, 0xFF, 0x0E, 0x00, 0x00, 0x00, 0x00, 0x00,
    0x00, 0xFC, 0xDF, 0xFF, 0x0F, 0xFD, 0x8F, 0xFF, 0x5F, 0x00, 0x00, 0x00, 0x00, 0x00, 0x30, 0xFF,
    0x7F, 0xFF, 0x0F, 0xFD, 0x6F, 0xFB, 0xBF, 0x00, 0x00, 0x00, 0x00, 0x00, 0x90, 0xFF, 0x4D, 0xFF,
    0x0F, 0xFD, 0x7F, 0xF5, 0xFF, 0x02, 0x00, 0x00, 0x00, 0x00, 0xF0, 0xFF, 0x46, 0xFF, 0x0F, 0xFD,
    0x7F, 0xE0, 0xFF, 0x08, 0x00, 0x00, 0x00, 0x00, 0xF6, 0xFF, 0x51, 0xFF, 0x0F, 0xFD, 0x8F, 0x80,
    0xFF, 0x0E, 0x00, 0x00, 0x00, 0x00, 0xFC, 0x9F, 0x50, 0xFF, 0x0F, 0xFD, 0x8F, 0x10, 0xFF, 0x5F,
    0x00, 0x00, 0x00, 0x30, 0xFF, 0x3F, 0x60, 0xFF, 0x0F, 0xFD, 0x9F, 0x00, 0xFB, 0xBF, 0x00, 0x00,
    0x00, 0x90, 0xFF, 0x0C, 0x60, 0xFF, 0x0F, 0xFD, 0x9F, 0x00, 0xF4, 0xFF, 0x02, 0x00, 0x00, 0xF0,
    0xFF, 0x06, 0x70, 0xFF, 0x0F, 0xFD, 0xAF, 0x00, 0xD0, 0xFF, 0x08, 0x00, 0x00, 0xF6, 0xFF, 0x00,
    0x70, 0xFF, 0x0F, 0xFD, 0xAF, 0x00, 0x70, 0xFF, 0x0E, 0x00, 0x00, 0xFD, 0x9F, 0x00, 0x80, 0xFF,
    0x0F, 0xFD, 0xBF, 0x00, 0x10, 0xFF, 0x5F, 0x00, 0x30, 0xFF, 0x2F, 0x00, 0x80, 0xFF, 0x0F, 0xFD,
    0xBF, 0x00, 0x00, 0xFA, 0xBF, 0x00, 0x90, 0xFF, 0x0C, 0x00, 0x80, 0xFF, 0x0F, 0xFD, 0xBF, 0x00,
    0x00, 0xF4, 0xFF, 0x02, 0xF0, 0xFF, 0x05, 0x00, 0x80, 0xFF, 0x0F, 0xFD, 0xBF, 0x00, 0x00, 0xD0,
    0xFF, 0x08, 0xF6, 0xEF, 0x00, 0x00, 0x80, 0xFF, 0x0F, 0xFD, 0xBF, 0x00, 0x00, 0x70, 0xFF, 0x0E,
    0xFD, 0x8F, 0x00, 0x00, 0x80, 0xFF, 0x0F, 0xFD, 0xBF, 0x00, 0x00, 0x10, 0xFF, 0x9F, 0xFF, 0x2F,
    0x00, 0x00, 0x80, 0xFF, 0x0F, 0xFD, 0xBF, 0x00, 0x00, 0x00, 0xFA, 0xFF, 0xFF, 0x0B, 0x00, 0x00,
    0x80, 0xFF, 0x0F, 0xFD, 0xBF, 0x00, 0x00, 0x00, 0xF3, 0xFF, 0xFF, 0x05, 0x00, 0x00, 0x80, 0xFF,
    0x0F, 0xFD, 0xBF, 0x00, 0x00, 0x00, 0xC0, 0xFF, 0xEF, 0x00, 0x00, 0x00, 0x80, 0xFF, 0x0F, 0xFD,
    0xBF, 0x00, 0x00, 0x00, 0x60, 0xFF, 0x8F, 0x00, 0x00, 0x00, 0x80, 0xFF, 0x0F, 0xFD, 0xBF, 0x00,
    0x00, 0x00, 0x00, 0xFF, 0x2F, 0x00, 0x00, 0x00, 0x80, 0xFF, 0x0F, 0xFD, 0xFF, 0x01, 0x00, 0x00,
    0x00, 0x00, 0x00, 0xA0, 0xFF, 0x0E, 0xFD, 0xFF, 0x0B, 0x00, 0x00, 0x00, 0x00, 0x00, 0xA0, 0xFF,
    0x0E, 0xFD, 0xFF, 0x5F, 0x00, 0x00, 0x00, 0x00, 0x00, 0xA0, 0xFF, 0x0E, 0xFD, 0xFF, 0xEF, 0x01,
    0x00, 0x00, 0x00, 0x00, 0xA0, 0xFF, 0x0E, 0xFD, 0xFF, 0xFF, 0x0A, 0x00, 0x00, 0x00, 0x00, 0xA0,
    0xFF, 0x0E, 0xFD, 0xFF, 0xFF, 0x4F, 0x00, 0x00, 0x00, 0x00, 0xA0, 0xFF, 0x0E, 0xFD, 0xDF, 0xFF,
    0xEF, 0x00, 0x00, 0x00, 0x00, 0xA0, 0xFF, 0x0E, 0xFD, 0xBF, 0xF6, 0xFF, 0x09, 0x00, 0x00, 0x00,
    0xA0, 0xFF, 0x0E, 0xFD, 0xBF, 0xC0, 0xFF, 0x4F, 0x00, 0x00, 0x00, 0xA0, 0xFF, 0x0E, 0xFD, 0xBF,
    0x20, 0xFF, 0xDF, 0x00, 0x00, 0x00, 0xA0, 0xFF, 0x0E, 0xFD, 0xBF, 0x00, 0xF7, 0xFF, 0x09, 0x00,
    0x00, 0xA0, 0xFF, 0x0E, 0xFD, 0xBF, 0x00, 0xC0, 0xFF, 0x3F, 0x00, 0x00, 0xA0, 0xFF, 0x0E, 0xFD,
    0xBF, 0x00, 0x20, 0xFF, 0xDF, 0x00, 0x00, 0xA0, 0xFF, 0x0E, 0xFD, 0xBF, 0x00, 0x00, 0xF8, 0xFF,
    0x08, 0x00, 0xA0, 0xFF, 0x0E, 0xFD, 0xBF, 0x00, 0x00, 0xD0, 0xFF, 0x3F, 0x00, 0xA0, 0xFF, 0x0E,
    0xFD, 0xBF, 0x00, 0x00, 0x30, 0xFF, 0xCF, 0x00, 0xA0, 0xFF, 0x0E, 0xFD, 0xBF, 0x00, 0x00, 0x00,
    0xF8, 0xFF, 0x07, 0xA0, 0xFF, 0x0E, 0xFD, 0xBF, 0x00, 0x00, 0x00, 0xD0, 0xFF, 0x2F, 0xA0, 0xFF,
    0x0E, 0xFD, 0xBF, 0x00, 0x00, 0x00, 0x30, 0xFF, 0xCF, 0xA0, 0xFF, 0x0E, 0xFD, 0xBF, 0x00, 0x00,
    0x00, 0x00, 0xF9, 0xFF, 0xA7, 0xFF, 0x0E, 0xFD, 0xBF, 0x00, 0x00, 0x00, 0x00, 0xE0, 0xFF, 0xCF,
    0xFF, 0x0E, 0xFD, 0xBF, 0x00, 0x00, 0x00, 0x00, 0x40, 0xFF, 0xFF, 0xFF, 0x0E, 0xFD, 0xBF, 0x00,
    0x00, 0x00, 0x00, 0x00, 0xFA, 0xFF, 0xFF, 0x0E, 0xFD, 0xBF, 0x00, 0x00, 0x00, 0x00, 0x00, 0xE1,
    0xFF, 0xFF, 0x0E, 0xFD, 0xBF, 0x00, 0x00, 0x00, 0x00, 0x00, 0x50, 0xFF, 0xFF, 0x0E, 0xFD, 0xBF,
    0x00, 0x00, 0x00, 0x00, 0x00, 0x00, 0xFA, 0xFF, 0x0E, 0xFD, 0xBF, 0x00, 0x00, 0x00, 0x00, 0x00,
    0x00, 0xE1, 0xFF, 0x0E, 0x00, 0x00, 0x00, 0x61, 0xEB, 0xFF, 0xBE, 0x17, 0x00, 0x00, 0x00, 0x00,
    0x00, 0x80, 0xFF, 0xFF, 0xFF, 0xFF, 0xFF, 0x09, 0x00, 0x00, 0x00, 0x10, 0xFC, 0xFF, 0xFF, 0xFF,
    0xFF, 0xFF, 0xDF, 0x02, 0x00, 0x00, 0xC0, 0xFF, 0xEF, 0x38, 0x11, 0x73, 0xFE, 0xFF, 0x1E, 0x00,
    0x00, 0xF9, 0xFF, 0x1B, 0x00, 0x00, 0x00, 0x90, 0xFF, 0xCF, 0x00, 0x30, 0xFF, 0xCF, 0x00, 0x00,
    0x00, 0x00, 0x00, 0xFA, 0xFF, 0x05, 0xA0, 0xFF, 0x2F, 0x00, 0x00, 0x00, 0x00, 0x00, 0xE1, 0xFF,
    0x0C, 0xF0, 0xFF, 0x0A, 0x00, 0x00, 0x00, 0x00, 0x00, 0x80, 0xFF, 0x2F, 0xF5, 0xFF, 0x04, 0x00,
    0x00, 0x00, 0x00, 0x00, 0x20, 0xFF, 0x6F, 0xF8, 0xFF, 0x00, 0x00, 0x00, 0x00, 0x00, 0x00, 0x00,
    0xFE, 0xAF, 0xFA, 0xEF, 0x00, 0x00, 0x00, 0x00, 0x00, 0x00, 0x00, 0xFC, 0xCF, 0xFC, 0xCF, 0x00,
    0x00, 0x00, 0x00, 0x00, 0x00, 0x00, 0xFB, 0xDF, 0xFC, 0xBF, 0x00, 0x00, 0x00, 0x00, 0x00, 0x00,
    0x00, 0xFA, 0xEF, 0xFD, 0xBF, 0x00, 0x00, 0x00, 0x00, 0x00, 0x00, 0x00, 0xFA, 0xEF, 0xFC, 0xBF,
    0x00, 0x00, 0x00, 0x00, 0x00, 0x00, 0x00, 0xFA, 0xEF, 0xFC, 0xCF, 0x00, 0x00, 0x00, 0x00, 0x00,
    0x00, 0x00, 0xFB, 0xDF, 0xFA, 0xEF, 0x00, 0x00, 0x00, 0x00, 0x00, 0x00, 0x00, 0xFC, 0xCF, 0xF8,
    0xFF, 0x00, 0x00, 0x00, 0x00, 0x00, 0x00, 0x00, 0xFE, 0xAF, 0xF5, 0xFF, 0x04, 0x00, 0x00, 0x00,
    0x00, 0x00, 0x20, 0xFF, 0x7F, 0xF1, 0xFF, 0x0A, 0x00, 0x00, 0x00, 0x00, 0x00, 0x70, 0xFF, 0x2F,
    0xA0, 0xFF, 0x2F, 0x00, 0x00, 0x00, 0x00, 0x00, 0xE0, 0xFF, 0x0C, 0x30, 0xFF, 0xCF, 0x00, 0x00,
    0x00, 0x00, 0x00, 0xF9, 0xFF, 0x05, 0x00, 0xF9, 0xFF, 0x1B, 0x00, 0x00, 0x00, 0x80, 0xFF, 0xCF,
    0x00, 0x00, 0xC0, 0xFF, 0xEF, 0x38, 0x11, 0x62, 0xFD, 0xFF, 0x2E, 0x00, 0x00, 0x10, 0xFC, 0xFF,
    0xFF, 0xFF, 0xFF, 0xFF, 0xEF, 0x02, 0x00, 0x00, 0x00, 0x80, 0xFF, 0xFF, 0xFF, 0xFF, 0xFF, 0x1A,
    0x00, 0x00, 0x00, 0x00, 0x00, 0x61, 0xEB, 0xFF, 0xBE, 0x27, 0x00, 0x00, 0x00, 0xFD, 0xFF, 0xFF,
    0xFF, 0xFF, 0xEF, 0x8C, 0x03, 0x00, 0x00, 0xFD, 0xFF, 0xFF, 0xFF, 0xFF, 0xFF, 0xFF, 0xBF, 0x02,
    0x00, 0xFD, 0xFF, 0xFF, 0xFF, 0xFF, 0xFF, 0xFF, 0xFF, 0x3F, 0x00, 0xFD, 0xBF, 0x00, 0x00, 0x00,
    0x10, 0xC5, 0xFF, 0xEF, 0x01, 0xFD, 0xBF, 0x00, 0x00, 0x00, 0x00, 0x00, 0xF9, 0xFF, 0x0A, 0xFD,
    0xBF, 0x00, 0x00, 0x00, 0x00, 0x00, 0xC0, 0xFF, 0x1F, 0xFD, 0xBF, 0x00, 0x00, 0x00, 0x00, 0x00,
    0x50, 0xFF, 0x5F, 0xFD, 0xBF, 0x00, 0x00, 0x00, 0x00, 0x00, 0x10, 0xFF, 0x7F, 0xFD, 0xBF, 0x00,
    0x00, 0x00, 0x00, 0x00, 0x00, 0xFF, 0x8F, 0xFD, 0xBF, 0x00, 0x00, 0x00, 0x00, 0x00, 0x10, 0xFF,
    0x7F, 0xFD, 0xBF, 0x00, 0x00, 0x00, 0x00, 0x00, 0x40, 0xFF, 0x5F, 0xFD, 0xBF, 0x00, 0x00, 0x00,
    0x00, 0x00, 0xB0, 0xFF, 0x1F, 0xFD, 0xBF, 0x00, 0x00, 0x00, 0x00, 0x00, 0xF7, 0xFF, 0x0B, 0xFD,
    0xBF, 0x00, 0x00, 0x00, 0x10, 0xC5, 0xFF, 0xFF, 0x02, 0xFD, 0xFF, 0xFF, 0xFF, 0xFF, 0xFF, 0xFF,
    0xFF, 0x4F, 0x00, 0xFD, 0xFF, 0xFF, 0xFF, 0xFF, 0xFF, 0xFF, 0xCF, 0x02, 0x00, 0xFD, 0xFF, 0xEE,
    0xEE, 0xEE, 0xDE, 0x7B, 0x03, 0x00, 0x00, 0xFD, 0xBF, 0x00, 0x00, 0x00, 0x00, 0x00, 0x00, 0x00,
    0x00, 0xFD, 0xBF, 0x00, 0x00, 0x00, 0x00, 0x00, 0x00, 0x00, 0x00, 0xFD, 0xBF, 0x00, 0x00, 0x00,
    0x00, 0x00, 0x00, 0x00, 0x00, 0xFD, 0xBF, 0x00, 0x00, 0x00, 0x00, 0x00, 0x00, 0x00, 0x00, 0xFD,
    0xBF, 0x00, 0x00, 0x00, 0x00, 0x00, 0x00, 0x00, 0x00, 0xFD, 0xBF, 0x00, 0x00, 0x00, 0x00, 0x00,
    0x00, 0x00, 0x00, 0xFD, 0xBF, 0x00, 0x00, 0x00, 0x00, 0x00, 0x00, 0x00, 0x00, 0xFD, 0xBF, 0x00,
    0x00, 0x00, 0x00, 0x00, 0x00, 0x00, 0x00, 0xFD, 0xBF, 0x00, 0x00, 0x00, 0x00, 0x00, 0x00, 0x00,
    0x00, 0xFD, 0xBF, 0x00, 0x00, 0x00, 0x00, 0x00, 0x00, 0x00, 0x00, 0x00, 0x00, 0x00, 0x72, 0xEB,
    0xFF, 0xBE, 0x16, 0x00, 0x00, 0x00, 0x00, 0x00, 0x90, 0xFF, 0xFF, 0xFF, 0xFF, 0xFF, 0x08, 0x00,
    0x00, 0x00, 0x20, 0xFD, 0xFF, 0xFF, 0xFF, 0xFF, 0xFF, 0xCF, 0x01, 0x00, 0x00, 0xE1, 0xFF, 0xEF,
    0x37, 0x21, 0x83, 0xFE, 0xFF, 0x0D, 0x00, 0x00, 0xFC, 0xFF, 0x09, 0x00, 0x00, 0x00, 0xB1, 0xFF,
    0x9F, 0x00, 0x50, 0xFF, 0xAF, 0x00, 0x00, 0x00, 0x00, 0x00, 0xFC, 0xFF, 0x02, 0xD0, 0xFF, 0x1E,
    0x00, 0x00, 0x00, 0x00, 0x00, 0xF2, 0xFF, 0x0A, 0xF3, 0xFF, 0x07, 0x00, 0x00, 0x00, 0x00, 0x00,
    0xA0, 0xFF, 0x0F, 0xF7, 0xFF, 0x02, 0x00, 0x00, 0x00, 0x00, 0x00, 0x50, 0xFF, 0x4F, 0xFB, 0xEF,
    0x00, 0x00, 0x00, 0x00, 0x00, 0x00, 0x10, 0xFF, 0x7F, 0xFD, 0xBF, 0x00, 0x00, 0x00, 0x00, 0x00,
    0x00, 0x00, 0xFE, 0xAF, 0xFE, 0xAF, 0x00, 0x00, 0x00, 0x00, 0x00, 0x00, 0x00, 0xFD, 0xBF, 0xFF,
    0x9F, 0x00, 0x00, 0x00, 0x00, 0x00, 0x00, 0x00, 0xFC, 0xCF, 0xFF, 0x9F, 0x00, 0x00, 0x00, 0x00,
    0x00, 0x00, 0x00, 0xFC, 0xCF, 0xFF, 0x9F, 0x00, 0x00, 0x00, 0x00, 0x00, 0x00, 0x00, 0xFC, 0xCF,
    0xFE, 0xAF, 0x00, 0x00, 0x00, 0x00, 0x00, 0x00, 0x00, 0xFD, 0xBF, 0xFD, 0xBF, 0x00, 0x00, 0x00,
    0x00, 0x00, 0x00, 0x00, 0xFE, 0xAF, 0xFB, 0xEF, 0x00, 0x00, 0x00, 0x00, 0x00, 0x00, 0x10, 0xFF,
    0x8F, 0xF7, 0xFF, 0x02, 0x00, 0x00, 0x00, 0x00, 0x00, 0x40, 0xFF, 0x4F, 0xF3, 0xFF, 0x07, 0x00,
    0x00, 0x00, 0x00, 0x00, 0xA0, 0xFF, 0x1F, 0xD0, 0xFF, 0x1E, 0x00, 0x00, 0x00, 0x00, 0x00, 0xF2,
    0xFF, 0x0A, 0x50, 0xFF, 0xAF, 0x00, 0x00, 0x00, 0x00, 0x00, 0xFB, 0xFF, 0x03, 0x00, 0xFC, 0xFF,
    0x09, 0x00, 0x00, 0x00, 0xA0, 0xFF, 0xAF, 0x00, 0x00, 0xE1, 0xFF, 0xDF, 0x27, 0x11, 0x73, 0xFE,
    0xFF, 0x0D, 0x00, 0x00, 0x20, 0xFE, 0xFF, 0xFF, 0xFF, 0xFF, 0xFF, 0xCF, 0x01, 0x00, 0x00, 0x00,
    0x91, 0xFF, 0xFF, 0xFF, 0xFF, 0xFF, 0x7F, 0x00, 0x00, 0x00, 0x00, 0x00, 0x72, 0xEB, 0xFF, 0xBE,
    0xFF, 0xFF, 0x0A, 0x00, 0x00, 0x00, 0x00, 0x00, 0x00, 0x00, 0x00, 0xE4, 0xFF, 0xDF, 0x02, 0x00,
    0x00, 0x00, 0x00, 0x00, 0x00, 0x00, 0x20, 0xFD, 0xFF, 0x5F, 0x00, 0x00, 0x00, 0x00, 0x00, 0x00,
    0x00, 0x00, 0xA0, 0xFF, 0x4F, 0x00, 0x00, 0x00, 0x00, 0x00, 0x00, 0x00, 0x00, 0x00, 0xE7, 0x03,
    0x00, 0x00, 0x00, 0x00, 0x00, 0x00, 0x00, 0x00, 0x00, 0x00, 0x00, 0xFE, 0xFF, 0xFF, 0xFF, 0xFF,
    0xCE, 0x59, 0x00, 0x00, 0x00, 0xFE, 0xFF, 0xFF, 0xFF, 0xFF, 0xFF, 0xFF, 0x5E, 0x00, 0x00, 0xFE,
    0xFF, 0xFF, 0xFF, 0xFF, 0xFF, 0xFF, 0xFF, 0x07, 0x00, 0xFE, 0xBF, 0x00, 0x00, 0x00, 0x40, 0xFA,
    0xFF, 0x5F, 0x00, 0xFE, 0xBF, 0x00, 0x00, 0x00, 0x00, 0x50, 0xFF, 0xDF, 0x00, 0xFE, 0xBF, 0x00,
    0x00, 0x00, 0x00, 0x00, 0xF9, 0xFF, 0x03, 0xFE, 0xBF, 0x00, 0x00, 0x00, 0x00, 0x00, 0xF3, 0xFF,
    0x06, 0xFE, 0xBF, 0x00, 0x00, 0x00, 0x00, 0x00, 0xF1, 0xFF, 0x08, 0xFE, 0xBF, 0x00, 0x00, 0x00,
    0x00, 0x00, 0xF1, 0xFF, 0x08, 0xFE, 0xBF, 0x00, 0x00, 0x00, 0x00, 0x00, 0xF4, 0xFF, 0x06, 0xFE,
    0xBF, 0x00, 0x00, 0x00, 0x00, 0x00, 0xFA, 0xFF, 0x02, 0xFE, 0xBF, 0x00, 0x00, 0x00, 0x00, 0x70,
    0xFF, 0xBF, 0x00, 0xFE, 0xBF, 0x00, 0x00, 0x00, 0x51, 0xFC, 0xFF, 0x2E, 0x00, 0xFE, 0xFF, 0xFF,
    0xFF, 0xFF, 0xFF, 0xFF, 0xEF, 0x03, 0x00, 0xFE, 0xFF, 0xFF, 0xFF, 0xFF, 0xFF, 0xFF, 0x1A, 0x00,
    0x00, 0xFE, 0xFF, 0xEE, 0xEE, 0xEE, 0xFF, 0x9F, 0x00, 0x00, 0x00, 0xFE, 0xBF, 0x00, 0x00, 0x00,
    0xFA, 0xFF, 0x02, 0x00, 0x00, 0xFE, 0xBF, 0x00, 0x00, 0x00, 0xF2, 0xFF, 0x0A, 0x00, 0x00, 0xFE,
    0xBF, 0x00, 0x00, 0x00, 0x90, 0xFF, 0x3F, 0x00, 0x00, 0xFE, 0xBF, 0x00, 0x00, 0x00, 0x10, 0xFF,
    0xCF, 0x00, 0x00, 0xFE, 0xBF, 0x00, 0x00, 0x00, 0x00, 0xF8, 0xFF, 0x04, 0x00, 0xFE, 0xBF, 0x00,
    0x00, 0x00, 0x00, 0xE1, 0xFF, 0x0D, 0x00, 0xFE, 0xBF, 0x00, 0x00, 0x00, 0x00, 0x70, 0xFF, 0x6F,
    0x00, 0xFE, 0xBF, 0x00, 0x00, 0x00, 0x00, 0x00, 0xFE, 0xEF, 0x00, 0xFE, 0xBF, 0x00, 0x00, 0x00,
    0x00, 0x00, 0xF6, 0xFF, 0x07, 0xFE, 0xBF, 0x00, 0x00, 0x00, 0x00, 0x00, 0xD0, 0xFF, 0x1F, 0xFE,
    0xBF, 0x00, 0x00, 0x00, 0x00, 0x00, 0x50, 0xFF, 0x9F, 0x00, 0x00, 0x00, 0xA5, 0xED, 0xFF, 0xAD,
    0x05, 0x00, 0x00, 0x00, 0x00, 0x00, 0xE5, 0xFF, 0xFF, 0xFF, 0xFF, 0xDF, 0x04, 0x00, 0x00, 0x00,
    0x90, 0xFF, 0xFF, 0xFF, 0xFF, 0xFF, 0xFF, 0x8F, 0x00, 0x00, 0x00, 0xF7, 0xFF, 0x7E, 0x02, 0x00,
    0x72, 0xFE, 0xFF, 0x06, 0x00, 0x10, 0xFF, 0xDF, 0x01, 0x00, 0x00, 0x00, 0xD1, 0xFF, 0x2F, 0x00,
    0x60, 0xFF, 0x4F, 0x00, 0x00, 0x00, 0x00, 0x30, 0xFF, 0x9F, 0x00, 0x90, 0xFF, 0x0F, 0x00, 0x00,
    0x00, 0x00, 0x00, 0xFC, 0xDF, 0x00, 0x90, 0xFF, 0x0F, 0x00, 0x00, 0x00, 0x00, 0x00, 0xF9, 0xFF,
    0x00, 0x70, 0xFF, 0x4F, 0x00, 0x00, 0x00, 0x00, 0x00, 0x31, 0x33, 0x00, 0x30, 0xFF, 0xEF, 0x02,
    0x00, 0x00, 0x00, 0x00, 0x00, 0x00, 0x00, 0x00, 0xFA, 0xFF, 0x8F, 0x01, 0x00, 0x00, 0x00, 0x00,
    0x00, 0x00, 0x00, 0xC0, 0xFF, 0xFF, 0xBF, 0x16, 0x00, 0x00, 0x00, 0x00, 0x00, 0x00, 0x00, 0xF9,
    0xFF, 0xFF, 0xFF, 0x7C, 0x01, 0x00, 0x00, 0x00, 0x00, 0x00, 0x20, 0xFA, 0xFF, 0xFF, 0xFF, 0xAF,
    0x02, 0x00, 0x00, 0x00, 0x00, 0x00, 0x10, 0xB6, 0xFF, 0xFF, 0xFF, 0x5F, 0x00, 0x00, 0x00, 0x00,
    0x00, 0x00, 0x00, 0x51, 0xFB, 0xFF, 0xFF, 0x06, 0x00, 0x00, 0x00, 0x00, 0x00, 0x00, 0x00, 0x10,
    0xF9, 0xFF, 0x3F, 0x00, 0x00, 0x00, 0x00, 0x00, 0x00, 0x00, 0x00, 0x50, 0xFF, 0xAF, 0x00, 0x31,
    0x33, 0x00, 0x00, 0x00, 0x00, 0x00, 0x00, 0xFC, 0xEF, 0x00, 0xF7, 0xFF, 0x02, 0x00, 0x00, 0x00,
    0x00, 0x00, 0xF8, 0xFF, 0x00, 0xF5, 0xFF, 0x05, 0x00, 0x00, 0x00, 0x00, 0x00, 0xF8, 0xFF, 0x00,
    0xF0, 0xFF, 0x0D, 0x00, 0x00, 0x00, 0x00, 0x00, 0xFC, 0xEF, 0x00, 0x80, 0xFF, 0xAF, 0x00, 0x00,
    0x00, 0x00, 0x70, 0xFF, 0x9F, 0x00, 0x00, 0xFC, 0xFF, 0x7E, 0x02, 0x00, 0x40, 0xFB, 0xFF, 0x1E,
    0x00, 0x00, 0xB1, 0xFF, 0xFF, 0xFF, 0xFE, 0xFF, 0xFF, 0xEF, 0x03, 0x00, 0x00, 0x00, 0xE6, 0xFF,
    0xFF, 0xFF, 0xFF, 0xFF, 0x2B, 0x00, 0x00, 0x00, 0x00, 0x00, 0x94, 0xFC, 0xFF, 0xBE, 0x28, 0x00,
    0x00, 0x00, 0xF1, 0xFF, 0xFF, 0xFF, 0xFF, 0xFF, 0xFF, 0xFF, 0xFF, 0xFF, 0xCF, 0xF1, 0xFF, 0xFF,
    0xFF, 0xFF, 0xFF, 0xFF, 0xFF, 0xFF, 0xFF, 0xCF, 0xF1, 0xFF, 0xFF, 0xFF, 0xFF, 0xFF, 0xFF, 0xFF,
    0xFF, 0xFF, 0xBF, 0x00, 0x00, 0x00, 0x00, 0x60, 0xFF, 0x2F, 0x00, 0x00, 0x00, 0x00, 0x00, 0x00,
    0x00, 0x00, 0x60, 0xFF, 0x2F, 0x00, 0x00, 0x00, 0x00, 0x00, 0x00, 0x00, 0x00, 0x60, 0xFF, 0x2F,
    0x00, 0x00, 0x00, 0x00, 0x00, 0x00, 0x00, 0x00, 0x60, 0xFF, 0x2F, 0x00, 0x00, 0x00, 0x00, 0x00,
    0x00, 0x00, 0x00, 0x60, 0xFF, 0x2F, 0x00, 0x00, 0x00, 0x00, 0x00, 0x00, 0x00, 0x00, 0x60, 0xFF,
    0x2F, 0x00, 0x00, 0x00, 0x00, 0x00, 0x00, 0x00, 0x00, 0x60, 0xFF, 0x2F, 0x00, 0x00, 0x00, 0x00,
    0x00, 0x00, 0x00, 0x00, 0x60, 0xFF, 0x2F, 0x00, 0x00, 0x00, 0x00, 0x00, 0x00, 0x00, 0x00, 0x60,
    0xFF, 0x2F, 0x00, 0x00, 0x00, 0x00, 0x00, 0x00, 0x00, 0x00, 0x60, 0xFF, 0x2F, 0x00, 0x00, 0x00,
    0x00, 0x00, 0x00, 0x00, 0x00, 0x60, 0xFF, 0x2F, 0x00, 0x00, 0x00, 0x00, 0x00, 0x00, 0x00, 0x00,
    0x60, 0xFF, 0x2F, 0x00, 0x00, 0x00, 0x00, 0x00, 0x00, 0x00, 0x00, 0x60, 0xFF, 0x2F, 0x00, 0x00,
    0x00, 0x00, 0x00, 0x00, 0x00, 0x00, 0x60, 0xFF, 0x2F, 0x00, 0x00, 0x00, 0x00, 0x00, 0x00, 0x00,
    0x00, 0x60, 0xFF, 0x2F, 0x00, 0x00, 0x00, 0x00, 0x00, 0x00, 0x00, 0x00, 0x60, 0xFF, 0x2F, 0x00,
    0x00, 0x00, 0x00, 0x00, 0x00, 0x00, 0x00, 0x60, 0xFF, 0x2F, 0x00, 0x00, 0x00, 0x00, 0x00, 0x00,
    0x00, 0x00, 0x60, 0xFF, 0x2F, 0x00, 0x00, 0x00, 0x00, 0x00, 0x00, 0x00, 0x00, 0x60, 0xFF, 0x2F,
    0x00, 0x00, 0x00, 0x00, 0x00, 0x00, 0x00, 0x00, 0x60, 0xFF, 0x2F, 0x00, 0x00, 0x00, 0x00, 0x00,
    0x00, 0x00, 0x00, 0x60, 0xFF, 0x2F, 0x00, 0x00, 0x00, 0x00, 0x00, 0x00, 0x00, 0x00, 0x60, 0xFF,
    0x2F, 0x00, 0x00, 0x00, 0x00, 0x00, 0x00, 0x00, 0x00, 0x60, 0xFF, 0x2F, 0x00, 0x00, 0x00, 0x00,
    0x00, 0x00, 0x00, 0x00, 0x60, 0xFF, 0x2F, 0x00, 0x00, 0x00, 0x00, 0xF6, 0xFF, 0x02, 0x00, 0x00,
    0x00, 0x00, 0x00, 0xF6, 0xFF, 0x02, 0xF6, 0xFF, 0x02, 0x00, 0x00, 0x00, 0x00, 0x00, 0xF6, 0xFF,
    0x02, 0xF6, 0xFF, 0x02, 0x00, 0x00, 0x00, 0x00, 0x00, 0xF6, 0xFF, 0x02, 0xF6, 0xFF, 0x02, 0x00,
    0x00, 0x00, 0x00, 0x00, 0xF6, 0xFF, 0x02, 0xF6, 0xFF, 0x02, 0x00, 0x00, 0x00, 0x00, 0x00, 0xF6,
    0xFF, 0x02, 0xF6, 0xFF, 0x02, 0x00, 0x00, 0x00, 0x00, 0x00, 0xF6, 0xFF, 0x02, 0xF6, 0xFF, 0x02,
    0x00, 0x00, 0x00, 0x00, 0x00, 0xF6, 0xFF, 0x02, 0xF6, 0xFF, 0x02, 0x00, 0x00, 0x00, 0x00, 0x00,
    0xF6, 0xFF, 0x02, 0xF6, 0xFF, 0x02, 0x00, 0x00, 0x00, 0x00, 0x00, 0xF6, 0xFF, 0x02, 0xF6, 0xFF,
    0x02, 0x00, 0x00, 0x00, 0x00, 0x00, 0xF6, 0xFF, 0x02, 0xF6, 0xFF, 0x02, 0x00, 0x00, 0x00, 0x00,
    0x00, 0xF6, 0xFF, 0x02, 0xF6, 0xFF, 0x02, 0x00, 0x00, 0x00, 0x00, 0x00, 0xF6, 0xFF, 0x02, 0xF6,
    0xFF, 0x02, 0x00, 0x00, 0x00, 0x00, 0x00, 0xF6, 0xFF, 0x02, 0xF6, 0xFF, 0x02, 0x00, 0x00, 0x00,
    0x00, 0x00, 0xF6, 0xFF, 0x02, 0xF6, 0xFF, 0x02, 0x00, 0x00, 0x00, 0x00, 0x00, 0xF6, 0xFF, 0x02,
    0xF6, 0xFF, 0x02, 0x00, 0x00, 0x00, 0x00, 0x00, 0xF6, 0xFF, 0x02, 0xF6, 0xFF, 0x02, 0x00, 0x00,
    0x00, 0x00, 0x00, 0xF6, 0xFF, 0x02, 0xF6, 0xFF, 0x02, 0x00, 0x00, 0x00, 0x00, 0x00, 0xF6, 0xFF,
    0x02, 0xF5, 0xFF, 0x02, 0x00, 0x00, 0x00, 0x00, 0x00, 0xF7, 0xFF, 0x01, 0xF4, 0xFF, 0x04, 0x00,
    0x00, 0x00, 0x00, 0x00, 0xF9, 0xFF, 0x00, 0xF1, 0xFF, 0x08, 0x00, 0x00, 0x00, 0x00, 0x00, 0xFD,
    0xDF, 0x00, 0xC0, 0xFF, 0x1E, 0x00, 0x00, 0x00, 0x00, 0x40, 0xFF, 0x8F, 0x00, 0x50, 0xFF, 0xBF,
    0x00, 0x00, 0x00, 0x00, 0xE2, 0xFF, 0x1F, 0x00, 0x00, 0xFB, 0xFF, 0x6D, 0x01, 0x00, 0x82, 0xFF,
    0xFF, 0x06, 0x00, 0x00, 0xC0, 0xFF, 0xFF, 0xFF, 0xFE, 0xFF, 0xFF, 0x7F, 0x00, 0x00, 0x00, 0x00,
    0xF8, 0xFF, 0xFF, 0xFF, 0xFF, 0xDF, 0x04, 0x00, 0x00, 0x00, 0x00, 0x10, 0xA6, 0xFD, 0xEF, 0x9C,
    0x04, 0x00, 0x00, 0x00, 0xF4, 0xFF, 0x08, 0x00, 0x00, 0x00, 0x00, 0x00, 0x00, 0x60, 0xFF, 0x8F,
    0xE0, 0xFF, 0x0E, 0x00, 0x00, 0x00, 0x00, 0x00, 0x00, 0xB0, 0xFF, 0x2F, 0x80, 0xFF, 0x4F, 0x00,
    0x00, 0x00, 0x00, 0x00, 0x00, 0xF1, 0xFF, 0x0C, 0x30, 0xFF, 0x9F, 0x00, 0x00, 0x00, 0x00, 0x00,
    0x00, 0xF6, 0xFF, 0x06, 0x00, 0xFD, 0xEF, 0x00, 0x00, 0x00, 0x00, 0x00, 0x00, 0xFC, 0xFF, 0x00,
    0x00, 0xF7, 0xFF, 0x04, 0x00, 0x00, 0x00, 0x00, 0x10, 0xFF, 0xAF, 0x00, 0x00, 0xF1, 0xFF, 0x0A,
    0x00, 0x00, 0x00, 0x00, 0x70, 0xFF, 0x4F, 0x00, 0x00, 0xB0, 0xFF, 0x0F, 0x00, 0x00, 0x00, 0x00,
    0xC0, 0xFF, 0x0E, 0x00, 0x00, 0x50, 0xFF, 0x5F, 0x00, 0x00, 0x00, 0x00, 0xF2, 0xFF, 0x08, 0x00,
    0x00, 0x00, 0xFE, 0xAF, 0x00, 0x00, 0x00, 0x00, 0xF7, 0xFF, 0x02, 0x00, 0x00, 0x00, 0xF9, 0xFF,
    0x00, 0x00, 0x00, 0x00, 0xFD, 0xCF, 0x00, 0x00, 0x00, 0x00, 0xF3, 0xFF, 0x05, 0x00, 0x00, 0x30,
    0xFF, 0x6F, 0x00, 0x00, 0x00, 0x00, 0xD0, 0xFF, 0x0B, 0x00, 0x00, 0x80, 0xFF, 0x1F, 0x00, 0x00,
    0x00, 0x00, 0x70, 0xFF, 0x1F, 0x00, 0x00, 0xE0, 0xFF, 0x0A, 0x00, 0x00, 0x00, 0x00, 0x10, 0xFF,
    0x6F, 0x00, 0x00, 0xF3, 0xFF, 0x04, 0x00, 0x00, 0x00, 0x00, 0x00, 0xFB, 0xBF, 0x00, 0x00, 0xF9,
    0xEF, 0x00, 0x00, 0x00, 0x00, 0x00, 0x00, 0xF6, 0xFF, 0x01, 0x00, 0xFE, 0x9F, 0x00, 0x00, 0x00,
    0x00, 0x00, 0x00, 0xF0, 0xFF, 0x06, 0x40, 0xFF, 0x3F, 0x00, 0x00, 0x00, 0x00, 0x00, 0x00, 0xA0,
    0xFF, 0x0C, 0x90, 0xFF, 0x0D, 0x00, 0x00, 0x00, 0x00, 0x00, 0x00, 0x40, 0xFF, 0x2F, 0xE0, 0xFF,
    0x07, 0x00, 0x00, 0x00, 0x00, 0x00, 0x00, 0x00, 0xFE, 0x7F, 0xF4, 0xFF, 0x01, 0x00, 0x00, 0x00,
    0x00, 0x00, 0x00, 0x00, 0xF8, 0xDF, 0xFA, 0xBF, 0x00, 0x00, 0x00, 0x00, 0x00, 0x00, 0x00, 0x00,
    0xF2, 0xFF, 0xFF, 0x5F, 0x00, 0x00, 0x00, 0x00, 0x00, 0x00, 0x00, 0x00, 0xC0, 0xFF, 0xFF, 0x0E,
    0x00, 0x00, 0x00, 0x00, 0x00, 0x00, 0x00, 0x00, 0x60, 0xFF, 0xFF, 0x09, 0x00, 0x00, 0x00, 0x00,
    0x00, 0x00, 0x00, 0x00, 0x10, 0xFF, 0xFF, 0x03, 0x00, 0x00, 0x00, 0x00, 0x00, 0x00, 0x00, 0x00,
    0x00, 0xFA, 0xDF, 0x00, 0x00, 0x00, 0x00, 0x00, 0xFC, 0xCF, 0x00, 0x00, 0x00, 0x00, 0x00, 0xF8,
    0xBF, 0x00, 0x00, 0x00, 0x00, 0x00, 0xFC, 0xCF, 0xF8, 0xFF, 0x00, 0x00, 0x00, 0x00, 0x00, 0xFD,
    0xFF, 0x00, 0x00, 0x00, 0x00, 0x00, 0xFF, 0x8F, 0xF4, 0xFF, 0x04, 0x00, 0x00, 0x00, 0x10, 0xFF,
    0xFF, 0x04, 0x00, 0x00, 0x00, 0x40, 0xFF, 0x4F, 0xF0, 0xFF, 0x07, 0x00, 0x00, 0x00, 0x60, 0xFF,
    0xFF, 0x08, 0x00, 0x00, 0x00, 0x70, 0xFF, 0x0F, 0xC0, 0xFF, 0x0B, 0x00, 0x00, 0x00, 0xA0, 0xFF,
    0xFF, 0x0D, 0x00, 0x00, 0x00, 0xB0, 0xFF, 0x0C, 0x80, 0xFF, 0x0F, 0x00, 0x00, 0x00, 0xF0, 0xFF,
    0xFE, 0x1F, 0x00, 0x00, 0x00, 0xE0, 0xFF, 0x08, 0x40, 0xFF, 0x3F, 0x00, 0x00, 0x00, 0xF4, 0xDF,
    0xFA, 0x6F, 0x00, 0x00, 0x00, 0xF2, 0xFF, 0x05, 0x10, 0xFF, 0x6F, 0x00, 0x00, 0x00, 0xF8, 0xAF,
    0xF6, 0xAF, 0x00, 0x00, 0x00, 0xF6, 0xFF, 0x01, 0x00, 0xFD, 0xAF, 0x00, 0x00, 0x00, 0xFD, 0x5F,
    0xF2, 0xEF, 0x00, 0x00, 0x00, 0xF9, 0xDF, 0x00, 0x00, 0xF9, 0xEF, 0x00, 0x00, 0x10, 0xFF, 0x1F,
    0xD0, 0xFF, 0x03, 0x00, 0x00, 0xFD, 0x9F, 0x00, 0x00, 0xF5, 0xFF, 0x01, 0x00, 0x60, 0xFF, 0x0C,
    0x90, 0xFF, 0x07, 0x00, 0x10, 0xFF, 0x5F, 0x00, 0x00, 0xF1, 0xFF, 0x05, 0x00, 0xA0, 0xFF, 0x07,
    0x40, 0xFF, 0x0C, 0x00, 0x40, 0xFF, 0x1F, 0x00, 0x00, 0xD0, 0xFF, 0x09, 0x00, 0xE0, 0xFF, 0x02,
    0x00, 0xFF, 0x1F, 0x00, 0x80, 0xFF, 0x0D, 0x00, 0x00, 0x90, 0xFF, 0x0D, 0x00, 0xF3, 0xDF, 0x00,
    0x00, 0xFB, 0x5F, 0x00, 0xC0, 0xFF, 0x09, 0x00, 0x00, 0x50, 0xFF, 0x0F, 0x00, 0xF8, 0x9F, 0x00,
    0x00, 0xF7, 0x9F, 0x00, 0xF0, 0xFF, 0x05, 0x00, 0x00, 0x20, 0xFF, 0x4F, 0x00, 0xFC, 0x4F, 0x00,
    0x00, 0xF2, 0xEF, 0x00, 0xF3, 0xFF, 0x02, 0x00, 0x00, 0x00, 0xFE, 0x8F, 0x10, 0xFF, 0x0F, 0x00,
    0x00, 0xE0, 0xFF, 0x02, 0xF6, 0xEF, 0x00, 0x00, 0x00, 0x00, 0xFA, 0xBF, 0x50, 0xFF, 0x0B, 0x00,
    0x00, 0x90, 0xFF, 0x07, 0xFA, 0xAF, 0x00, 0x00, 0x00, 0x00, 0xF6, 0xFF, 0xA0, 0xFF, 0x06, 0x00,
    0x00, 0x50, 0xFF, 0x0B, 0xFD, 0x6F, 0x00, 0x00, 0x00, 0x00, 0xF2, 0xFF, 0xE1, 0xFF, 0x01, 0x00,
    0x00, 0x00, 0xFF, 0x0F, 0xFF, 0x2F, 0x00, 0x00, 0x00, 0x00, 0xE0, 0xFF, 0xF6, 0xDF, 0x00, 0x00,
    0x00, 0x00, 0xFB, 0x6F, 0xFF, 0x0E, 0x00, 0x00, 0x00, 0x00, 0xA0, 0xFF, 0xFC, 0x8F, 0x00, 0x00,
    0x00, 0x00, 0xF7, 0xCF, 0xFF, 0x0A, 0x00, 0x00, 0x00, 0x00, 0x60, 0xFF, 0xFF, 0x3F, 0x00, 0x00,
    0x00, 0x00, 0xF2, 0xFF, 0xFF, 0x06, 0x00, 0x00, 0x00, 0x00, 0x30, 0xFF, 0xFF, 0x0E, 0x00, 0x00,
    0x00, 0x00, 0xE0, 0xFF, 0xFF, 0x03, 0x00, 0x00, 0x00, 0x00, 0x00, 0xFF, 0xFF, 0x0A, 0x00, 0x00,
    0x00, 0x00, 0x90, 0xFF, 0xFF, 0x00, 0x00, 0x00, 0x00, 0x00, 0x00, 0xFB, 0xFF, 0x05, 0x00, 0x00,
    0x00, 0x00, 0x50, 0xFF, 0xBF, 0x00, 0x00, 0x00, 0x00, 0x00, 0x00, 0xF7, 0xFF, 0x01, 0x00, 0x00,
    0x00, 0x00, 0x10, 0xFF, 0x7F, 0x00, 0x00, 0x00, 0xF6, 0xFF, 0x0B, 0x00, 0x00, 0x00, 0x00, 0x00,
    0xD0, 0xFF, 0x4F, 0xC0, 0xFF, 0x6F, 0x00, 0x00, 0x00, 0x00, 0x00, 0xF8, 0xFF, 0x0A, 0x20, 0xFF,
    0xEF, 0x01, 0x00, 0x00, 0x00, 0x20, 0xFF, 0xEF, 0x01, 0x00, 0xF8, 0xFF, 0x0A, 0x00, 0x00, 0x00,
    0xC0, 0xFF, 0x6F, 0x00, 0x00, 0xD0, 0xFF, 0x4F, 0x00, 0x00, 0x00, 0xF6, 0xFF, 0x0B, 0x00, 0x00,
    0x30, 0xFF, 0xDF, 0x00, 0x00, 0x10, 0xFE, 0xFF, 0x02, 0x00, 0x00, 0x00, 0xF9, 0xFF, 0x08, 0x00,
    0xA0, 0xFF, 0x7F, 0x00, 0x00, 0x00, 0x00, 0xE0, 0xFF, 0x2F, 0x00, 0xF4, 0xFF, 0x0D, 0x00, 0x00,
    0x00, 0x00, 0x40, 0xFF, 0xCF, 0x00, 0xFD, 0xFF, 0x03, 0x00, 0x00, 0x00, 0x00, 0x00, 0xFA, 0xFF,
    0x86, 0xFF, 0x8F, 0x00, 0x00, 0x00, 0x00, 0x00, 0x00, 0xE1, 0xFF, 0xFF, 0xFF, 0x0E, 0x00, 0x00,
    0x00, 0x00, 0x00, 0x00, 0x60, 0xFF, 0xFF, 0xFF, 0x04, 0x00, 0x00, 0x00, 0x00, 0x00, 0x00, 0x00,
    0xFC, 0xFF, 0xAF, 0x00, 0x00, 0x00, 0x00, 0x00, 0x00, 0x00, 0x00, 0xF5, 0xFF, 0x3F, 0x00, 0x00,
    0x00, 0x00, 0x00, 0x00, 0x00, 0x00, 0xFD, 0xFF, 0xCF, 0x00, 0x00, 0x00, 0x00, 0x00, 0x00, 0x00,
    0x80, 0xFF, 0xFF, 0xFF, 0x06, 0x00, 0x00, 0x00, 0x00, 0x00, 0x00, 0xF3, 0xFF, 0xEE, 0xFF, 0x1F,
    0x00, 0x00, 0x00, 0x00, 0x00, 0x00, 0xFD, 0xFF, 0x64, 0xFF, 0xBF, 0x00, 0x00, 0x00, 0x00, 0x00,
    0x70, 0xFF, 0xAF, 0x00, 0xFC, 0xFF, 0x05, 0x00, 0x00, 0x00, 0x00, 0xF2, 0xFF, 0x1E, 0x00, 0xF2,
    0xFF, 0x1E, 0x00, 0x00, 0x00, 0x00, 0xFC, 0xFF, 0x06, 0x00, 0x80, 0xFF, 0xAF, 0x00, 0x00, 0x00,
    0x60, 0xFF, 0xCF, 0x00, 0x00, 0x00, 0xFD, 0xFF, 0x04, 0x00, 0x00, 0xF1, 0xFF, 0x2F, 0x00, 0x00,
    0x00, 0xF3, 0xFF, 0x0E, 0x00, 0x00, 0xFA, 0xFF, 0x07, 0x00, 0x00, 0x00, 0x90, 0xFF, 0x9F, 0x00,
    0x50, 0xFF, 0xDF, 0x00, 0x00, 0x00, 0x00, 0x10, 0xFE, 0xFF, 0x03, 0xE1, 0xFF, 0x3F, 0x00, 0x00,
    0x00, 0x00, 0x00, 0xF5, 0xFF, 0x0D, 0xF9, 0xFF, 0x09, 0x00, 0x00, 0x00, 0x00, 0x00, 0xB0, 0xFF,
    0x8F, 0xF7, 0xFF, 0x09, 0x00, 0x00, 0x00, 0x00, 0x00, 0x00, 0xFD, 0xFF, 0x03, 0xD0, 0xFF, 0x2F,
    0x00, 0x00, 0x00, 0x00, 0x00, 0x50, 0xFF, 0xAF, 0x00, 0x50, 0xFF, 0xAF, 0x00, 0x00, 0x00, 0x00,
    0x00, 0xD0, 0xFF, 0x1F, 0x00, 0x00, 0xFC, 0xFF, 0x02, 0x00, 0x00, 0x00, 0x00, 0xF6, 0xFF, 0x08,
    0x00, 0x00, 0xF3, 0xFF, 0x0A, 0x00, 0x00, 0x00, 0x00, 0xFE, 0xEF, 0x01, 0x00, 0x00, 0xB0, 0xFF,
    0x3F, 0x00, 0x00, 0x00, 0x70, 0xFF, 0x7F, 0x00, 0x00, 0x00, 0x20, 0xFF, 0xBF, 0x00, 0x00, 0x00,
    0xE0, 0xFF, 0x0D, 0x00, 0x00, 0x00, 0x00, 0xF9, 0xFF, 0x03, 0x00, 0x00, 0xF7, 0xFF, 0x05, 0x00,
    0x00, 0x00, 0x00, 0xF1, 0xFF, 0x0C, 0x00, 0x10, 0xFE, 0xCF, 0x00, 0x00, 0x00, 0x00, 0x00, 0x70,
    0xFF, 0x4F, 0x00, 0x80, 0xFF, 0x3F, 0x00, 0x00, 0x00, 0x00, 0x00, 0x00, 0xFE, 0xCF, 0x00, 0xF1,
    0xFF, 0x0B, 0x00, 0x00, 0x00, 0x00, 0x00, 0x00, 0xF6, 0xFF, 0x04, 0xF8, 0xFF, 0x02, 0x00, 0x00,
    0x00, 0x00, 0x00, 0x00, 0xD0, 0xFF, 0x1D, 0xFF, 0x9F, 0x00, 0x00, 0x00, 0x00, 0x00, 0x00, 0x00,
    0x40, 0xFF, 0xDF, 0xFF, 0x1F, 0x00, 0x00, 0x00, 0x00, 0x00, 0x00, 0x00, 0x00, 0xFB, 0xFF, 0xFF,
    0x07, 0x00, 0x00, 0x00, 0x00, 0x00, 0x00, 0x00, 0x00, 0xF3, 0xFF, 0xEF, 0x00, 0x00, 0x00, 0x00,
    0x00, 0x00, 0x00, 0x00, 0x00, 0xA0, 0xFF, 0x6F, 0x00, 0x00, 0x00, 0x00, 0x00, 0x00, 0x00, 0x00,
    0x00, 0x60, 0xFF, 0x2F, 0x00, 0x00, 0x00, 0x00, 0x00, 0x00, 0x00, 0x00, 0x00, 0x60, 0xFF, 0x2F,
    0x00, 0x00, 0x00, 0x00, 0x00, 0x00, 0x00, 0x00, 0x00, 0x60, 0xFF, 0x2F, 0x00, 0x00, 0x00, 0x00,
    0x00, 0x00, 0x00, 0x00, 0x00, 0x60, 0xFF, 0x2F, 0x00, 0x00, 0x00, 0x00, 0x00, 0x00, 0x00, 0x00,
    0x00, 0x60, 0xFF, 0x2F, 0x00, 0x00, 0x00, 0x00, 0x00, 0x00, 0x00, 0x00, 0x00, 0x60, 0xFF, 0x2F,
    0x00, 0x00, 0x00, 0x00, 0x00, 0x00, 0x00, 0x00, 0x00, 0x60, 0xFF, 0x2F, 0x00, 0x00, 0x00, 0x00,
    0x00, 0x00, 0x00, 0x00, 0x00, 0x60, 0xFF, 0x2F, 0x00, 0x00, 0x00, 0x00, 0x00, 0x00, 0x00, 0x00,
    0x00, 0x60, 0xFF, 0x2F, 0x00, 0x00, 0x00, 0x00, 0x00, 0x00, 0x00, 0x00, 0x00, 0x60, 0xFF, 0x2F,
    0x00, 0x00, 0x00, 0x00, 0x00, 0xF2, 0xFF, 0xFF, 0xFF, 0xFF, 0xFF, 0xFF, 0xFF, 0xFF, 0xAF, 0x00,
    0xF2, 0xFF, 0xFF, 0xFF, 0xFF, 0xFF, 0xFF, 0xFF, 0xFF, 0xAF, 0x00, 0xF2, 0xFF, 0xFF, 0xFF, 0xFF,
    0xFF, 0xFF, 0xFF, 0xFF, 0x9F, 0x00, 0x00, 0x00, 0x00, 0x00, 0x00, 0x00, 0x00, 0xE1, 0xFF, 0x1F,
    0x00, 0x00, 0x00, 0x00, 0x00, 0x00, 0x00, 0x00, 0xFA, 0xFF, 0x05, 0x00, 0x00, 0x00, 0x00, 0x00,
    0x00, 0x00, 0x50, 0xFF, 0xAF, 0x00, 0x00, 0x00, 0x00, 0x00, 0x00, 0x00, 0x00, 0xF1, 0xFF, 0x1E,
    0x00, 0x00, 0x00, 0x00, 0x00, 0x00, 0x00, 0x00, 0xFB, 0xFF, 0x04, 0x00, 0x00, 0x00, 0x00, 0x00,
    0x00, 0x00, 0x70, 0xFF, 0x9F, 0x00, 0x00, 0x00, 0x00, 0x00, 0x00, 0x00, 0x00, 0xF2, 0xFF, 0x0D,
    0x00, 0x00, 0x00, 0x00, 0x00, 0x00, 0x00, 0x00, 0xFC, 0xFF, 0x03, 0x00, 0x00, 0x00, 0x00, 0x00,
    0x00, 0x00, 0x80, 0xFF, 0x8F, 0x00, 0x00, 0x00, 0x00, 0x00, 0x00, 0x00, 0x00, 0xF3, 0xFF, 0x0C,
    0x00, 0x00, 0x00, 0x00, 0x00, 0x00, 0x00, 0x00, 0xFD, 0xFF, 0x02, 0x00, 0x00, 0x00, 0x00, 0x00,
    0x00, 0x00, 0x90, 0xFF, 0x7F, 0x00, 0x00, 0x00, 0x00, 0x00, 0x00, 0x00, 0x00, 0xF4, 0xFF, 0x0C,
    0x00, 0x00, 0x00, 0x00, 0x00, 0x00, 0x00, 0x10, 0xFE, 0xFF, 0x01, 0x00, 0x00, 0x00, 0x00, 0x00,
    0x00, 0x00, 0xA0, 0xFF, 0x5F, 0x00, 0x00, 0x00, 0x00, 0x00, 0x00, 0x00, 0x00, 0xF5, 0xFF, 0x0A,
    0x00, 0x00, 0x00, 0x00, 0x00, 0x00, 0x00, 0x10, 0xFF, 0xEF, 0x01, 0x00, 0x00, 0x00, 0x00, 0x00,
    0x00, 0x00, 0xB0, 0xFF, 0x4F, 0x00, 0x00, 0x00, 0x00, 0x00, 0x00, 0x00, 0x00, 0xF7, 0xFF, 0x09,
    0x00, 0x00, 0x00, 0x00, 0x00, 0x00, 0x00, 0x20, 0xFF, 0xDF, 0x00, 0x00, 0x00, 0x00, 0x00, 0x00,
    0x00, 0x00, 0xC0, 0xFF, 0x3F, 0x00, 0x00, 0x00, 0x00, 0x00, 0x00, 0x00, 0x00, 0xF5, 0xFF, 0xEF,
    0xEE, 0xEE, 0xEE, 0xEE, 0xEE, 0xEE, 0xEE, 0x03, 0xF6, 0xFF, 0xFF, 0xFF, 0xFF, 0xFF, 0xFF, 0xFF,
    0xFF, 0xFF, 0x04, 0xF6, 0xFF, 0xFF, 0xFF, 0xFF, 0xFF, 0xFF, 0xFF, 0xFF, 0xFF, 0x04, 0xF4, 0xFF,
    0xFF, 0xBF, 0xF4, 0xFF, 0xFF, 0xBF, 0xF4, 0xFF, 0xDD, 0x9D, 0xF4, 0xFF, 0x02, 0x00, 0xF4, 0xFF,
    0x02, 0x00, 0xF4, 0xFF, 0x02, 0x00, 0xF4, 0xFF, 0x02, 0x00, 0xF4, 0xFF, 0x02, 0x00, 0xF4, 0xFF,
    0x02, 0x00, 0xF4, 0xFF, 0x02, 0x00, 0xF4, 0xFF, 0x02, 0x00, 0xF4, 0xFF, 0x02, 0x00, 0xF4, 0xFF,
    0x02, 0x00, 0xF4, 0xFF, 0x02, 0x00, 0xF4, 0xFF, 0x02, 0x00, 0xF4, 0xFF, 0x02, 0x00, 0xF4, 0xFF,
    0x02, 0x00, 0xF4, 0xFF, 0x02, 0x00, 0xF4, 0xFF, 0x02, 0x00, 0xF4, 0xFF, 0x02, 0x00, 0xF4, 0xFF,
    0x02, 0x00, 0xF4, 0xFF, 0x02, 0x00, 0xF4, 0xFF, 0x02, 0x00, 0xF4, 0xFF, 0x02, 0x00, 0xF4, 0xFF,
    0x02, 0x00, 0xF4, 0xFF, 0x02, 0x00, 0xF4, 0xFF, 0x02, 0x00, 0xF4, 0xFF, 0x02, 0x00, 0xF4, 0xFF,
    0x02, 0x00, 0xF4, 0xFF, 0x02, 0x00, 0xF4, 0xFF, 0x02, 0x00, 0xF4, 0xFF, 0x02, 0x00, 0xF4, 0xFF,
    0x02, 0x00, 0xF4, 0xFF, 0x02, 0x00, 0xF4, 0xFF, 0xDD, 0x9D, 0xF4, 0xFF, 0xFF, 0xBF, 0xF4, 0xFF,
    0xFF, 0xBF, 0xF1, 0xFF, 0x03, 0x00, 0x00, 0x00, 0x00, 0x00, 0xA0, 0xFF, 0x09, 0x00, 0x00, 0x00,
    0x00, 0x00, 0x40, 0xFF, 0x0F, 0x00, 0x00, 0x00, 0x00, 0x00, 0x00, 0xFE, 0x6F, 0x00, 0x00, 0x00,
    0x00, 0x00, 0x00, 0xF8, 0xCF, 0x00, 0x00, 0x00, 0x00, 0x00, 0x00, 0xF1, 0xFF, 0x02, 0x00, 0x00,
    0x00, 0x00, 0x00, 0xB0, 0xFF, 0x08, 0x00, 0x00, 0x00, 0x00, 0x00, 0x50, 0xFF, 0x0E, 0x00, 0x00,
    0x00, 0x00, 0x00, 0x00, 0xFE, 0x5F, 0x00, 0x00, 0x00, 0x00, 0x00, 0x00, 0xF8, 0xBF, 0x00, 0x00,
    0x00, 0x00, 0x00, 0x00, 0xF2, 0xFF, 0x01, 0x00, 0x00, 0x00, 0x00, 0x00, 0xC0, 0xFF, 0x07, 0x00,
    0x00, 0x00, 0x00, 0x00, 0x60, 0xFF, 0x0D, 0x00, 0x00, 0x00, 0x00, 0x00, 0x00, 0xFF, 0x4F, 0x00,
    0x00, 0x00, 0x00, 0x00, 0x00, 0xF9, 0xAF, 0x00, 0x00, 0x00, 0x00, 0x00, 0x00, 0xF3, 0xFF, 0x01,
    0x00, 0x00, 0x00, 0x00, 0x00, 0xD0, 0xFF, 0x06, 0x00, 0x00, 0x00, 0x00, 0x00, 0x70, 0xFF, 0x0D,
    0x00, 0x00, 0x00, 0x00, 0x00, 0x10, 0xFF, 0x3F, 0x00, 0x00, 0x00, 0x00, 0x00, 0x00, 0xFA, 0x9F,
    0x00, 0x00, 0x00, 0x00, 0x00, 0x00, 0xF4, 0xFF, 0x00, 0x00, 0x00, 0x00, 0x00, 0x00, 0xE0, 0xFF,
    0x06, 0x00, 0x00, 0x00, 0x00, 0x00, 0x80, 0xFF, 0x0C, 0x00, 0x00, 0x00, 0x00, 0x00, 0x10, 0xFF,
    0x2F, 0x00, 0x00, 0x00, 0x00, 0x00, 0x00, 0xFB, 0x8F, 0x00, 0x00, 0x00, 0x00, 0x00, 0x00, 0xF5,
    0xEF, 0x00, 0x00, 0x00, 0x00, 0x00, 0x00, 0xE0, 0xFF, 0x05, 0x00, 0x00, 0x00, 0x00, 0x00, 0x80,
    0xFF, 0x0B, 0x00, 0x00, 0x00, 0x00, 0x00, 0x20, 0xFF, 0x1F, 0xFD, 0xFF, 0xFF, 0x3F, 0xFD, 0xFF,
    0xFF, 0x3F, 0xDA, 0xDD, 0xFF, 0x3F, 0x00, 0x40, 0xFF, 0x3F, 0x00, 0x40, 0xFF, 0x3F, 0x00, 0x40,
    0xFF, 0x3F, 0x00, 0x40, 0xFF, 0x3F, 0x00, 0x40, 0xFF, 0x3F, 0x00, 0x40, 0xFF, 0x3F, 0x00, 0x40,
    0xFF, 0x3F, 0x00, 0x40, 0xFF, 0x3F, 0x00, 0x40, 0xFF, 0x3F, 0x00, 0x40, 0xFF, 0x3F, 0x00, 0x40,
    0xFF, 0x3F, 0x00, 0x40, 0xFF, 0x3F, 0x00, 0x40, 0xFF, 0x3F, 0x00, 0x40, 0xFF, 0x3F, 0x00, 0x40,
    0xFF, 0x3F, 0x00, 0x40, 0xFF, 0x3F, 0x00, 0x40, 0xFF, 0x3F, 0x00, 0x40, 0xFF, 0x3F, 0x00, 0x40,
    0xFF, 0x3F, 0x00, 0x40, 0xFF, 0x3F, 0x00, 0x40, 0xFF, 0x3F, 0x00, 0x40, 0xFF, 0x3F, 0x00, 0x40,
    0xFF, 0x3F, 0x00, 0x40, 0xFF, 0x3F, 0x00, 0x40, 0xFF, 0x3F, 0x00, 0x40, 0xFF, 0x3F, 0x00, 0x40,
    0xFF, 0x3F, 0x00, 0x40, 0xFF, 0x3F, 0x00, 0x40, 0xFF, 0x3F, 0x00, 0x40, 0xFF, 0x3F, 0x00, 0x40,
    0xFF, 0x3F, 0xDA, 0xDD, 0xFF, 0x3F, 0xFD, 0xFF, 0xFF, 0x3F, 0xFD, 0xFF, 0xFF, 0x3F, 0x00, 0x00,
    0x70, 0xFF, 0x04, 0x00, 0x00, 0x00, 0x00, 0xE0, 0xFF, 0x0B, 0x00, 0x00, 0x00, 0x00, 0xF5, 0xFF,
    0x2F, 0x00, 0x00, 0x00, 0x00, 0xFC, 0xFF, 0x9F, 0x00, 0x00, 0x00, 0x30, 0xFF, 0xFE, 0xFF, 0x00,
    0x00, 0x00, 0x90, 0xFF, 0xB8, 0xFF, 0x06, 0x00, 0x00, 0xF1, 0xFF, 0x41, 0xFF, 0x0D, 0x00, 0x00,
    0xF7, 0xAF, 0x00, 0xFD, 0x4F, 0x00, 0x00, 0xFE, 0x4F, 0x00, 0xF7, 0xBF, 0x00, 0x50, 0xFF, 0x0D,
    0x00, 0xF0, 0xFF, 0x02, 0xB0, 0xFF, 0x06, 0x00, 0x90, 0xFF, 0x08, 0xF2, 0xFF, 0x00, 0x00, 0x20,
    0xFF, 0x0F, 0xF9, 0x9F, 0x00, 0x00, 0x00, 0xFC, 0x6F, 0xFE, 0xFF, 0xFF, 0xFF, 0xFF, 0xFF, 0xFF,
    0xFF, 0x1F, 0xFE, 0xFF, 0xFF, 0xFF, 0xFF, 0xFF, 0xFF, 0xFF, 0x1F, 0xCB, 0xCC, 0xCC, 0xCC, 0xCC,
    0xCC, 0xCC, 0xCC, 0x0C, 0xF7, 0xFF, 0x09, 0x00, 0x80, 0xFF, 0x6F, 0x00, 0x00, 0xF8, 0xFF, 0x03,
    0x00, 0x90, 0xFF, 0x1E, 0x00, 0x00, 0xEA, 0x5B, 0x00, 0x00, 0x83, 0xEC, 0xEF, 0x8C, 0x02, 0x00,
    0x00, 0x00, 0xB2, 0xFF, 0xFF, 0xFF, 0xFF, 0x8F, 0x00, 0x00, 0x20, 0xFE, 0xFF, 0xDF, 0xEC, 0xFF,
    0xFF, 0x08, 0x00, 0xD0, 0xFF, 0x7F, 0x00, 0x00, 0xD3, 0xFF, 0x3F, 0x00, 0xF5, 0xFF, 0x04, 0x00,
    0x00, 0x10, 0xFF, 0x9F, 0x00, 0xB6, 0xAB, 0x00, 0x00, 0x00, 0x00, 0xFA, 0xCF, 0x00, 0x00, 0x00,
    0x00, 0x00, 0x00, 0x00, 0xF8, 0xEF, 0x00, 0x00, 0x00, 0x00, 0x00, 0x00, 0x00, 0xF8, 0xEF, 0x00,
    0x00, 0x00, 0x95, 0xEC, 0xFF, 0xFF, 0xFF, 0xEF, 0x00, 0x00, 0xE5, 0xFF, 0xFF, 0xFF, 0xFF, 0xFF,
    0xEF, 0x00, 0x80, 0xFF, 0xFF, 0x9C, 0x77, 0x77, 0xFB, 0xEF, 0x00, 0xF4, 0xFF, 0x1A, 0x00, 0x00,
    0x00, 0xF8, 0xEF, 0x00, 0xFB, 0xCF, 0x00, 0x00, 0x00, 0x00, 0xF8, 0xEF, 0x00, 0xFE, 0x7F, 0x00,
    0x00, 0x00, 0x00, 0xF8, 0xEF, 0x00, 0xFF, 0x8F, 0x00, 0x00, 0x00, 0x00, 0xFC, 0xEF, 0x00, 0xFD,
    0xEF, 0x00, 0x00, 0x00, 0x90, 0xFF, 0xEF, 0x00, 0xF8, 0xFF, 0x5D, 0x01, 0x62, 0xFD, 0xFF, 0xEF,
    0x00, 0xD0, 0xFF, 0xFF, 0xFF, 0xFF, 0xFF, 0xFE, 0xFF, 0x00, 0x10, 0xFC, 0xFF, 0xFF, 0xFF, 0x7F,
    0xF5, 0xFF, 0x03, 0x00, 0x50, 0xEB, 0xFF, 0x8C, 0x01, 0xF2, 0xFF, 0x08, 0xF6, 0xFF, 0x00, 0x00,
    0x00, 0x00, 0x00, 0x00, 0x00, 0xF6, 0xFF, 0x00, 0x00, 0x00, 0x00, 0x00, 0x00, 0x00, 0xF6, 0xFF,
    0x00, 0x00, 0x00, 0x00, 0x00, 0x00, 0x00, 0xF6, 0xFF, 0x00, 0x00, 0x00, 0x00, 0x00, 0x00, 0x00,
    0xF6, 0xFF, 0x00, 0x00, 0x00, 0x00, 0x00, 0x00, 0x00, 0xF6, 0xFF, 0x00, 0x00, 0x00, 0x00, 0x00,
    0x00, 0x00, 0xF6, 0xFF, 0x00, 0x00, 0x00, 0x00, 0x00, 0x00, 0x00, 0xF6, 0xFF, 0x00, 0x00, 0x00,
    0x00, 0x00, 0x00, 0x00, 0xF6, 0xFF, 0x00, 0x00, 0x00, 0x00, 0x00, 0x00, 0x00, 0xF6, 0xFF, 0x00,
    0xA5, 0xFE, 0xCE, 0x18, 0x00, 0x00, 0xF6, 0xFF, 0xC2, 0xFF, 0xFF, 0xFF, 0xFF, 0x05, 0x00, 0xF6,
    0xFF, 0xFE, 0xFF, 0xFF, 0xFF, 0xFF, 0x5F, 0x00, 0xF6, 0xFF, 0xEF, 0x17, 0x00, 0x92, 0xFF, 0xEF,
    0x01, 0xF6, 0xFF, 0x2E, 0x00, 0x00, 0x00, 0xF6, 0xFF, 0x09, 0xF6, 0xFF, 0x04, 0x00, 0x00, 0x00,
    0xB0, 0xFF, 0x0E, 0xF6, 0xFF, 0x00, 0x00, 0x00, 0x00, 0x50, 0xFF, 0x3F, 0xF6, 0xFF, 0x00, 0x00,
    0x00, 0x00, 0x10, 0xFF, 0x6F, 0xF6, 0xFF, 0x00, 0x00, 0x00, 0x00, 0x00, 0xFE, 0x8F, 0xF6, 0xFF,
    0x00, 0x00, 0x00, 0x00, 0x00, 0xFD, 0x9F, 0xF6, 0xFF, 0x00, 0x00, 0x00, 0x00, 0x00, 0xFE, 0x9F,
    0xF6, 0xFF, 0x00, 0x00, 0x00, 0x00, 0x00, 0xFF, 0x8F, 0xF6, 0xFF, 0x00, 0x00, 0x00, 0x00, 0x10,
    0xFF, 0x6F, 0xF6, 0xFF, 0x00, 0x00, 0x00, 0x00, 0x50, 0xFF, 0x3F, 0xF6, 0xFF, 0x04, 0x00, 0x00,
    0x00, 0xC0, 0xFF, 0x0E, 0xF6, 0xFF, 0x2E, 0x00, 0x00, 0x00, 0xF6, 0xFF, 0x08, 0xF6, 0xFF, 0xFF,
    0x17, 0x00, 0x92, 0xFF, 0xEF, 0x01, 0xF6, 0xEF, 0xFD, 0xFF, 0xFF, 0xFF, 0xFF, 0x4F, 0x00, 0xF6,
    0xDF, 0xB1, 0xFF, 0xFF, 0xFF, 0xEF, 0x05, 0x00, 0xF6, 0xCF, 0x00, 0xA5, 0xFE, 0xCE, 0x17, 0x00,
    0x00, 0x00, 0x00, 0x10, 0xC8, 0xFE, 0xCE, 0x28, 0x00, 0x00, 0x00, 0x00, 0xF7, 0xFF, 0xFF, 0xFF,
    0xFF, 0x08, 0x00, 0x00, 0xA0, 0xFF, 0xFF, 0xDF, 0xFE, 0xFF, 0xAF, 0x00, 0x00, 0xF7, 0xFF, 0x3C,
    0x00, 0x30, 0xFC, 0xFF, 0x07, 0x20, 0xFF, 0xBF, 0x00, 0x00, 0x00, 0xB0, 0xFF, 0x0F, 0x90, 0xFF,
    0x1F, 0x00, 0x00, 0x00, 0x10, 0xFF, 0x5F, 0xE0, 0xFF, 0x09, 0x00, 0x00, 0x00, 0x00, 0xFC, 0x8F,
    0xF1, 0xFF, 0x05, 0x00, 0x00, 0x00, 0x00, 0x42, 0x24, 0xF3, 0xFF, 0x03, 0x00, 0x00, 0x00, 0x00,
    0x00, 0x00, 0xF4, 0xFF, 0x02, 0x00, 0x00, 0x00, 0x00, 0x00, 0x00, 0xF4, 0xFF, 0x02, 0x00, 0x00,
    0x00, 0x00, 0x00, 0x00, 0xF3, 0xFF, 0x03, 0x00, 0x00, 0x00, 0x00, 0x00, 0x00, 0xF1, 0xFF, 0x05,
    0x00, 0x00, 0x00, 0x00, 0x00, 0x00, 0xD0, 0xFF, 0x09, 0x00, 0x00, 0x00, 0x00, 0xB7, 0x6B, 0x90,
    0xFF, 0x1E, 0x00, 0x00, 0x00, 0x00, 0xFE, 0x6F, 0x20, 0xFF, 0xAF, 0x00, 0x00, 0x00, 0x90, 0xFF,
    0x1F, 0x00, 0xF8, 0xFF, 0x3B, 0x00, 0x20, 0xFA, 0xFF, 0x07, 0x00, 0xB0, 0xFF, 0xFF, 0xDE, 0xFE,
    0xFF, 0x9F, 0x00, 0x00, 0x00, 0xF8, 0xFF, 0xFF, 0xFF, 0xFF, 0x06, 0x00, 0x00, 0x00, 0x10, 0xC7,
    0xFE, 0xCE, 0x17, 0x00, 0x00, 0x00, 0x00, 0x00, 0x00, 0x00, 0x00, 0x00, 0xFB, 0xBF, 0x00, 0x00,
    0x00, 0x00, 0x00, 0x00, 0x00, 0xFB, 0xBF, 0x00, 0x00, 0x00, 0x00, 0x00, 0x00, 0x00, 0xFB, 0xBF,
    0x00, 0x00, 0x00, 0x00, 0x00, 0x00, 0x00, 0xFB, 0xBF, 0x00, 0x00, 0x00, 0x00, 0x00, 0x00, 0x00,
    0xFB, 0xBF, 0x00, 0x00, 0x00, 0x00, 0x00, 0x00, 0x00, 0xFB, 0xBF, 0x00, 0x00, 0x00, 0x00, 0x00,
    0x00, 0x00, 0xFB, 0xBF, 0x00, 0x00, 0x00, 0x00, 0x00, 0x00, 0x00, 0xFB, 0xBF, 0x00, 0x00, 0x00,
    0x00, 0x00, 0x00, 0x00, 0xFB, 0xBF, 0x00, 0x00, 0x40, 0xEA, 0xEF, 0x8C, 0x01, 0xFB, 0xBF, 0x00,
    0x00, 0xFB, 0xFF, 0xFF, 0xFF, 0x6F, 0xFB, 0xBF, 0x00, 0xC0, 0xFF, 0xFF, 0xEF, 0xFF, 0xFF, 0xFF,
    0xBF, 0x00, 0xF9, 0xFF, 0x5D, 0x00, 0x40, 0xFB, 0xFF, 0xBF, 0x20, 0xFF, 0xCF, 0x00, 0x00, 0x00,
    0x90, 0xFF, 0xBF, 0x80, 0xFF, 0x2F, 0x00, 0x00, 0x00, 0x00, 0xFD, 0xBF, 0xD0, 0xFF, 0x0B, 0x00,
    0x00, 0x00, 0x00, 0xFB, 0xBF, 0xF0, 0xFF, 0x07, 0x00, 0x00, 0x00, 0x00, 0xFB, 0xBF, 0xF2, 0xFF,
    0x04, 0x00, 0x00, 0x00, 0x00, 0xFB, 0xBF, 0xF3, 0xFF, 0x03, 0x00, 0x00, 0x00, 0x00, 0xFB, 0xBF,
    0xF3, 0xFF, 0x03, 0x00, 0x00, 0x00, 0x00, 0xFB, 0xBF, 0xF2, 0xFF, 0x04, 0x00, 0x00, 0x00, 0x00,
    0xFB, 0xBF, 0xF0, 0xFF, 0x07, 0x00, 0x00, 0x00, 0x00, 0xFB, 0xBF, 0xD0, 0xFF, 0x0B, 0x00, 0x00,
    0x00, 0x00, 0xFB, 0xBF, 0x80, 0xFF, 0x2F, 0x00, 0x00, 0x00, 0x00, 0xFD, 0xBF, 0x20, 0xFF, 0xCF,
    0x00, 0x00, 0x00, 0x90, 0xFF, 0xBF, 0x00, 0xF8, 0xFF, 0x4D, 0x00, 0x40, 0xFC, 0xFF, 0xBF, 0x00,
    0xC0, 0xFF, 0xFF, 0xEF, 0xFF, 0xFF, 0xFE, 0xBF, 0x00, 0x00, 0xFB, 0xFF, 0xFF, 0xFF, 0x6F, 0xF9,
    0xBF, 0x00, 0x00, 0x40, 0xEA, 0xEF, 0x8C, 0x01, 0xF7, 0xBF, 0x00, 0x00, 0x00, 0xB6, 0xFE, 0xCE,
    0x28, 0x00, 0x00, 0x00, 0x00, 0xE4, 0xFF, 0xFF, 0xFF, 0xFF, 0x07, 0x00, 0x00, 0x60, 0xFF, 0xFF,
    0xDE, 0xFE, 0xFF, 0x9F, 0x00, 0x00, 0xF3, 0xFF, 0x3C, 0x00, 0x30, 0xFC, 0xFF, 0x05, 0x00, 0xFD,
    0xBF, 0x00, 0x00, 0x00, 0xC0, 0xFF, 0x0D, 0x60, 0xFF, 0x1F, 0x00, 0x00, 0x00, 0x30, 0xFF, 0x3F,
    0xC0, 0xFF, 0x0A, 0x00, 0x00, 0x00, 0x00, 0xFE, 0x7F, 0xF0, 0xFF, 0x05, 0x00, 0x00, 0x00, 0x00,
    0xFB, 0xAF, 0xF3, 0xFF, 0xFF, 0xFF, 0xFF, 0xFF, 0xFF, 0xFF, 0xBF, 0xF4, 0xFF, 0xFF, 0xFF, 0xFF,
    0xFF, 0xFF, 0xFF, 0xCF, 0xF4, 0xFF, 0xDD, 0xDD, 0xDD, 0xDD, 0xDD, 0xDD, 0xAD, 0xF3, 0xFF, 0x03,
    0x00, 0x00, 0x00, 0x00, 0x00, 0x00, 0xF1, 0xFF, 0x06, 0x00, 0x00, 0x00, 0x00, 0x00, 0x00, 0xE0,
    0xFF, 0x0B, 0x00, 0x00, 0x00, 0x00, 0x00, 0x00, 0x90, 0xFF, 0x3F, 0x00, 0x00, 0x00, 0x00, 0x10,
    0x00, 0x10, 0xFF, 0xDF, 0x01, 0x00, 0x00, 0x00, 0xF6, 0x07, 0x00, 0xF7, 0xFF, 0x6E, 0x00, 0x00,
    0xB3, 0xFF, 0x3F, 0x00, 0x90, 0xFF, 0xFF, 0xDF, 0xFD, 0xFF, 0xFF, 0x06, 0x00, 0x00, 0xE6, 0xFF,
    0xFF, 0xFF, 0xFF, 0x4E, 0x00, 0x00, 0x00, 0x00, 0xB6, 0xFE, 0xDF, 0x5A, 0x00, 0x00, 0x00, 0x00,
    0x00, 0xA4, 0xFE, 0xDF, 0x02, 0x00, 0x00, 0x90, 0xFF, 0xFF, 0xFF, 0x02, 0x00, 0x00, 0xF8, 0xFF,
    0xFF, 0xFF, 0x01, 0x00, 0x10, 0xFF, 0xEF, 0x05, 0x00, 0x00, 0x00, 0x60, 0xFF, 0x5F, 0x00, 0x00,
    0x00, 0x00, 0x90, 0xFF, 0x0E, 0x00, 0x00, 0x00, 0x00, 0xB0, 0xFF, 0x0C, 0x00, 0x00, 0x00, 0x00,
    0xB0, 0xFF, 0x0B, 0x00, 0x00, 0x00, 0x00, 0xB0, 0xFF, 0x0B, 0x00, 0x00, 0x00, 0xFE, 0xFF, 0xFF,
    0xFF, 0xFF, 0x0F, 0x00, 0xFE, 0xFF, 0xFF, 0xFF, 0xFF, 0x0F, 0x00, 0xA9, 0xEA, 0xFF, 0xAE, 0xAA,
    0x0A, 0x00, 0x00, 0xB0, 0xFF, 0x0B, 0x00, 0x00, 0x00, 0x00, 0xB0, 0xFF, 0x0B, 0x00, 0x00, 0x00,
    0x00, 0xB0, 0xFF, 0x0B, 0x00, 0x00, 0x00, 0x00, 0xB0, 0xFF, 0x0B, 0x00, 0x00, 0x00, 0x00, 0xB0,
    0xFF, 0x0B, 0x00, 0x00, 0x00, 0x00, 0xB0, 0xFF, 0x0B, 0x00, 0x00, 0x00, 0x00, 0xB0, 0xFF, 0x0B,
    0x00, 0x00, 0x00, 0x00, 0xB0, 0xFF, 0x0B, 0x00, 0x00, 0x00, 0x00, 0xB0, 0xFF, 0x0B, 0x00, 0x00,
    0x00, 0x00, 0xB0, 0xFF, 0x0B, 0x00, 0x00, 0x00, 0x00, 0xB0, 0xFF, 0x0B, 0x00, 0x00, 0x00, 0x00,
    0xB0, 0xFF, 0x0B, 0x00, 0x00, 0x00, 0x00, 0xB0, 0xFF, 0x0B, 0x00, 0x00, 0x00, 0x00, 0xB0, 0xFF,
    0x0B, 0x00, 0x00, 0x00, 0x00, 0xB0, 0xFF, 0x0B, 0x00, 0x00, 0x00, 0x00, 0xB0, 0xFF, 0x0B, 0x00,
    0x00, 0x00, 0x00, 0xB0, 0xFF, 0x0B, 0x00, 0x00, 0x00, 0x00, 0x00, 0x40, 0xEA, 0xEF, 0x8C, 0x01,
    0xF6, 0xBF, 0x00, 0x10, 0xFB, 0xFF, 0xFF, 0xFF, 0x6F, 0xF7, 0xBF, 0x00, 0xC0, 0xFF, 0xFF, 0xEF,
    0xFF, 0xFF, 0xFD, 0xBF, 0x00, 0xF9, 0xFF, 0x5D, 0x00, 0x40, 0xFB, 0xFF, 0xBF, 0x20, 0xFF, 0xDF,
    0x01, 0x00, 0x00, 0x90, 0xFF, 0xBF, 0x80, 0xFF, 0x3F, 0x00, 0x00, 0x00, 0x00, 0xFD, 0xBF, 0xD0,
    0xFF, 0x0C, 0x00, 0x00, 0x00, 0x00, 0xFB, 0xBF, 0xF0, 0xFF, 0x08, 0x00, 0x00, 0x00, 0x00, 0xFB,
    0xBF, 0xF2, 0xFF, 0x05, 0x00, 0x00, 0x00, 0x00, 0xFB, 0xBF, 0xF3, 0xFF, 0x04, 0x00, 0x00, 0x00,
    0x00, 0xFB, 0xBF, 0xF2, 0xFF, 0x04, 0x00, 0x00, 0x00, 0x00, 0xFB, 0xBF, 0xF1, 0xFF, 0x04, 0x00,
    0x00, 0x00, 0x00, 0xFB, 0xBF, 0xF0, 0xFF, 0x07, 0x00, 0x00, 0x00, 0x00, 0xFB, 0xBF, 0xC0, 0xFF,
    0x0B, 0x00, 0x00, 0x00, 0x00, 0xFB, 0xBF, 0x80, 0xFF, 0x2F, 0x00, 0x00, 0x00, 0x00, 0xFD, 0xBF,
    0x10, 0xFF, 0xCF, 0x00, 0x00, 0x00, 0x90, 0xFF, 0xBF, 0x00, 0xF8, 0xFF, 0x4D, 0x00, 0x40, 0xFB,
    0xFF, 0xBF, 0x00, 0xC0, 0xFF, 0xFF, 0xEF, 0xFF, 0xFF, 0xFF, 0xBF, 0x00, 0x00, 0xFB, 0xFF, 0xFF,
    0xFF, 0x6F, 0xFB, 0xBF, 0x00, 0x00, 0x40, 0xEA, 0xEF, 0x8C, 0x01, 0xFB, 0xBF, 0x00, 0x00, 0x00,
    0x00, 0x00, 0x00, 0x00, 0xFC, 0xAF, 0x00, 0x00, 0x00, 0x00, 0x00, 0x00, 0x00, 0xFF, 0x8F, 0x00,
    0x90, 0x01, 0x00, 0x00, 0x00, 0x50, 0xFF, 0x4F, 0x00, 0xF8, 0x1C, 0x00, 0x00, 0x00, 0xE1, 0xFF,
    0x0E, 0x00, 0xFE, 0xEF, 0x06, 0x00, 0x50, 0xFD, 0xFF, 0x06, 0x00, 0xF3, 0xFF, 0xFF, 0xDD, 0xFF,
    0xFF, 0x9F, 0x00, 0x00, 0x10, 0xFB, 0xFF, 0xFF, 0xFF, 0xFF, 0x07, 0x00, 0x00, 0x00, 0x30, 0xC8,
    0xFE, 0xCE, 0x17, 0x00, 0x00, 0xF6, 0xFF, 0x00, 0x00, 0x00, 0x00, 0x00, 0x00, 0x00, 0xF6, 0xFF,
    0x00, 0x00, 0x00, 0x00, 0x00, 0x00, 0x00, 0xF6, 0xFF, 0x00, 0x00, 0x00, 0x00, 0x00, 0x00, 0x00,
    0xF6, 0xFF, 0x00, 0x00, 0x00, 0x00, 0x00, 0x00, 0x00, 0xF6, 0xFF, 0x00, 0x00, 0x00, 0x00, 0x00,
    0x00, 0x00, 0xF6, 0xFF, 0x00, 0x00, 0x00, 0x00, 0x00, 0x00, 0x00, 0xF6, 0xFF, 0x00, 0x00, 0x00,
    0x00, 0x00, 0x00, 0x00, 0xF6, 0xFF, 0x00, 0x00, 0x00, 0x00, 0x00, 0x00, 0x00, 0xF6, 0xFF, 0x00,
    0x00, 0x00, 0x00, 0x00, 0x00, 0x00, 0xF6, 0xFF, 0x00, 0x93, 0xFD, 0xDF, 0x39, 0x00, 0x00, 0xF6,
    0xFF, 0x90, 0xFF, 0xFF, 0xFF, 0xFF, 0x07, 0x00, 0xF6, 0xFF, 0xFB, 0xFF, 0xFF, 0xFF, 0xFF, 0x4F,
    0x00, 0xF6, 0xFF, 0xFF, 0x28, 0x00, 0x91, 0xFF, 0xCF, 0x00, 0xF6, 0xFF, 0x4F, 0x00, 0x00, 0x00,
    0xFA, 0xFF, 0x01, 0xF6, 0xFF, 0x06, 0x00, 0x00, 0x00, 0xF3, 0xFF, 0x04, 0xF6, 0xFF, 0x00, 0x00,
    0x00, 0x00, 0xF1, 0xFF, 0x05, 0xF6, 0xFF, 0x00, 0x00, 0x00, 0x00, 0xF0, 0xFF, 0x06, 0xF6, 0xFF,
    0x00, 0x00, 0x00, 0x00, 0xF0, 0xFF, 0x06, 0xF6, 0xFF, 0x00, 0x00, 0x00, 0x00, 0xF0, 0xFF, 0x06,
    0xF6, 0xFF, 0x00, 0x00, 0x00, 0x00, 0xF0, 0xFF, 0x06, 0xF6, 0xFF, 0x00, 0x00, 0x00, 0x00, 0xF0,
    0xFF, 0x06, 0xF6, 0xFF, 0x00, 0x00, 0x00, 0x00, 0xF0, 0xFF, 0x06, 0xF6, 0xFF, 0x00, 0x00, 0x00,
    0x00, 0xF0, 0xFF, 0x06, 0xF6, 0xFF, 0x00, 0x00, 0x00, 0x00, 0xF0, 0xFF, 0x06, 0xF6, 0xFF, 0x00,
    0x00, 0x00, 0x00, 0xF0, 0xFF, 0x06, 0xF6, 0xFF, 0x00, 0x00, 0x00, 0x00, 0xF0, 0xFF, 0x06, 0xF6,
    0xFF, 0x00, 0x00, 0x00, 0x00, 0xF0, 0xFF, 0x06, 0xF6, 0xFF, 0x00, 0x00, 0x00, 0x00, 0xF0, 0xFF,
    0x06, 0xF6, 0xFF, 0x00, 0x00, 0x00, 0x00, 0xF0, 0xFF, 0x06, 0x90, 0xBE, 0x01, 0xF4, 0xFF, 0x09,
    0xF4, 0xFF, 0x09, 0xA0, 0xCF, 0x02, 0x00, 0x00, 0x00, 0x00, 0x00, 0x00, 0x00, 0x00, 0x00, 0xF1,
    0xFF, 0x05, 0xF1, 0xFF, 0x05, 0xF1, 0xFF, 0x05, 0xF1, 0xFF, 0x05, 0xF1, 0xFF, 0x05, 0xF1, 0xFF,
    0x05, 0xF1, 0xFF, 0x05, 0xF1, 0xFF, 0x05, 0xF1, 0xFF, 0x05, 0xF1, 0xFF, 0x05, 0xF1, 0xFF, 0x05,
    0xF1, 0xFF, 0x05, 0xF1, 0xFF, 0x05, 0xF1, 0xFF, 0x05, 0xF1, 0xFF, 0x05, 0xF1, 0xFF, 0x05, 0xF1,
    0xFF, 0x05, 0xF1, 0xFF, 0x05, 0xF1, 0xFF, 0x05, 0xF1, 0xFF, 0x05, 0x00, 0x00, 0xB1, 0x9E, 0x00,
    0x00, 0x00, 0xF8, 0xFF, 0x04, 0x00, 0x00, 0xF8, 0xFF, 0x05, 0x00, 0x00, 0xC2, 0xAF, 0x00, 0x00,
    0x00, 0x00, 0x00, 0x00, 0x00, 0x00, 0x00, 0x00, 0x00, 0x00, 0x00, 0x00, 0x00, 0x00, 0x00, 0x00,
    0xF4, 0xFF, 0x02, 0x00, 0x00, 0xF4, 0xFF, 0x02, 0x00, 0x00, 0xF4, 0xFF, 0x02, 0x00, 0x00, 0xF4,
    0xFF, 0x02, 0x00, 0x00, 0xF4, 0xFF, 0x02, 0x00, 0x00, 0xF4, 0xFF, 0x02, 0x00, 0x00, 0xF4, 0xFF,
    0x02, 0x00, 0x00, 0xF4, 0xFF, 0x02, 0x00, 0x00, 0xF4, 0xFF, 0x02, 0x00, 0x00, 0xF4, 0xFF, 0x02,
    0x00, 0x00, 0xF4, 0xFF, 0x02, 0x00, 0x00, 0xF4, 0xFF, 0x02, 0x00, 0x00, 0xF4, 0xFF, 0x02, 0x00,
    0x00, 0xF4, 0xFF, 0x02, 0x00, 0x00, 0xF4, 0xFF, 0x02, 0x00, 0x00, 0xF4, 0xFF, 0x02, 0x00, 0x00,
    0xF4, 0xFF, 0x02, 0x00, 0x00, 0xF4, 0xFF, 0x02, 0x00, 0x00, 0xF4, 0xFF, 0x02, 0x00, 0x00, 0xF4,
    0xFF, 0x02, 0x00, 0x00, 0xF4, 0xFF, 0x02, 0x00, 0x00, 0xF4, 0xFF, 0x02, 0x00, 0x00, 0xF5, 0xFF,
    0x01, 0x00, 0x00, 0xF7, 0xFF, 0x00, 0x00, 0x30, 0xFE, 0xDF, 0x00, 0xF3, 0xFF, 0xFF, 0x7F, 0x00,
    0xF3, 0xFF, 0xFF, 0x0C, 0x00, 0xD2, 0xFF, 0x7D, 0x00, 0x00, 0xF6, 0xFF, 0x00, 0x00, 0x00, 0x00,
    0x00, 0x00, 0x00, 0xF6, 0xFF, 0x00, 0x00, 0x00, 0x00, 0x00, 0x00, 0x00, 0xF6, 0xFF, 0x00, 0x00,
    0x00, 0x00, 0x00, 0x00, 0x00, 0xF6, 0xFF, 0x00, 0x00, 0x00, 0x00, 0x00, 0x00, 0x00, 0xF6, 0xFF,
    0x00, 0x00, 0x00, 0x00, 0x00, 0x00, 0x00, 0xF6, 0xFF, 0x00, 0x00, 0x00, 0x00, 0x00, 0x00, 0x00,
    0xF6, 0xFF, 0x00, 0x00, 0x00, 0x00, 0x00, 0x00, 0x00, 0xF6, 0xFF, 0x00, 0x00, 0x00, 0x00, 0x00,
    0x00, 0x00, 0xF6, 0xFF, 0x00, 0x00, 0x00, 0x00, 0x00, 0x00, 0x00, 0xF6, 0xFF, 0x00, 0x00, 0x00,
    0x50, 0xFF, 0xCF, 0x00, 0xF6, 0xFF, 0x00, 0x00, 0x00, 0xF4, 0xFF, 0x1D, 0x00, 0xF6, 0xFF, 0x00,
    0x00, 0x40, 0xFF, 0xDF, 0x01, 0x00, 0xF6, 0xFF, 0x00, 0x00, 0xF3, 0xFF, 0x2E, 0x00, 0x00, 0xF6,
    0xFF, 0x00, 0x30, 0xFF, 0xEF, 0x02, 0x00, 0x00, 0xF6, 0xFF, 0x00, 0xE2, 0xFF, 0x3F, 0x00, 0x00,
    0x00, 0xF6, 0xFF, 0x20, 0xFE, 0xFF, 0x04, 0x00, 0x00, 0x00, 0xF6, 0xFF, 0xD1, 0xFF, 0x5F, 0x00,
    0x00, 0x00, 0x00, 0xF6, 0xFF, 0xFB, 0xFF, 0x0B, 0x00, 0x00, 0x00, 0x00, 0xF6, 0xFF, 0xFF, 0xFF,
    0x5F, 0x00, 0x00, 0x00, 0x00, 0xF6, 0xFF, 0xFF, 0xFF, 0xFF, 0x02, 0x00, 0x00, 0x00, 0xF6, 0xFF,
    0x7F, 0xF3, 0xFF, 0x0D, 0x00, 0x00, 0x00, 0xF6, 0xFF, 0x07, 0x70, 0xFF, 0x9F, 0x00, 0x00, 0x00,
    0xF6, 0xFF, 0x00, 0x00, 0xFB, 0xFF, 0x05, 0x00, 0x00, 0xF6, 0xFF, 0x00, 0x00, 0xE1, 0xFF, 0x2F,
    0x00, 0x00, 0xF6, 0xFF, 0x00, 0x00, 0x30, 0xFF, 0xDF, 0x00, 0x00, 0xF6, 0xFF, 0x00, 0x00, 0x00,
    0xF7, 0xFF, 0x09, 0x00, 0xF6, 0xFF, 0x00, 0x00, 0x00, 0xA0, 0xFF, 0x5F, 0x00, 0xF6, 0xFF, 0x00,
    0x00, 0x00, 0x10, 0xFD, 0xFF, 0x02, 0xF6, 0xFF, 0x00, 0x00, 0x00, 0x00, 0xF3, 0xFF, 0x0C, 0xF1,
    0xFF, 0x05, 0xF1, 0xFF, 0x05, 0xF1, 0xFF, 0x05, 0xF1, 0xFF, 0x05, 0xF1, 0xFF, 0x05, 0xF1, 0xFF,
    0x05, 0xF1, 0xFF, 0x05, 0xF1, 0xFF, 0x05, 0xF1, 0xFF, 0x05, 0xF1, 0xFF, 0x05, 0xF1, 0xFF, 0x05,
    0xF1, 0xFF, 0x05, 0xF1, 0xFF, 0x05, 0xF1, 0xFF, 0x05, 0xF1, 0xFF, 0x05, 0xF1, 0xFF, 0x05, 0xF1,
    0xFF, 0x05, 0xF1, 0xFF, 0x05, 0xF1, 0xFF, 0x05, 0xF1, 0xFF, 0x05, 0xF1, 0xFF, 0x05, 0xF1, 0xFF,
    0x05, 0xF1, 0xFF, 0x05, 0xF1, 0xFF, 0x05, 0xF1, 0xFF, 0x05, 0xF1, 0xFF, 0x05, 0xF1, 0xFF, 0x05,
    0xF1, 0xFF, 0x05, 0xF1, 0xFF, 0x05, 0xF6, 0xDF, 0x00, 0xA5, 0xFD, 0xDE, 0x28, 0x00, 0x00, 0x93,
    0xFD, 0xEF, 0x4A, 0x00, 0x00, 0xF6, 0xEF, 0xC1, 0xFF, 0xFF, 0xFF, 0xFF, 0x05, 0xA0, 0xFF, 0xFF,
    0xFF, 0xFF, 0x0A, 0x00, 0xF6, 0xFF, 0xFE, 0xFF, 0xFE, 0xFF, 0xFF, 0x3F, 0xFC, 0xFF, 0xEF, 0xFF,
    0xFF, 0x9F, 0x00, 0xF6, 0xFF, 0xDF, 0x05, 0x00, 0xB3, 0xFF, 0xFF, 0xFF, 0x29, 0x00, 0x61, 0xFF,
    0xFF, 0x01, 0xF6, 0xFF, 0x0C, 0x00, 0x00, 0x00, 0xFC, 0xFF, 0x6F, 0x00, 0x00, 0x00, 0xF5, 0xFF,
    0x06, 0xF6, 0xFF, 0x02, 0x00, 0x00, 0x00, 0xF5, 0xFF, 0x0C, 0x00, 0x00, 0x00, 0xE0, 0xFF, 0x09,
    0xF6, 0xFF, 0x00, 0x00, 0x00, 0x00, 0xF2, 0xFF, 0x07, 0x00, 0x00, 0x00, 0xB0, 0xFF, 0x0B, 0xF6,
    0xFF, 0x00, 0x00, 0x00, 0x00, 0xF1, 0xFF, 0x06, 0x00, 0x00, 0x00, 0xB0, 0xFF, 0x0B, 0xF6, 0xFF,
    0x00, 0x00, 0x00, 0x00, 0xF1, 0xFF, 0x06, 0x00, 0x00, 0x00, 0xB0, 0xFF, 0x0B, 0xF6, 0xFF, 0x00,
    0x00, 0x00, 0x00, 0xF1, 0xFF, 0x06, 0x00, 0x00, 0x00, 0xB0, 0xFF, 0x0B, 0xF6, 0xFF, 0x00, 0x00,
    0x00, 0x00, 0xF1, 0xFF, 0x06, 0x00, 0x00, 0x00, 0xB0, 0xFF, 0x0B, 0xF6, 0xFF, 0x00, 0x00, 0x00,
    0x00, 0xF1, 0xFF, 0x06, 0x00, 0x00, 0x00, 0xB0, 0xFF, 0x0B, 0xF6, 0xFF, 0x00, 0x00, 0x00, 0x00,
    0xF1, 0xFF, 0x06, 0x00, 0x00, 0x00, 0xB0, 0xFF, 0x0B, 0xF6, 0xFF, 0x00, 0x00, 0x00, 0x00, 0xF1,
    0xFF, 0x06, 0x00, 0x00, 0x00, 0xB0, 0xFF, 0x0B, 0xF6, 0xFF, 0x00, 0x00, 0x00, 0x00, 0xF1, 0xFF,
    0x06, 0x00, 0x00, 0x00, 0xB0, 0xFF, 0x0B, 0xF6, 0xFF, 0x00, 0x00, 0x00, 0x00, 0xF1, 0xFF, 0x06,
    0x00, 0x00, 0x00, 0xB0, 0xFF, 0x0B, 0xF6, 0xFF, 0x00, 0x00, 0x00, 0x00, 0xF1, 0xFF, 0x06, 0x00,
    0x00, 0x00, 0xB0, 0xFF, 0x0B, 0xF6, 0xFF, 0x00, 0x00, 0x00, 0x00, 0xF1, 0xFF, 0x06, 0x00, 0x00,
    0x00, 0xB0, 0xFF, 0x0B, 0xF6, 0xFF, 0x00, 0x00, 0x00, 0x00, 0xF1, 0xFF, 0x06, 0x00, 0x00, 0x00,
    0xB0, 0xFF, 0x0B, 0xF6, 0xFF, 0x00, 0x00, 0x00, 0x00, 0xF1, 0xFF, 0x06, 0x00, 0x00, 0x00, 0xB0,
    0xFF, 0x0B, 0xF6, 0xDF, 0x00, 0x93, 0xFD, 0xDF, 0x39, 0x00, 0x00, 0xF6, 0xEF, 0x90, 0xFF, 0xFF,
    0xFF, 0xFF, 0x07, 0x00, 0xF6, 0xFF, 0xFB, 0xFF, 0xFF, 0xFF, 0xFF, 0x4F, 0x00, 0xF6, 0xFF, 0xFF,
    0x28, 0x00, 0x91, 0xFF, 0xCF, 0x00, 0xF6, 0xFF, 0x4F, 0x00, 0x00, 0x00, 0xFA, 0xFF, 0x01, 0xF6,
    0xFF, 0x06, 0x00, 0x00, 0x00, 0xF3, 0xFF, 0x04, 0xF6, 0xFF, 0x00, 0x00, 0x00, 0x00, 0xF1, 0xFF,
    0x05, 0xF6, 0xFF, 0x00, 0x00, 0x00, 0x00, 0xF0, 0xFF, 0x06, 0xF6, 0xFF, 0x00, 0x00, 0x00, 0x00,
    0xF0, 0xFF, 0x06, 0xF6, 0xFF, 0x00, 0x00, 0x00, 0x00, 0xF0, 0xFF, 0x06, 0xF6, 0xFF, 0x00, 0x00,
    0x00, 0x00, 0xF0, 0xFF, 0x06, 0xF6, 0xFF, 0x00, 0x00, 0x00, 0x00, 0xF0, 0xFF, 0x06, 0xF6, 0xFF,
    0x00, 0x00, 0x00, 0x00, 0xF0, 0xFF, 0x06, 0xF6, 0xFF, 0x00, 0x00, 0x00, 0x00, 0xF0, 0xFF, 0x06,
    0xF6, 0xFF, 0x00, 0x00, 0x00, 0x00, 0xF0, 0xFF, 0x06, 0xF6, 0xFF, 0x00, 0x00, 0x00, 0x00, 0xF0,
    0xFF, 0x06, 0xF6, 0xFF, 0x00, 0x00, 0x00, 0x00, 0xF0, 0xFF, 0x06, 0xF6, 0xFF, 0x00, 0x00, 0x00,
    0x00, 0xF0, 0xFF, 0x06, 0xF6, 0xFF, 0x00, 0x00, 0x00, 0x00, 0xF0, 0xFF, 0x06, 0xF6, 0xFF, 0x00,
    0x00, 0x00, 0x00, 0xF0, 0xFF, 0x06, 0x00, 0x00, 0x00, 0xB6, 0xFE, 0xDE, 0x49, 0x00, 0x00, 0x00,
    0x00, 0x00, 0xE5, 0xFF, 0xFF, 0xFF, 0xFF, 0x2C, 0x00, 0x00, 0x00, 0x80, 0xFF, 0xFF, 0xDF, 0xFE,
    0xFF, 0xEF, 0x03, 0x00, 0x00, 0xF6, 0xFF, 0x5E, 0x00, 0x10, 0xF8, 0xFF, 0x1E, 0x00, 0x10, 0xFE,
    0xDF, 0x01, 0x00, 0x00, 0x50, 0xFF, 0xAF, 0x00, 0x70, 0xFF, 0x3F, 0x00, 0x00, 0x00, 0x00, 0xF9,
    0xFF, 0x02, 0xD0, 0xFF, 0x0B, 0x00, 0x00, 0x00, 0x00, 0xF1, 0xFF, 0x07, 0xF1, 0xFF, 0x07, 0x00,
    0x00, 0x00, 0x00, 0xC0, 0xFF, 0x0B, 0xF3, 0xFF, 0x04, 0x00, 0x00, 0x00, 0x00, 0x90, 0xFF, 0x0D,
    0xF4, 0xFF, 0x02, 0x00, 0x00, 0x00, 0x00, 0x70, 0xFF, 0x0E, 0xF4, 0xFF, 0x02, 0x00, 0x00, 0x00,
    0x00, 0x80, 0xFF, 0x0F, 0xF3, 0xFF, 0x03, 0x00, 0x00, 0x00, 0x00, 0x90, 0xFF, 0x0E, 0xF1, 0xFF,
    0x06, 0x00, 0x00, 0x00, 0x00, 0xC0, 0xFF, 0x0B, 0xD0, 0xFF, 0x0B, 0x00, 0x00, 0x00, 0x00, 0xF1,
    0xFF, 0x08, 0x70, 0xFF, 0x2F, 0x00, 0x00, 0x00, 0x00, 0xF8, 0xFF, 0x02, 0x10, 0xFF, 0xDF, 0x01,
    0x00, 0x00, 0x40, 0xFF, 0xAF, 0x00, 0x00, 0xF5, 0xFF, 0x4D, 0x00, 0x10, 0xF7, 0xFF, 0x1E, 0x00,
    0x00, 0x80, 0xFF, 0xFF, 0xDF, 0xFD, 0xFF, 0xEF, 0x03, 0x00, 0x00, 0x00, 0xE5, 0xFF, 0xFF, 0xFF,
    0xFF, 0x1C, 0x00, 0x00, 0x00, 0x00, 0x00, 0xB6, 0xFE, 0xDF, 0x4A, 0x00, 0x00, 0x00, 0xF6, 0xCF,
    0x00, 0xB6, 0xFE, 0xCE, 0x17, 0x00, 0x00, 0xF6, 0xDF, 0xD2, 0xFF, 0xFF, 0xFF, 0xEF, 0x05, 0x00,
    0xF6, 0xFF, 0xFE, 0xFF, 0xFF, 0xFF, 0xFF, 0x5F, 0x00, 0xF6, 0xFF, 0xDF, 0x05, 0x00, 0xB3, 0xFF,
    0xEF, 0x01, 0xF6, 0xFF, 0x0C, 0x00, 0x00, 0x00, 0xF9, 0xFF, 0x08, 0xF6, 0xFF, 0x02, 0x00, 0x00,
    0x00, 0xD0, 0xFF, 0x0E, 0xF6, 0xFF, 0x00, 0x00, 0x00, 0x00, 0x60, 0xFF, 0x2F, 0xF6, 0xFF, 0x00,
    0x00, 0x00, 0x00, 0x20, 0xFF, 0x6F, 0xF6, 0xFF, 0x00, 0x00, 0x00, 0x00, 0x00, 0xFF, 0x7F, 0xF6,
    0xFF, 0x00, 0x00, 0x00, 0x00, 0x00, 0xFE, 0x8F, 0xF6, 0xFF, 0x00, 0x00, 0x00, 0x00, 0x00, 0xFE,
    0x8F, 0xF6, 0xFF, 0x00, 0x00, 0x00, 0x00, 0x00, 0xFF, 0x7F, 0xF6, 0xFF, 0x00, 0x00, 0x00, 0x00,
    0x20, 0xFF, 0x6F, 0xF6, 0xFF, 0x00, 0x00, 0x00, 0x00, 0x60, 0xFF, 0x2F, 0xF6, 0xFF, 0x01, 0x00,
    0x00, 0x00, 0xC0, 0xFF, 0x0E, 0xF6, 0xFF, 0x0B, 0x00, 0x00, 0x00, 0xF7, 0xFF, 0x08, 0xF6, 0xFF,
    0xCF, 0x03, 0x00, 0x91, 0xFF, 0xEF, 0x01, 0xF6, 0xFF, 0xFF, 0xEF, 0xDD, 0xFF, 0xFF, 0x4F, 0x00,
    0xF6, 0xFF, 0xE3, 0xFF, 0xFF, 0xFF, 0xEF, 0x04, 0x00, 0xF6, 0xFF, 0x00, 0xB6, 0xFE, 0xCE, 0x17,
    0x00, 0x00, 0xF6, 0xFF, 0x00, 0x00, 0x00, 0x00, 0x00, 0x00, 0x00, 0xF6, 0xFF, 0x00, 0x00, 0x00,
    0x00, 0x00, 0x00, 0x00, 0xF6, 0xFF, 0x00, 0x00, 0x00, 0x00, 0x00, 0x00, 0x00, 0xF6, 0xFF, 0x00,
    0x00, 0x00, 0x00, 0x00, 0x00, 0x00, 0xF6, 0xFF, 0x00, 0x00, 0x00, 0x00, 0x00, 0x00, 0x00, 0xF6,
    0xFF, 0x00, 0x00, 0x00, 0x00, 0x00, 0x00, 0x00, 0xF6, 0xFF, 0x00, 0x00, 0x00, 0x00, 0x00, 0x00,
    0x00, 0xF6, 0xFF, 0x00, 0x00, 0x00, 0x00, 0x00, 0x00, 0x00, 0x00, 0x00, 0x40, 0xEA, 0xEF, 0x8D,
    0x02, 0xF8, 0xBF, 0x00, 0x10, 0xFB, 0xFF, 0xFF, 0xFF, 0x7F, 0xF9, 0xBF, 0x00, 0xD1, 0xFF, 0xFF,
    0xDF, 0xFE, 0xFF, 0xFF, 0xBF, 0x00, 0xF9, 0xFF, 0x4D, 0x00, 0x20, 0xFA, 0xFF, 0xBF, 0x20, 0xFF,
    0xCF, 0x00, 0x00, 0x00, 0x70, 0xFF, 0xBF, 0x90, 0xFF, 0x2F, 0x00, 0x00, 0x00, 0x00, 0xFC, 0xBF,
    0xD0, 0xFF, 0x0B, 0x00, 0x00, 0x00, 0x00, 0xFC, 0xBF, 0xF0, 0xFF, 0x07, 0x00, 0x00, 0x00, 0x00,
    0xFC, 0xBF, 0xF2, 0xFF, 0x04, 0x00, 0x00, 0x00, 0x00, 0xFC, 0xBF, 0xF3, 0xFF, 0x03, 0x00, 0x00,
    0x00, 0x00, 0xFC, 0xBF, 0xF3, 0xFF, 0x03, 0x00, 0x00, 0x00, 0x00, 0xFC, 0xBF, 0xF2, 0xFF, 0x04,
    0x00, 0x00, 0x00, 0x00, 0xFC, 0xBF, 0xF0, 0xFF, 0x07, 0x00, 0x00, 0x00, 0x00, 0xFC, 0xBF, 0xD0,
    0xFF, 0x0B, 0x00, 0x00, 0x00, 0x00, 0xFC, 0xBF, 0x80, 0xFF, 0x2F, 0x00, 0x00, 0x00, 0x00, 0xFC,
    0xBF, 0x20, 0xFF, 0xCF, 0x00, 0x00, 0x00, 0x70, 0xFF, 0xBF, 0x00, 0xF9, 0xFF, 0x3C, 0x00, 0x20,
    0xF9, 0xFF, 0xBF, 0x00, 0xC0, 0xFF, 0xFF, 0xDE, 0xFE, 0xFF, 0xFF, 0xBF, 0x00, 0x10, 0xFB, 0xFF,
    0xFF, 0xFF, 0x7F, 0xFC, 0xBF, 0x00, 0x00, 0x40, 0xEA, 0xFF, 0x8D, 0x02, 0xFC, 0xBF, 0x00, 0x00,
    0x00, 0x00, 0x00, 0x00, 0x00, 0xFC, 0xBF, 0x00, 0x00, 0x00, 0x00, 0x00, 0x00, 0x00, 0xFC, 0xBF,
    0x00, 0x00, 0x00, 0x00, 0x00, 0x00, 0x00, 0xFC, 0xBF, 0x00, 0x00, 0x00, 0x00, 0x00, 0x00, 0x00,
    0xFC, 0xBF, 0x00, 0x00, 0x00, 0x00, 0x00, 0x00, 0x00, 0xFC, 0xBF, 0x00, 0x00, 0x00, 0x00, 0x00,
    0x00, 0x00, 0xFC, 0xBF, 0x00, 0x00, 0x00, 0x00, 0x00, 0x00, 0x00, 0xFC, 0xBF, 0x00, 0x00, 0x00,
    0x00, 0x00, 0x00, 0x00, 0xFC, 0xBF, 0xF6, 0xFF, 0x10, 0xD8, 0xEF, 0x03, 0xF6, 0xFF, 0xE2, 0xFF,
    0xFF, 0x04, 0xF6, 0xFF, 0xFD, 0xFF, 0xFF, 0x04, 0xF6, 0xFF, 0xFF, 0x7B, 0x65, 0x02, 0xF6, 0xFF,
    0x4F, 0x00, 0x00, 0x00, 0xF6, 0xFF, 0x06, 0x00, 0x00, 0x00, 0xF6, 0xFF, 0x00, 0x00, 0x00, 0x00,
    0xF6, 0xFF, 0x00, 0x00, 0x00, 0x00, 0xF6, 0xFF, 0x00, 0x00, 0x00, 0x00, 0xF6, 0xFF, 0x00, 0x00,
    0x00, 0x00, 0xF6, 0xFF, 0x00, 0x00, 0x00, 0x00, 0xF6, 0xFF, 0x00, 0x00, 0x00, 0x00, 0xF6, 0xFF,
    0x00, 0x00, 0x00, 0x00, 0xF6, 0xFF, 0x00, 0x00, 0x00, 0x00, 0xF6, 0xFF, 0x00, 0x00, 0x00, 0x00,
    0xF6, 0xFF, 0x00, 0x00, 0x00, 0x00, 0xF6, 0xFF, 0x00, 0x00, 0x00, 0x00, 0xF6, 0xFF, 0x00, 0x00,
    0x00, 0x00, 0xF6, 0xFF, 0x00, 0x00, 0x00, 0x00, 0xF6, 0xFF, 0x00, 0x00, 0x00, 0x00, 0x00, 0x00,
    0x60, 0xEB, 0xFF, 0xAD, 0x05, 0x00, 0x00, 0x00, 0x40, 0xFE, 0xFF, 0xFF, 0xFF, 0xDF, 0x02, 0x00,
    0x00, 0xF5, 0xFF, 0xFF, 0xED, 0xFF, 0xFF, 0x2E, 0x00, 0x10, 0xFF, 0xDF, 0x05, 0x00, 0x91, 0xFF,
    0xDF, 0x00, 0x60, 0xFF, 0x2F, 0x00, 0x00, 0x00, 0xF8, 0xFF, 0x03, 0x80, 0xFF, 0x0E, 0x00, 0x00,
    0x00, 0xF1, 0xFF, 0x07, 0x60, 0xFF, 0x3F, 0x00, 0x00, 0x00, 0x30, 0x44, 0x02, 0x20, 0xFF, 0xEF,
    0x17, 0x00, 0x00, 0x00, 0x00, 0x00, 0x00, 0xF6, 0xFF, 0xFF, 0x9C, 0x04, 0x00, 0x00, 0x00, 0x00,
    0x40, 0xFD, 0xFF, 0xFF, 0xFF, 0x4B, 0x00, 0x00, 0x00, 0x00, 0x50, 0xEA, 0xFF, 0xFF, 0xFF, 0x1B,
    0x00, 0x00, 0x00, 0x00, 0x00, 0x62, 0xFA, 0xFF, 0xCF, 0x00, 0x00, 0x00, 0x00, 0x00, 0x00, 0x10,
    0xFA, 0xFF, 0x06, 0x81, 0x88, 0x02, 0x00, 0x00, 0x00, 0xE0, 0xFF, 0x09, 0xF1, 0xFF, 0x06, 0x00,
    0x00, 0x00, 0xB0, 0xFF, 0x0A, 0xD0, 0xFF, 0x1D, 0x00, 0x00, 0x00, 0xE1, 0xFF, 0x08, 0x50, 0xFF,
    0xDF, 0x04, 0x00, 0x40, 0xFC, 0xFF, 0x03, 0x00, 0xF8, 0xFF, 0xFF, 0xDD, 0xFF, 0xFF, 0x8F, 0x00,
    0x00, 0x60, 0xFE, 0xFF, 0xFF, 0xFF, 0xFF, 0x07, 0x00, 0x00, 0x00, 0x61, 0xDB, 0xFF, 0xBE, 0x17,
    0x00, 0x00, 0x00, 0x20, 0xFF, 0x4F, 0x00, 0x00, 0x00, 0x20, 0xFF, 0x4F, 0x00, 0x00, 0x00, 0x20,
    0xFF, 0x4F, 0x00, 0x00, 0x00, 0x20, 0xFF, 0x4F, 0x00, 0x00, 0x00, 0x20, 0xFF, 0x4F, 0x00, 0x00,
    0xFD, 0xFF, 0xFF, 0xFF, 0xFF, 0x0F, 0xFD, 0xFF, 0xFF, 0xFF, 0xFF, 0x0F, 0xA8, 0xBA, 0xFF, 0xBF,
    0xAA, 0x0A, 0x00, 0x20, 0xFF, 0x4F, 0x00, 0x00, 0x00, 0x20, 0xFF, 0x4F, 0x00, 0x00, 0x00, 0x20,
    0xFF, 0x4F, 0x00, 0x00, 0x00, 0x20, 0xFF, 0x4F, 0x00, 0x00, 0x00, 0x20, 0xFF, 0x4F, 0x00, 0x00,
    0x00, 0x20, 0xFF, 0x4F, 0x00, 0x00, 0x00, 0x20, 0xFF, 0x4F, 0x00, 0x00, 0x00, 0x20, 0xFF, 0x4F,
    0x00, 0x00, 0x00, 0x20, 0xFF, 0x4F, 0x00, 0x00, 0x00, 0x20, 0xFF, 0x4F, 0x00, 0x00, 0x00, 0x20,
    0xFF, 0x4F, 0x00, 0x00, 0x00, 0x20, 0xFF, 0x4F, 0x00, 0x00, 0x00, 0x20, 0xFF, 0x5F, 0x00, 0x00,
    0x00, 0x00, 0xFF, 0xCF, 0x01, 0x00, 0x00, 0x00, 0xFA, 0xFF, 0xFF, 0x1F, 0x00, 0x00, 0xE2, 0xFF,
    0xFF, 0x1F, 0x00, 0x00, 0x20, 0xEA, 0xEF, 0x0C, 0xF7, 0xFF, 0x00, 0x00, 0x00, 0x00, 0xF1, 0xFF,
    0x05, 0xF7, 0xFF, 0x00, 0x00, 0x00, 0x00, 0xF1, 0xFF, 0x05, 0xF7, 0xFF, 0x00, 0x00, 0x00, 0x00,
    0xF1, 0xFF, 0x05, 0xF7, 0xFF, 0x00, 0x00, 0x00, 0x00, 0xF1, 0xFF, 0x05, 0xF7, 0xFF, 0x00, 0x00,
    0x00, 0x00, 0xF1, 0xFF, 0x05, 0xF7, 0xFF, 0x00, 0x00, 0x00, 0x00, 0xF1, 0xFF, 0x05, 0xF7, 0xFF,
    0x00, 0x00, 0x00, 0x00, 0xF1, 0xFF, 0x05, 0xF7, 0xFF, 0x00, 0x00, 0x00, 0x00, 0xF1, 0xFF, 0x05,
    0xF7, 0xFF, 0x00, 0x00, 0x00, 0x00, 0xF1, 0xFF, 0x05, 0xF7, 0xFF, 0x00, 0x00, 0x00, 0x00, 0xF1,
    0xFF, 0x05, 0xF7, 0xFF, 0x00, 0x00, 0x00, 0x00, 0xF1, 0xFF, 0x05, 0xF7, 0xFF, 0x00, 0x00, 0x00,
    0x00, 0xF1, 0xFF, 0x05, 0xF7, 0xFF, 0x00, 0x00, 0x00, 0x00, 0xF1, 0xFF, 0x05, 0xF6, 0xFF, 0x00,
    0x00, 0x00, 0x00, 0xF1, 0xFF, 0x05, 0xF5, 0xFF, 0x02, 0x00, 0x00, 0x00, 0xF4, 0xFF, 0x05, 0xF2,
    0xFF, 0x09, 0x00, 0x00, 0x20, 0xFE, 0xFF, 0x05, 0xC0, 0xFF, 0x8F, 0x01, 0x10, 0xE7, 0xFF, 0xFF,
    0x05, 0x40, 0xFF, 0xFF, 0xEF, 0xFF, 0xFF, 0xFF, 0xFF, 0x05, 0x00, 0xF6, 0xFF, 0xFF, 0xFF, 0xDF,
    0xF3, 0xFF, 0x05, 0x00, 0x20, 0xD9, 0xFF, 0xBE, 0x06, 0xF0, 0xFF, 0x05, 0xF3, 0xFF, 0x04, 0x00,
    0x00, 0x00, 0x00, 0xFF, 0x8F, 0xD0, 0xFF, 0x09, 0x00, 0x00, 0x00, 0x40, 0xFF, 0x2F, 0x70, 0xFF,
    0x0E, 0x00, 0x00, 0x00, 0x90, 0xFF, 0x0C, 0x10, 0xFF, 0x4F, 0x00, 0x00, 0x00, 0xE0, 0xFF, 0x07,
    0x00, 0xFC, 0x9F, 0x00, 0x00, 0x00, 0xF4, 0xFF, 0x01, 0x00, 0xF6, 0xEF, 0x00, 0x00, 0x00, 0xF9,
    0xBF, 0x00, 0x00, 0xF0, 0xFF, 0x04, 0x00, 0x00, 0xFE, 0x5F, 0x00, 0x00, 0xA0, 0xFF, 0x09, 0x00,
    0x30, 0xFF, 0x0F, 0x00, 0x00, 0x40, 0xFF, 0x0E, 0x00, 0x90, 0xFF, 0x0A, 0x00, 0x00, 0x00, 0xFE,
    0x4F, 0x00, 0xE0, 0xFF, 0x04, 0x00, 0x00, 0x00, 0xF9, 0x9F, 0x00, 0xF3, 0xEF, 0x00, 0x00, 0x00,
    0x00, 0xF3, 0xEF, 0x00, 0xF8, 0x8F, 0x00, 0x00, 0x00, 0x00, 0xD0, 0xFF, 0x04, 0xFD, 0x3F, 0x00,
    0x00, 0x00, 0x00, 0x70, 0xFF, 0x29, 0xFF, 0x0D, 0x00, 0x00, 0x00, 0x00, 0x10, 0xFF, 0x8E, 0xFF,
    0x07, 0x00, 0x00, 0x00, 0x00, 0x00, 0xFC, 0xFF, 0xFF, 0x01, 0x00, 0x00, 0x00, 0x00, 0x00, 0xF6,
    0xFF, 0xCF, 0x00, 0x00, 0x00, 0x00, 0x00, 0x00, 0xF0, 0xFF, 0x6F, 0x00, 0x00, 0x00, 0x00, 0x00,
    0x00, 0xA0, 0xFF, 0x1F, 0x00, 0x00, 0x00, 0x00, 0x00, 0x00, 0x40, 0xFF, 0x0A, 0x00, 0x00, 0x00,
    0xF1, 0xFF, 0x05, 0x00, 0x00, 0x00, 0xF5, 0xCF, 0x00, 0x00, 0x00, 0x00, 0xFE, 0x8F, 0xC0, 0xFF,
    0x09, 0x00, 0x00, 0x00, 0xFA, 0xFF, 0x01, 0x00, 0x00, 0x20, 0xFF, 0x3F, 0x70, 0xFF, 0x0E, 0x00,
    0x00, 0x00, 0xFE, 0xFF, 0x06, 0x00, 0x00, 0x60, 0xFF, 0x0E, 0x20, 0xFF, 0x2F, 0x00, 0x00, 0x40,
    0xFF, 0xFF, 0x0B, 0x00, 0x00, 0xA0, 0xFF, 0x0A, 0x00, 0xFE, 0x6F, 0x00, 0x00, 0x90, 0xFF, 0xFF,
    0x0F, 0x00, 0x00, 0xE0, 0xFF, 0x05, 0x00, 0xF9, 0xAF, 0x00, 0x00, 0xD0, 0xEF, 0xFA, 0x5F, 0x00,
    0x00, 0xF2, 0xFF, 0x01, 0x00, 0xF4, 0xEF, 0x00, 0x00, 0xF3, 0xAF, 0xF5, 0xAF, 0x00, 0x00, 0xF6,
    0xCF, 0x00, 0x00, 0xF0, 0xFF, 0x03, 0x00, 0xF8, 0x5F, 0xF0, 0xEF, 0x00, 0x00, 0xFA, 0x7F, 0x00,
    0x00, 0xB0, 0xFF, 0x07, 0x00, 0xFD, 0x0F, 0xA0, 0xFF, 0x04, 0x00, 0xFE, 0x2F, 0x00, 0x00, 0x70,
    0xFF, 0x0B, 0x10, 0xFF, 0x0B, 0x50, 0xFF, 0x09, 0x20, 0xFF, 0x0E, 0x00, 0x00, 0x20, 0xFF, 0x0F,
    0x60, 0xFF, 0x06, 0x00, 0xFF, 0x0E, 0x60, 0xFF, 0x09, 0x00, 0x00, 0x00, 0xFD, 0x4F, 0xB0, 0xFF,
    0x01, 0x00, 0xFB, 0x3F, 0xA0, 0xFF, 0x04, 0x00, 0x00, 0x00, 0xF9, 0x8F, 0xF1, 0xCF, 0x00, 0x00,
    0xF6, 0x8F, 0xE0, 0xFF, 0x00, 0x00, 0x00, 0x00, 0xF4, 0xCF, 0xF5, 0x7F, 0x00, 0x00, 0xF1, 0xDF,
    0xF2, 0xBF, 0x00, 0x00, 0x00, 0x00, 0xF0, 0xFF, 0xFB, 0x2F, 0x00, 0x00, 0xB0, 0xFF, 0xF8, 0x6F,
    0x00, 0x00, 0x00, 0x00, 0xB0, 0xFF, 0xFF, 0x0D, 0x00, 0x00, 0x60, 0xFF, 0xFF, 0x2F, 0x00, 0x00,
    0x00, 0x00, 0x60, 0xFF, 0xFF, 0x08, 0x00, 0x00, 0x10, 0xFF, 0xFF, 0x0D, 0x00, 0x00, 0x00, 0x00,
    0x10, 0xFF, 0xFF, 0x03, 0x00, 0x00, 0x00, 0xFC, 0xFF, 0x08, 0x00, 0x00, 0x00, 0x00, 0x00, 0xFD,
    0xDF, 0x00, 0x00, 0x00, 0x00, 0xF7, 0xFF, 0x04, 0x00, 0x00, 0x00, 0x00, 0x00, 0xF8, 0x9F, 0x00,
    0x00, 0x00, 0x00, 0xF2, 0xFF, 0x00, 0x00, 0x00, 0xB0, 0xFF, 0x3F, 0x00, 0x00, 0x00, 0x80, 0xFF,
    0x7F, 0x10, 0xFE, 0xDF, 0x00, 0x00, 0x00, 0xF2, 0xFF, 0x0C, 0x00, 0xF6, 0xFF, 0x07, 0x00, 0x00,
    0xFB, 0xFF, 0x02, 0x00, 0xB0, 0xFF, 0x1F, 0x00, 0x50, 0xFF, 0x7F, 0x00, 0x00, 0x10, 0xFF, 0xAF,
    0x00, 0xE0, 0xFF, 0x0C, 0x00, 0x00, 0x00, 0xF6, 0xFF, 0x03, 0xF9, 0xFF, 0x02, 0x00, 0x00, 0x00,
    0xB0, 0xFF, 0x3D, 0xFF, 0x7F, 0x00, 0x00, 0x00, 0x00, 0x10, 0xFF, 0xFF, 0xFF, 0x0C, 0x00, 0x00,
    0x00, 0x00, 0x00, 0xF6, 0xFF, 0xFF, 0x02, 0x00, 0x00, 0x00, 0x00, 0x00, 0xB0, 0xFF, 0x7F, 0x00,
    0x00, 0x00, 0x00, 0x00, 0x00, 0xD0, 0xFF, 0xAF, 0x00, 0x00, 0x00, 0x00, 0x00, 0x00, 0xF8, 0xFF,
    0xFF, 0x04, 0x00, 0x00, 0x00, 0x00, 0x30, 0xFF, 0xDF, 0xFF, 0x1E, 0x00, 0x00, 0x00, 0x00, 0xD0,
    0xFF, 0x1C, 0xFE, 0xAF, 0x00, 0x00, 0x00, 0x00, 0xF8, 0xFF, 0x02, 0xF6, 0xFF, 0x04, 0x00, 0x00,
    0x30, 0xFF, 0x8F, 0x00, 0xC0, 0xFF, 0x1E, 0x00, 0x00, 0xD0, 0xFF, 0x0E, 0x00, 0x20, 0xFF, 0xAF,
    0x00, 0x00, 0xF9, 0xFF, 0x04, 0x00, 0x00, 0xF8, 0xFF, 0x05, 0x30, 0xFF, 0xAF, 0x00, 0x00, 0x00,
    0xD0, 0xFF, 0x1E, 0xD0, 0xFF, 0x1F, 0x00, 0x00, 0x00, 0x40, 0xFF, 0xAF, 0xF6, 0xFF, 0x05, 0x00,
    0x00, 0x00, 0x50, 0xFF, 0x5F, 0xF1, 0xFF, 0x0A, 0x00, 0x00, 0x00, 0xA0, 0xFF, 0x0F, 0xB0, 0xFF,
    0x0F, 0x00, 0x00, 0x00, 0xE0, 0xFF, 0x0A, 0x50, 0xFF, 0x5F, 0x00, 0x00, 0x00, 0xF4, 0xFF, 0x04,
    0x00, 0xFE, 0xAF, 0x00, 0x00, 0x00, 0xF9, 0xEF, 0x00, 0x00, 0xF9, 0xFF, 0x00, 0x00, 0x00, 0xFD,
    0x9F, 0x00, 0x00, 0xF3, 0xFF, 0x05, 0x00, 0x30, 0xFF, 0x3F, 0x00, 0x00, 0xD0, 0xFF, 0x0A, 0x00,
    0x80, 0xFF, 0x0E, 0x00, 0x00, 0x80, 0xFF, 0x0F, 0x00, 0xD0, 0xFF, 0x08, 0x00, 0x00, 0x20, 0xFF,
    0x5F, 0x00, 0xF2, 0xFF, 0x02, 0x00, 0x00, 0x00, 0xFC, 0xAF, 0x00, 0xF7, 0xDF, 0x00, 0x00, 0x00,
    0x00, 0xF6, 0xFF, 0x00, 0xFC, 0x7F, 0x00, 0x00, 0x00, 0x00, 0xF1, 0xFF, 0x15, 0xFF, 0x2F, 0x00,
    0x00, 0x00, 0x00, 0xB0, 0xFF, 0x6A, 0xFF, 0x0C, 0x00, 0x00, 0x00, 0x00, 0x50, 0xFF, 0xBF, 0xFF,
    0x06, 0x00, 0x00, 0x00, 0x00, 0x00, 0xFF, 0xFF, 0xFF, 0x01, 0x00, 0x00, 0x00, 0x00, 0x00, 0xF9,
    0xFF, 0xBF, 0x00, 0x00, 0x00, 0x00, 0x00, 0x00, 0xF3, 0xFF, 0x5F, 0x00, 0x00, 0x00, 0x00, 0x00,
    0x00, 0xE0, 0xFF, 0x0F, 0x00, 0x00, 0x00, 0x00, 0x00, 0x00, 0x80, 0xFF, 0x0A, 0x00, 0x00, 0x00,
    0x00, 0x00, 0x00, 0xB0, 0xFF, 0x05, 0x00, 0x00, 0x00, 0x00, 0x00, 0x00, 0xF1, 0xFF, 0x00, 0x00,
    0x00, 0x00, 0x00, 0x00, 0x00, 0xF7, 0x9F, 0x00, 0x00, 0x00, 0x00, 0x00, 0x00, 0x10, 0xFF, 0x3F,
    0x00, 0x00, 0x00, 0x00, 0x00, 0x10, 0xD5, 0xFF, 0x0C, 0x00, 0x00, 0x00, 0x00, 0x70, 0xFF, 0xFF,
    0xFF, 0x02, 0x00, 0x00, 0x00, 0x00, 0x70, 0xFF, 0xFF, 0x4F, 0x00, 0x00, 0x00, 0x00, 0x00, 0x50,
    0xFD, 0xAE, 0x02, 0x00, 0x00, 0x00, 0x00, 0x00, 0xF3, 0xFF, 0xFF, 0xFF, 0xFF, 0xFF, 0xFF, 0xFF,
    0x00, 0xF3, 0xFF, 0xFF, 0xFF, 0xFF, 0xFF, 0xFF, 0xFF, 0x00, 0xD2, 0xDD, 0xDD, 0xDD, 0xDD, 0xED,
    0xFF, 0xEF, 0x00, 0x00, 0x00, 0x00, 0x00, 0x00, 0xC0, 0xFF, 0x3F, 0x00, 0x00, 0x00, 0x00, 0x00,
    0x00, 0xF8, 0xFF, 0x07, 0x00, 0x00, 0x00, 0x00, 0x00, 0x40, 0xFF, 0xBF, 0x00, 0x00, 0x00, 0x00,
    0x00, 0x00, 0xE2, 0xFF, 0x1D, 0x00, 0x00, 0x00, 0x00, 0x00, 0x00, 0xFC, 0xFF, 0x03, 0x00, 0x00,
    0x00, 0x00, 0x00, 0x90, 0xFF, 0x6F, 0x00, 0x00, 0x00, 0x00, 0x00, 0x00, 0xF5, 0xFF, 0x0A, 0x00,
    0x00, 0x00, 0x00, 0x00, 0x20, 0xFF, 0xDF, 0x00, 0x00, 0x00, 0x00, 0x00, 0x00, 0xC0, 0xFF, 0x2F,
    0x00, 0x00, 0x00, 0x00, 0x00, 0x00, 0xF9, 0xFF, 0x06, 0x00, 0x00, 0x00, 0x00, 0x00, 0x50, 0xFF,
    0xAF, 0x00, 0x00, 0x00, 0x00, 0x00, 0x00, 0xF2, 0xFF, 0x0D, 0x00, 0x00, 0x00, 0x00, 0x00, 0x00,
    0xFD, 0xFF, 0x02, 0x00, 0x00, 0x00, 0x00, 0x00, 0x90, 0xFF, 0x5F, 0x00, 0x00, 0x00, 0x00, 0x00,
    0x00, 0xF4, 0xFF, 0xCF, 0xCC, 0xCC, 0xCC, 0xCC, 0xCC, 0x07, 0xF5, 0xFF, 0xFF, 0xFF, 0xFF, 0xFF,
    0xFF, 0xFF, 0x09, 0xF5, 0xFF, 0xFF, 0xFF, 0xFF, 0xFF, 0xFF, 0xFF, 0x09, 0x00, 0x00, 0x00, 0x00,
    0x81, 0x0C, 0x00, 0x00, 0x00, 0x80, 0xFF, 0x3F, 0x00, 0x00, 0x00, 0xFA, 0xFF, 0x1A, 0x00, 0x00,
    0x70, 0xFF, 0x5F, 0x00, 0x00, 0x00, 0xF1, 0xFF, 0x08, 0x00, 0x00, 0x00, 0xF6, 0xFF, 0x01, 0x00,
    0x00, 0x00, 0xFA, 0xCF, 0x00, 0x00, 0x00, 0x00, 0xFC, 0xAF, 0x00, 0x00, 0x00, 0x00, 0xFD, 0x9F,
    0x00, 0x00, 0x00, 0x00, 0xFE, 0x8F, 0x00, 0x00, 0x00, 0x00, 0xFE, 0x8F, 0x00, 0x00, 0x00, 0x00,
    0xFE, 0x8F, 0x00, 0x00, 0x00, 0x00, 0xFE, 0x8F, 0x00, 0x00, 0x00, 0x00, 0xFF, 0x7F, 0x00, 0x00,
    0x00, 0x20, 0xFF, 0x4F, 0x00, 0x00, 0x00, 0x90, 0xFF, 0x0F, 0x00, 0x00, 0x20, 0xF9, 0xFF, 0x07,
    0x00, 0x00, 0xFD, 0xFF, 0x9F, 0x00, 0x00, 0x00, 0xFD, 0xFF, 0x0C, 0x00, 0x00, 0x00, 0xD9, 0xFF,
    0xCF, 0x00, 0x00, 0x00, 0x00, 0xF5, 0xFF, 0x09, 0x00, 0x00, 0x00, 0x70, 0xFF, 0x1F, 0x00, 0x00,
    0x00, 0x10, 0xFF, 0x5F, 0x00, 0x00, 0x00, 0x00, 0xFE, 0x7F, 0x00, 0x00, 0x00, 0x00, 0xFE, 0x8F,
    0x00, 0x00, 0x00, 0x00, 0xFE, 0x8F, 0x00, 0x00, 0x00, 0x00, 0xFE, 0x8F, 0x00, 0x00, 0x00, 0x00,
    0xFE, 0x8F, 0x00, 0x00, 0x00, 0x00, 0xFD, 0x9F, 0x00, 0x00, 0x00, 0x00, 0xFC, 0xAF, 0x00, 0x00,
    0x00, 0x00, 0xFA, 0xCF, 0x00, 0x00, 0x00, 0x00, 0xF6, 0xFF, 0x02, 0x00, 0x00, 0x00, 0xF0, 0xFF,
    0x09, 0x00, 0x00, 0x00, 0x70, 0xFF, 0x5F, 0x00, 0x00, 0x00, 0x00, 0xFA, 0xFF, 0x2A, 0x00, 0x00,
    0x00, 0x70, 0xFF, 0x3F, 0x00, 0x00, 0x00, 0x00, 0x81, 0x0C, 0xFC, 0x0F, 0xFC, 0x0F, 0xFC, 0x0F,
    0xFC, 0x0F, 0xFC, 0x0F, 0xFC, 0x0F, 0xFC, 0x0F, 0xFC, 0x0F, 0xFC, 0x0F, 0xFC, 0x0F, 0xFC, 0x0F,
    0xFC, 0x0F, 0xFC, 0x0F, 0xFC, 0x0F, 0xFC, 0x0F, 0xFC, 0x0F, 0xFC, 0x0F, 0xFC, 0x0F, 0xFC, 0x0F,
    0xFC, 0x0F, 0xFC, 0x0F, 0xFC, 0x0F, 0xFC, 0x0F, 0xFC, 0x0F, 0xFC, 0x0F, 0xFC, 0x0F, 0xFC, 0x0F,
    0xFC, 0x0F, 0xFC, 0x0F, 0xFC, 0x0F, 0xFC, 0x0F, 0xFC, 0x0F, 0xD1, 0x17, 0x00, 0x00, 0x00, 0x00,
    0xF6, 0xEF, 0x05, 0x00, 0x00, 0x00, 0xB3, 0xFF, 0x7F, 0x00, 0x00, 0x00, 0x00, 0xF8, 0xFF, 0x04,
    0x00, 0x00, 0x00, 0xB0, 0xFF, 0x0D, 0x00, 0x00, 0x00, 0x40, 0xFF, 0x3F, 0x00, 0x00, 0x00, 0x00,
    0xFF, 0x7F, 0x00, 0x00, 0x00, 0x00, 0xFD, 0x9F, 0x00, 0x00, 0x00, 0x00, 0xFC, 0xAF, 0x00, 0x00,
    0x00, 0x00, 0xFC, 0xBF, 0x00, 0x00, 0x00, 0x00, 0xFC, 0xBF, 0x00, 0x00, 0x00, 0x00, 0xFC, 0xBF,
    0x00, 0x00, 0x00, 0x00, 0xFB, 0xBF, 0x00, 0x00, 0x00, 0x00, 0xFA, 0xCF, 0x00, 0x00, 0x00, 0x00,
    0xF8, 0xEF, 0x00, 0x00, 0x00, 0x00, 0xF2, 0xFF, 0x06, 0x00, 0x00, 0x00, 0x90, 0xFF, 0x7F, 0x01,
    0x00, 0x00, 0x00, 0xFA, 0xFF, 0x9F, 0x00, 0x00, 0x00, 0xC0, 0xFF, 0x9F, 0x00, 0x00, 0x10, 0xFD,
    0xFF, 0x6D, 0x00, 0x00, 0xC0, 0xFF, 0x3E, 0x00, 0x00, 0x00, 0xF3, 0xFF, 0x04, 0x00, 0x00, 0x00,
    0xF8, 0xEF, 0x00, 0x00, 0x00, 0x00, 0xFA, 0xBF, 0x00, 0x00, 0x00, 0x00, 0xFB, 0xBF, 0x00, 0x00,
    0x00, 0x00, 0xFC, 0xBF, 0x00, 0x00, 0x00, 0x00, 0xFC, 0xBF, 0x00, 0x00, 0x00, 0x00, 0xFC, 0xBF,
    0x00, 0x00, 0x00, 0x00, 0xFC, 0xAF, 0x00, 0x00, 0x00, 0x00, 0xFE, 0x9F, 0x00, 0x00, 0x00, 0x00,
    0xFF, 0x7F, 0x00, 0x00, 0x00, 0x50, 0xFF, 0x3F, 0x00, 0x00, 0x00, 0xC0, 0xFF, 0x0D, 0x00, 0x00,
    0x00, 0xF9, 0xFF, 0x04, 0x00, 0x00, 0xC3, 0xFF, 0x7F, 0x00, 0x00, 0x00, 0xF6, 0xEF, 0x05, 0x00,
    0x00, 0x00, 0xD1, 0x07, 0x00, 0x00, 0x00, 0x00, 0x00, 0x30, 0xEA, 0xEF, 0x4A, 0x00, 0x00, 0x00,
    0x00, 0x83, 0x38, 0x00, 0xF8, 0xFF, 0xFF, 0xFF, 0x1B, 0x00, 0x00, 0x00, 0xF9, 0x5F, 0x60, 0xFF,
    0xFF, 0xFF, 0xFF, 0xEF, 0x03, 0x00, 0x10, 0xFE, 0x2F, 0xE0, 0xFF, 0x3B, 0x31, 0xFB, 0xFF, 0x9F,
    0x02, 0xC3, 0xFF, 0x0C, 0xF5, 0xDF, 0x00, 0x00, 0x60, 0xFF, 0xFF, 0xFF, 0xFF, 0xFF, 0x03, 0xF7,
    0x8F, 0x00, 0x00, 0x00, 0xD2, 0xFF, 0xFF, 0xFF, 0x5F, 0x00, 0x63, 0x25, 0x00, 0x00, 0x00, 0x00,
    0xC6, 0xFF, 0xAE, 0x02, 0x00, 0x00, 0x00, 0x00, 0x00, 0x00, 0x00, 0x00, 0x00, 0x00, 0x00, 0x00,
};
const GFXglyph Roboto18Glyphs[] = {
    { 0, 0, 9, 0, 0, 0, 0 }, //  
    { 6, 27, 10, 2, 27, 81, 0 }, // !
    { 9, 9, 12, 2, 29, 45, 81 }, // "
    { 21, 27, 23, 2, 27, 297, 126 }, // #
    { 18, 36, 21, 2, 32, 324, 423 }, // $
    { 26, 27, 28, 1, 27, 351, 747 }, // %
    { 23, 27, 24, 1, 27, 324, 1098 }, // &
    { 4, 9, 7, 1, 29, 18, 1422 }, // '
    { 11, 39, 13, 2, 30, 234, 1440 }, // (
    { 11, 39, 13, 0, 30, 234, 1674 }, // )
    { 16, 16, 16, 0, 27, 128, 1908 }, // *
    { 19, 20, 22, 1, 22, 200, 2036 }, // +
    { 6, 10, 7, 0, 5, 30, 2236 }, // ,
    { 10, 3, 10, 0, 13, 15, 2266 }, // -
    { 5, 5, 10, 2, 5, 15, 2281 }, // .
    { 15, 29, 16, 0, 27, 232, 2296 }, // /
    { 18, 27, 21, 2, 27, 243, 2528 }, // 0
    { 11, 27, 21, 3, 27, 162, 2771 }, // 1
    { 19, 27, 21, 1, 27, 270, 2933 }, // 2
    { 18, 27, 21, 1, 27, 243, 3203 }, // 3
    { 21, 27, 21, 0, 27, 297, 3446 }, // 4
    { 18, 27, 21, 2, 27, 243, 3743 }, // 5
    { 18, 27, 21, 2, 27, 243, 3986 }, // 6
    { 19, 27, 21, 1, 27, 270, 4229 }, // 7
    { 18, 27, 21, 2, 27, 243, 4499 }, // 8
    { 18, 27, 21, 1, 27, 243, 4742 }, // 9
    { 5, 20, 9, 2, 20, 60, 4985 }, // :
    { 7, 25, 8, 0, 20, 100, 5045 }, // ;
    { 16, 17, 19, 1, 20, 136, 5145 }, // <
    { 17, 11, 21, 2, 18, 99, 5281 }, // =
    { 17, 17, 20, 2, 20, 153, 5380 }, // >
    { 16, 27, 18, 1, 27, 216, 5533 }, // ?
    { 32, 35, 34, 1, 27, 560, 5749 }, // @
    { 25, 27, 25, 0, 27, 351, 6309 }, // A
    { 19, 27, 24, 3, 27, 270, 6660 }, // B
    { 22, 27, 25, 2, 27, 297, 6930 }, // C
    { 20, 27, 25, 3, 27, 270, 7227 }, // D
    { 18, 27, 22, 3, 27, 243, 7497 }, // E
    { 17, 27, 21, 3, 27, 243, 7740 }, // F
    { 22, 27, 26, 2, 27, 297, 7983 }, // G
    { 21, 27, 27, 3, 27, 297, 8280 }, // H
    { 4, 27, 10, 3, 27, 54, 8577 }, // I
    { 19, 27, 21, 0, 27, 270, 8631 }, // J
    { 21, 27, 24, 3, 27, 297, 8901 }, // K
    { 17, 27, 20, 3, 27, 243, 9198 }, // L
    { 28, 27, 33, 3, 27, 378, 9441 }, // M
    { 21, 27, 27, 3, 27, 297, 9819 }, // N
    { 22, 27, 26, 2, 27, 297, 10116 }, // O
    { 20, 27, 24, 3, 27, 270, 10413 }, // P
    { 22, 32, 26, 2, 27, 352, 10683 }, // Q
    { 20, 27, 23, 3, 27, 270, 11035 }, // R
    { 21, 27, 23, 1, 27, 297, 11305 }, // S
    { 22, 27, 23, 0, 27, 297, 11602 }, // T
    { 21, 27, 25, 2, 27, 297, 11899 }, // U
    { 24, 27, 24, 0, 27, 324, 12196 }, // V
    { 32, 27, 34, 1, 27, 432, 12520 }, // W
    { 22, 27, 24, 1, 27, 297, 12952 }, // X
    { 23, 27, 23, 0, 27, 324, 13249 }, // Y
    { 21, 27, 23, 1, 27, 297, 13573 }, // Z
    { 8, 37, 10, 2, 31, 148, 13870 }, // [
    { 16, 29, 16, 0, 27, 232, 14018 }, // <backslash>
    { 8, 37, 10, 0, 31, 148, 14250 }, // ]
    { 14, 13, 16, 1, 27, 91, 14398 }, // ^
    { 18, 3, 17, 0, 0, 27, 14489 }, // _
    { 8, 5, 12, 1, 28, 20, 14516 }, // `
    { 17, 20, 21, 2, 20, 180, 14536 }, // a
    { 18, 29, 21, 2, 29, 261, 14716 }, // b
    { 18, 20, 20, 1, 20, 180, 14977 }, // c
    { 18, 29, 21, 1, 29, 261, 15157 }, // d
    { 18, 20, 20, 1, 20, 180, 15418 }, // e
    { 13, 29, 13, 1, 29, 203, 15598 }, // f
    { 18, 28, 21, 1, 20, 252, 15801 }, // g
    { 17, 29, 21, 2, 29, 261, 16053 }, // h
    { 5, 27, 9, 2, 27, 81, 16314 }, // i
    { 9, 35, 9, -2, 27, 175, 16395 }, // j
    { 18, 29, 19, 2, 29, 261, 16570 }, // k
    { 5, 29, 9, 2, 29, 87, 16831 }, // l
    { 29, 20, 33, 2, 20, 300, 16918 }, // m
    { 17, 20, 21, 2, 20, 180, 17218 }, // n
    { 19, 20, 22, 1, 20, 200, 17398 }, // o
    { 18, 28, 21, 2, 20, 252, 17598 }, // p
    { 18, 28, 22, 1, 20, 252, 17850 }, // q
    { 11, 20, 13, 2, 20, 120, 18102 }, // r
    { 17, 20, 20, 1, 20, 180, 18222 }, // s
    { 12, 25, 12, 0, 25, 150, 18402 }, // t
    { 17, 20, 21, 2, 20, 180, 18552 }, // u
    { 18, 20, 18, 0, 20, 180, 18732 }, // v
    { 28, 20, 29, 0, 20, 280, 18912 }, // w
    { 18, 20, 19, 0, 20, 180, 19192 }, // x
    { 18, 28, 18, 0, 20, 252, 19372 }, // y
    { 17, 20, 19, 1, 20, 180, 19624 }, // z
    { 12, 37, 13, 1, 30, 222, 19804 }, // {
    { 4, 32, 9, 3, 27, 64, 20026 }, // |
    { 12, 37, 13, 0, 30, 222, 20090 }, // }
    { 22, 8, 26, 2, 15, 88, 20312 }, // ~
};
const UnicodeInterval Roboto18Intervals[] = {
    { 0x20, 0x7E, 0x0 },
};
const GFXfont Roboto18 = {
    (uint8_t*)Roboto18Bitmaps,
    (GFXglyph*)Roboto18Glyphs,
    (UnicodeInterval*)Roboto18Intervals,
    1,
    0,
    49,
    40,
    -11,
};
